#,BGA Name,ID,Rating
1,Tsong Chen,94423370,2169
2,adjective-animalnum,99280522,2113
3,Propaganda Panda,94936862,2105
4,piggy slayer,99397090,2096
5,monkeydo,93896193,2081
6,sorryimlikethis,86346298,2071
7,BlanketAddict,90278947,2060
8,Wakaba Mutsumi,96569489,2056
9,extrazen,95137016,2046
10,KingLang,84667860,2039
11,Window56,94675560,2036
12,thumbean,91304283,2022
13,_Morgl_,99336083,2019
14,rudaZz,94569606,2018
15,pxdpxd,96516430,2013
16,Teh_Zealot,84017922,2010
17,electrolled,95115352,2008
18,skälding,94401618,2008
19,Lucasbiao,96656609,2007
20,GotsC,93392534,2005
21,The constant,96836394,2001
22,ceejaex,87105665,2000
23,goore,99206606,1998
24,QBert,2658233,1995
25,hardtounderstand,95740428,1995
26,SnubEnjoyer,98880953,1994
27,ykakai,98001580,1992
28,vuk246,97335860,1990
29,kanamiQ,98758840,1990
30,Emu At Dusk,99416006,1987
31,Boom Baboon,98705146,1987
32,Vios1,99396764,1986
33,duyanhcao,82653384,1985
34,Quantum Eagle,99331076,1984
35,trusting-seagull275,98175359,1982
36,Faerch,92121387,1978
37,NeighborPeterParker,97664557,1978
38,ceobo,95771863,1977
39,portgard,83927465,1977
40,SilkyTrealawson,98076232,1970
41,Chen233,89148114,1969
42,imma do a swim,99107137,1969
43,riptorius,93293963,1964
44,jackochow,96364530,1962
45,GenAaro,93702040,1961
46,Blyb,93875195,1960
47,sailfish19,99193008,1960
48,HappyCapybara065,99424571,1960
49,Viciow,96598822,1955
50,Vorima1,95186165,1955
51,demyurge,84428955,1952
52,Fifty_grosz,85665517,1950
53,Long0103,92102371,1950
54,human_light,92255273,1949
55,SimpleMuffin,98341606,1949
56,BS_,94623704,1948
57,ViciousCyclist,89020074,1947
58,Vault of Stars,99153239,1947
59,BaseSig,3936472,1946
60,TheNightMonkey,99255855,1946
61,LasagnaEater,98317590,1946
62,Evanescent,99181529,1944
63,3Dragons,95425150,1941
64,greed_is_good,98634951,1940
65,wuxuanwuyan,93308326,1939
66,AtarUltio,97419993,1938
67,rune_2002,84575319,1938
68,Pelirrojo1711,92166550,1937
69,Philo12,98915785,1936
70,sroconno,96754790,1936
71,bgtrainer,95397753,1935
72,lowexpectation,98437039,1935
73,noconstruction,98933194,1934
74,Yuno20220502,96222108,1931
75,Midashoood,96865593,1931
76,taobaixx,94756376,1930
77,mshjs,98087253,1930
78,Amaori Renako,99065017,1930
79,Khrikuli Is Robbed,97861035,1929
80,DugongEnjoyer,95424407,1929
81,cardshard,88843196,1927
82,Gunor,96919064,1925
83,ian0329,95010496,1923
84,vyr972,98823536,1923
85,hxf9762,96129948,1921
86,werfmark,46907093,1919
87,fudahuang,98077663,1919
88,mmuye,97702253,1918
89,bentudiaxue,91198519,1918
90,Annabellla,96734674,1918
91,MRCS1NG1L1NG,99169043,1917
92,gryteklut,98459851,1917
93,Te Araroa,97911385,1916
94,Jardine05,92653112,1916
95,icefacez,95424534,1916
96,Laaan,84170037,1915
97,nacl123,93041465,1915
98,parrotlover,97843327,1914
99,zaky26,95892885,1914
100,elephant542,97228214,1913
101,MyAsylum,97908787,1913
102,The Aristocrat,85027110,1913
103,SirL,87238474,1913
104,flamboyant-crow752,98793632,1913
105,SakayoriIroha,99187499,1912
106,kakaoshkin,92098712,1912
107,ice wizard,91882672,1912
108,ooltje,88803089,1912
109,wherehaveubin,99069771,1911
110,MonkeyinAround,96964879,1910
111,Leon Jing,95678978,1910
112,Andrewsmile,86610938,1910
113,saninecat,95631894,1907
114,none404,95722729,1906
115,Faiz Ali,27783769,1906
116,cheiru,98086505,1905
117,EvoIuti0n,96146124,1905
118,Hivaoa,84521096,1905
119,GeLuBiYa,98852252,1904
120,Joooooshuee,88237026,1903
121,wdmywtfwdmwdllmheihe,97367822,1903
122,Valh3ru,97328655,1902
123,wk220,98050259,1901
124,wangdaishu,96870803,1901
125,Jellomelon,98822747,1900
126,Helbiii,90097742,1899
127,Sanctuary L,92928466,1896
128,nifty-clownfish181,98798912,1895
129,MoniLiu,96396612,1894
130,kehenba,98464184,1894
131,BraveCat123,95763757,1893
132,HappyChild,96390330,1893
133,Zuzannatuba,95583970,1893
134,stanley654321,84030537,1891
135,L X N,94847916,1891
136,Window114,94851126,1891
137,Pippocampus,96607599,1889
138,Papa Emeritus V,99346607,1889
139,sirwilliam80,94739723,1888
140,brewmaster12,89599421,1888
141,DaZaiErXia,91315943,1888
142,caicaifanqieyu,97154451,1888
143,NiKo1337,99097548,1887
144,Andr1aN3,96771983,1886
145,t3734920,98282400,1886
146,Pengxiangoumian,96283195,1885
147,fangyhhh,97799419,1885
148,yuxuanguo1999,97903627,1885
149,vinny_boy,93730884,1883
150,AfricanWMPorcupine,98991421,1883
151,653862455,97498068,1883
152,Astrolog1st,98785796,1882
153,llamafia,97136100,1882
154,JasonILTG,84029887,1882
155,gmmudkip,95618342,1881
156,blessedgaming,95471737,1880
157,boardgamedude2,94420091,1880
158,JoeÜbergang,86370496,1879
159,lanshalu,96379402,1879
160,F3nRir3,95216857,1878
161,MortisVD,86303012,1877
162,general_panda,92073775,1877
163,GallifreyFall,94401949,1876
164,hughieg1230,92970688,1876
165,Christ Surprised,96227549,1876
166,Mondaycold,93198466,1875
167,Duci9,94929538,1875
168,ChrisTao_0,94535476,1875
169,Ethan-Khalid,98558007,1874
170,AliciaPees,94050239,1874
171,deeezz,97144181,1874
172,lanlanwww,96669088,1873
173,Thunder1619,88232488,1873
174,robgeibel,96133931,1872
175,wilhelmfors,89948126,1872
176,bwj059,96013334,1872
177,pinkex239,95085497,1871
178,Cats bigking,97650192,1871
179,Yohan06,91158844,1870
180,onlyone04,94593544,1870
181,kenchu198012,98305084,1870
182,Mariko2009,95769598,1869
183,Angry_SSu,93750298,1868
184,antilepton,97920102,1867
185,derekhuo,94707613,1866
186,Superjulo,92299024,1866
187,coolsunday,84864189,1866
188,PingisPongus,96566886,1866
189,emu456,97601075,1866
190,nimoac,84658502,1866
191,qfn683,97869684,1865
192,MENUTABLE,97728608,1865
193,alfinho16,95977802,1864
194,Horst der II,89786431,1864
195,chuanliu,95349251,1864
196,MaximumVelocity,91975055,1863
197,Gloriousbui,86523041,1862
198,Zesdav,95504772,1861
199,treetop70,527954,1861
200,traine3g,95459839,1861
201,esddse1,96046666,1861
202,Huawei ceo,97066121,1860
203,holy-emu,99505882,1860
204,lil froggy,85390472,1860
205,Galdor_Luelle,95975484,1860
206,adysk,84503166,1860
207,pppppdian,90883583,1860
208,itayor,93317470,1858
209,Eber65,96926419,1858
210,dl0v0lb,94984984,1858
211,randale_und_hurra,92600865,1857
212,yazavats,93165237,1857
213,affectionate-llam223,97998455,1857
214,Tawanda21,93049181,1857
215,komono_425,98016412,1857
216,tbu3k,93311473,1856
217,Yy0712,94448692,1855
218,Gordon10,96275754,1855
219,M_kk_k,93584459,1855
220,724828961,97848715,1854
221,shakers,93503297,1854
222,xiaopengyou,85072549,1854
223,HotsauceWally,84773109,1854
224,sc sc,95185167,1853
225,Rock_P,92912883,1853
226,Ilyas_aut33,93004469,1853
227,Koudee,84640241,1853
228,LaurentdeVere,99316035,1853
229,ToaoMT,85411690,1852
230,czh530,93294753,1852
231,Neil003,97601822,1851
232,CatNONO,98863864,1850
233,chenyue1221,98990496,1849
234,lidamiao,94351981,1848
235,songdeze,96566015,1848
236,Crickert,97815705,1848
237,labrosafas,93522154,1848
238,Wuyuanwuyan,98611499,1848
239,shengxiao,95453044,1848
240,withmaple,96597290,1847
241,owllyflower,98033376,1847
242,Whos Back,99073821,1846
243,bananasmoovie,97284244,1845
244,ScientistOmni,90480114,1845
245,Sigmar Gabriel,95749984,1845
246,aluckyboy,98913637,1845
247,Spitzbueb,86960516,1844
248,little_hook,99396699,1844
249,MasterHako,95150962,1843
250,PaulStupka,92100380,1843
251,slayerlol99,98142396,1843
252,ylk513,98902524,1843
253,Jmalcoba,94910817,1842
254,spitfireharry,17145465,1842
255,RobinGuk,92499328,1842
256,one_more_try_plees,95887845,1841
257,stevenlhyeung,96715015,1841
258,termis,95166299,1841
259,The cat fish,97180419,1841
260,Citrus Bear,97851149,1841
261,Pepsi_zero,90925636,1840
262,Mrqiu,84644105,1840
263,Stan2137,89587860,1840
264,FSDATFA,99415381,1840
265,Davylong,86761110,1839
266,mathbkw,97740395,1839
267,hipalmer,92971061,1838
268,yskysk1029,96685646,1838
269,yayboardgames,83894592,1838
270,Cheese - 4000,90719758,1838
271,Please_No_Injury,92259006,1838
272,Whykecoakfly,86901055,1837
273,ldqq,94433270,1837
274,Hisbe4948,89578751,1837
275,fuyc,94109191,1837
276,Beeeater,95007152,1837
277,EnGoGubbe,95490149,1837
278,cun guang,97488087,1836
279,gufeng,97595008,1836
280,n2309,94913747,1836
281,LDDDDDD,94343654,1836
282,maurice386,97343142,1835
283,AlternateMuffin,91258390,1835
284,Grahamtasia,87821022,1835
285,ncs7,97440365,1835
286,RiskyTall,84714675,1835
287,shagen,88490540,1835
288,jimmygoodman,94562096,1835
289,WooDooDoo,96315611,1834
290,clumsy fish,98691317,1834
291,AperolSpritzigAmBerg,98248882,1833
292,UsetheBrain1,99537079,1833
293,huangmincheng,95418892,1833
294,Aslight2013,99375159,1832
295,bravetiaotiao,92309466,1832
296,dzt_,88494685,1832
297,turkiel,91284324,1832
298,Sidouro,96200493,1831
299,Agentus,60242560,1831
300,ryanechternacht,86046658,1830
301,TempleLin,96103249,1829
302,KaeptnZurSee,89972532,1829
303,gnz928,98789053,1829
304,Anan1anan,94917127,1828
305,Midashood,95608713,1828
306,Agiagi,96362634,1827
307,johnny_s,98382042,1827
308,Thomas Yverdon,85524507,1826
309,nothing is true,95567452,1825
310,EPOXIDATION,93040342,1824
311,BlueSwan,84376365,1824
312,BraveChicken95,96394580,1824
313,yakku99,95727905,1824
314,Biggy bang,99197924,1823
315,MrYama,95308303,1823
316,MYGO SOYO,97443993,1822
317,Brood_Star,92703605,1822
318,windgs,98198212,1820
319,HubrisRakarth,85637820,1820
320,matthewcrumby,97981932,1820
321,kdr234,97653516,1819
322,Farm Cat,97542305,1819
323,Ares111,27669001,1819
324,saki7788,93586059,1819
325,Footloop,90899183,1818
326,McRolando,95736503,1817
327,quickskillscarlos,95690096,1817
328,Luciddream08,94532497,1817
329,whillg,96298248,1817
330,Relaxmyfkbrain,98997891,1816
331,Lichen4anke,95676183,1816
332,Althenorn,85438498,1816
333,ISENGUARD 4658,93914286,1815
334,yukixin,95940587,1815
335,knorpule3000,92483308,1815
336,eager-panda583,98147246,1814
337,urq577,98881505,1814
338,ghj77,96790954,1813
339,nathanielng,94633235,1813
340,perrylin,95602651,1813
341,Willjo22,88982662,1812
342,Emutionally Dammaged,98842366,1812
343,leaf_PKU,96409949,1812
344,EEEch0es,94773861,1812
345,IsaszeXyIlona,96209277,1811
346,peaceful-penguin844,99010151,1811
347,fp149,84186406,1811
348,mattmatt0623,96078060,1811
349,Midaaaas,96932679,1811
350,djl07,94445979,1810
351,Rease942,97802070,1810
352,xuechen159,97165882,1810
353,counter123,92330118,1809
354,egirel,97747345,1808
355,kirblcrusher,95826981,1808
356,zixak,85591727,1808
357,wedidntplaytestthis,88646608,1807
358,Chrisnizzz,86500165,1807
359,g_glamdring,74313798,1807
360,slhsxcmy,98374629,1807
361,wkccc,94929533,1806
362,Bigggggggest,94736135,1806
363,BMOv1,86633716,1806
364,gametime101,97413527,1805
365,DocW1,94643091,1805
366,Snowyowl Tale,96392781,1805
367,Haha331,96941577,1804
368,Illidanb,95477077,1804
369,Petra_J,95236088,1804
370,Blackbar Triggerfish,98325650,1804
371,quinnaylward,96999107,1804
372,Lampler,94331264,1804
373,khoinm,91418243,1803
374,shayau,85402717,1803
375,nkufzmd,98228931,1803
376,NiklenNick,96251147,1803
377,chrnzhihan2020,96316803,1803
378,Smochi,38198103,1803
379,GWGY,92184632,1803
380,2366439349,97292136,1803
381,yunge11,94315627,1803
382,stc12250715,84304883,1802
383,TheCadger,90361616,1802
384,TB19,98405376,1802
385,miaojiBOMB,96778258,1801
386,YiKi0301,94348135,1801
387,itskins,94095093,1801
388,MonkeyinAround6_9,96815284,1801
389,ved927,98881322,1801
390,Syitnw,97159318,1801
391,lamawurm,95860033,1800
392,francisxz0618,99559923,1800
393,JoonPown,94391464,1800
394,duckmammal,84017990,1800
395,StarTAT,98037086,1800
396,puzzlepuzzle,87206981,1800
397,koumpa3,98793780,1799
398,yz97,94020257,1799
399,kuneeee,96669880,1799
400,makokurea,99169525,1799
401,AvaX,84958413,1798
402,sebastian_uff,85361746,1798
403,Sasha Lefevre,84227785,1798
404,qiyana_,95370940,1798
405,fished my wish,97645154,1798
406,vinnyvamp,33156436,1797
407,jeffrey13250,94305448,1797
408,Cheetos4in1,94233740,1797
409,Michael23Jordan,96799954,1797
410,OscarLeo,92948972,1797
411,chen181,93089422,1797
412,JohannesMoth,94534737,1797
413,doitagricola,98349629,1796
414,2win9,94328850,1796
415,y695444005,85093854,1796
416,diabloli,37382141,1796
417,Gabor421,84989824,1796
418,acquittance,92425054,1796
419,themackerel,98125776,1796
420,ajlyford,92060087,1795
421,TonyBegonia,91640596,1795
422,Kyshantry,84033406,1795
423,Grianos,96788517,1795
424,HZLSSB,97803205,1795
425,Hitman 47,95535212,1795
426,AlanWaP,96739583,1795
427,N3EE,95613539,1795
428,mathdebate,94493120,1794
429,nohye68,85120095,1794
430,bbbao,88878397,1794
431,Krakatora,96160264,1794
432,CCUbigdiok,99006241,1794
433,lidamiao2,95082163,1794
434,WhatTheDice,98682835,1794
435,J-boi,87800502,1793
436,alxsmrs,96264435,1793
437,Yuyuan Grape,98240201,1793
438,BroVi,85902544,1793
439,Bunnykept,94992539,1793
440,Dagstaff,94134337,1793
441,wizardly-kangaroo15,98235069,1793
442,1oppo3,93695359,1793
443,JohnnyWin,94847523,1792
444,hwquidfwqhbcw2,85255659,1792
445,Rust_,95777023,1792
446,msinohdd,97620751,1792
447,LXYR,96155907,1792
448,stofflappen,95173563,1791
449,gaoyuan0112,97195777,1791
450,zcNeuer,94245350,1791
451,Amazon-House_FSBC,99148679,1791
452,KFCVME38,99113174,1791
453,tripledentgum,95247729,1790
454,danck,6520257,1788
455,wcy710,91694654,1788
456,gergi,85599429,1788
457,Tok Yeon Ma,95308983,1788
458,535587437,97881229,1788
459,aibi,95067277,1788
460,zc74560,89987253,1788
461,DanLisa,94827958,1787
462,Andydoorc,94492682,1787
463,Bellmaker,10295966,1787
464,xiaoss123,97754332,1787
465,Evenkar,92853680,1787
466,ACT_F,97726587,1786
467,jhuano,95591308,1786
468,cytheria1,99109424,1785
469,yuancong07,96514787,1785
470,whiskypedia,95480765,1785
471,hopjesvla93,95637767,1785
472,A fresh start,99022849,1785
473,Illu333,91544252,1785
474,pensive-woodpecke388,99274123,1785
475,Targetttt,95030461,1785
476,day001,95961187,1785
477,Phottor,96165067,1784
478,weiansaber,94512867,1784
479,cwpll2,94077991,1784
480,ahonyek,84789791,1784
481,wufengyuluo,93284227,1784
482,TEMullen,84659657,1784
483,Bijan Robinson,99215174,1784
484,PectoralisM,95546867,1783
485,tomatototo222,96689365,1783
486,Xerxes17,85541763,1783
487,mjourard,96149394,1783
488,Doburoi,84038972,1782
489,LONGJUAN200,99095070,1782
490,umegf,84727173,1782
491,barnev,31018316,1782
492,weicuiwqh,97656649,1781
493,tjh23,94970791,1781
494,Giorno Giovanna,85079888,1781
495,erikvoigt,86636563,1780
496,pmloikjuyhbn,92415080,1780
497,Kunlun_XXX,97587602,1779
498,tao123456,97607392,1779
499,shova280,94650382,1778
500,francescoshi,95200528,1778
501,axb980,96950023,1778
502,B4astmode,92737456,1778
503,Victorique De Blois,95089660,1777
504,classroom078087,97366499,1777
505,TuggerNuts,94499511,1777
506,rob10123,94320518,1777
507,chihuaihuai,98857363,1777
508,nobody814,93561127,1776
509,90091412,90091412,1776
510,Aza_one,96984075,1776
511,- Ash3s -,93840128,1776
512,SunbathingEmu,96032319,1775
513,AlexSK06,96081266,1775
514,cplo42,95116606,1775
515,justparente,94656232,1775
516,LuckyMeeble,99479294,1775
517,imllkxs,92541257,1774
518,rockmanx2021,93551947,1773
519,HarpAttack,83902038,1773
520,techietaka,96478463,1773
521,torfiss,97157634,1773
522,Boswell21,89494210,1773
523,Last Pride,94370035,1773
524,determinedcrab70,98834613,1773
525,BilletjeBil,88779278,1773
526,FCUTHU,92638686,1773
527,kamikakai,96698847,1773
528,fgffsgs,92566177,1773
529,zeynne,89206928,1773
530,B_I_T_S,97048616,1772
531,wetasdasd guo,97903665,1772
532,Mukinb,95679465,1772
533,AssassinDoDo,97645257,1772
534,Paju_,93885418,1771
535,WhyNick,97716500,1771
536,HellaciousFlame,94975385,1771
537,Nuraxxt1ao,95222006,1771
538,channelish1,95553868,1771
539,xCorey,94275041,1770
540,pom060,98625853,1770
541,Qx666,98314969,1770
542,Hoodaumic,85872815,1770
543,abhilash,85810614,1770
544,rocky hamlet,95550098,1770
545,tmkk,96613779,1769
546,407xbw,95636314,1769
547,mrtehee,91572730,1769
548,TrueCaleb,83882671,1769
549,ecstatic-eagle899,98763357,1769
550,TopTierReindeer,88288744,1768
551,mal514,99257553,1768
552,YouYu_Ye,92683390,1768
553,SShark18,97992783,1768
554,ujhns,94037448,1768
555,Milowitt,96135209,1767
556,Djugdish,89700657,1767
557,Lixdark,94711439,1767
558,colour pen,95169545,1767
559,Nemoses,90842825,1767
560,SQR_PI,94409075,1767
561,XXB-AA,98394433,1767
562,lFlowerl,84340674,1766
563,MolybdenumX,93469671,1766
564,Hebbs,91277660,1766
565,GanYu777,98479434,1766
566,sunbear55,99259252,1765
567,robH29,99416864,1765
568,lemengcun,91973620,1765
569,laurahuili923,98809872,1765
570,Animator4532,94149760,1765
571,Raisefine,88205322,1765
572,odm898,98891026,1765
573,WingspanG0D,97750747,1765
574,greysleeper,97360987,1764
575,Aegidus,84840877,1764
576,yunfeiyang90,92674329,1763
577,luminous48,92663924,1763
578,wu hen,96798497,1763
579,zqgpj,93854435,1763
580,DerTodgeweihte,98088756,1763
581,Moechtestdu,84937135,1763
582,mj256,95301670,1763
583,2223612456,96389103,1763
584,zachgarcia,94382064,1763
585,SvenBeijing,97177819,1763
586,sanyuai2,94114859,1762
587,ngtriant,88282419,1762
588,Nicolas21,84311582,1762
589,cuteg1301,92762023,1762
590,Monkeyunit,7261491,1762
591,zhuozhuoqihua,96326965,1762
592,dr_cdr,95588353,1761
593,Yorshka_02,91395491,1761
594,LOTTOO,99591098,1761
595,sleepy-chicken142,97480370,1761
596,kaldarr,85214664,1761
597,2548611481,98700238,1761
598,Mengxi0305,99420352,1761
599,SiBuXiang,97831121,1761
600,Newlife777,95179890,1760
601,jonathanlow2,87393633,1760
602,kelkoo,84424523,1760
603,jdmonn,95224489,1760
604,PUMPK1N-,97770396,1760
605,blueboat9,92440453,1759
606,1998KR2019IAN,91110025,1759
607,WhatN0w,99099792,1759
608,nikozzhw,95277568,1759
609,EagerBeaver123,99459317,1759
610,stuug,89645503,1759
611,jlui8888,93722780,1758
612,DanV546,96764977,1758
613,RANGO6626,85170006,1758
614,szddg,95203686,1758
615,paperboi03,83847533,1758
616,bjornanders,98026947,1758
617,CrazyPenguinGUAN,93563465,1757
618,KiTCC,83839920,1757
619,CGNBL,92321105,1757
620,Artichoke33,84528495,1757
621,Fengmingyu,98752383,1757
622,ShadoWindss,94811381,1757
623,sunshuren93,97834522,1757
624,SYSXD,84197450,1756
625,obvious77,99209979,1756
626,Mostrom,94827315,1756
627,eckvmartijn,95910119,1756
628,Yannick1084,95896432,1756
629,wanggt,94206331,1756
630,strangekoalaa,98757972,1756
631,teacherSan,97477840,1755
632,eaking13,93401066,1755
633,zis300,95972088,1755
634,GilgameshTheKing,95812007,1755
635,xhsbhh,95620771,1755
636,lyan4158,98882869,1755
637,Mikabuto,90038771,1755
638,Darin_0222,97663186,1755
639,B1234B,97900742,1754
640,Terry2872,96023108,1754
641,Jay1110,89491942,1754
642,facegood521,93486547,1754
643,goraewang,96930936,1754
644,x0_StarK69,84906646,1754
645,YQ-utopia,96597406,1754
646,Tge1,97759652,1753
647,Tharsis15731,94796767,1753
648,Tarrs,94786622,1753
649,1992clement,95021506,1753
650,SheepKnight,95700044,1753
651,Angry Huan,98382299,1753
652,dingga11,94068967,1752
653,sanbraind1,97302948,1752
654,jhzed,95191209,1752
655,anticapitalist97,91600656,1752
656,Escalir,94221049,1752
657,yinwen,84858201,1752
658,BlueJayy,92906079,1751
659,Camzeee,91323926,1751
660,citazn,95426807,1751
661,Beammeup87,95056415,1751
662,kakakarl,85162550,1751
663,bgk_zero,90664461,1751
664,lifetaker3000,96560884,1750
665,Akari114514,97004633,1750
666,SpencerC,88552119,1750
667,Jollyman6,85661077,1750
668,marvely,93308392,1750
669,Always_sleepyyy,99113586,1750
670,shongz,88384924,1750
671,hgergo,87754464,1750
672,chomkrengkrai,84432648,1749
673,Luigi_Ji,98220347,1749
674,tnikea,84069301,1749
675,chen-hf,99229550,1749
676,sheep420427,93897617,1748
677,lanchikiss,23377061,1748
678,NonNewtonianNarwhal,92197985,1748
679,deeeX,96681940,1748
680,RHM4,98149079,1748
681,chexmixes,91302888,1748
682,prajmus_,94159758,1748
683,Maxbot10,93924785,1748
684,skerstein,96608730,1748
685,zzw89,94376267,1747
686,Banana__Fish,95558196,1747
687,vasynyt banaani,84390251,1747
688,day_day_up,98542686,1747
689,vectorxvector,96028968,1746
690,17yanhuo,95724470,1746
691,Juume,96249124,1746
692,Ruppao,93888675,1746
693,px-run,98818799,1746
694,TinyH,88485228,1746
695,JDansp,94308984,1746
696,Maskil-,89388685,1745
697,mbamber,92172849,1745
698,charlesmartin22,98073580,1745
699,qdd QAQ,98012592,1745
700,bread_wq,92267113,1745
701,lzero137,97803024,1745
702,DoItArknova,99431304,1745
703,hoodmidas,96505175,1744
704,mathtiger2005,95487093,1744
705,OzyOsterman,84319551,1743
706,FlowwYote,94296840,1743
707,laminar_flow,96387501,1743
708,kot33,97276773,1743
709,Nikach,87877982,1743
710,EzalorX,95063524,1743
711,blueiceix,94676126,1743
712,EatBroccoli,97806847,1743
713,reverent-bat736,98151226,1743
714,Minofl,99501496,1742
715,Pawn38,83919620,1742
716,mikechike,85159195,1742
717,lightKTS,85004119,1742
718,AWu,83864699,1742
719,Mike Zulu 1,93857564,1742
720,qsyyk,96325296,1742
721,zzzz123439,95952744,1742
722,jc3635,92225434,1742
723,Nic11111112,89389346,1742
724,Forthewind,96924913,1741
725,seowy,95699058,1741
726,ACKnowledge,95958603,1741
727,TheFlyingArcher,94531650,1741
728,tmxk,93647754,1741
729,obvious99,99440928,1741
730,GiiNN,92487233,1741
731,uu535,96155330,1741
732,sssss333,87164491,1740
733,yitu1,96557743,1740
734,Airdorf,98857746,1740
735,rrosulek,94621639,1740
736,KofArk,95495345,1740
737,gh1101,95458811,1740
738,quillll,96579607,1740
739,zafy05,95897652,1740
740,Epeius,90231693,1739
741,lordafi,98383410,1739
742,gnoptar,92861765,1739
743,xing1000,93283803,1739
744,Ghostie2013,96338305,1739
745,beb222,98092890,1739
746,myfish,94720386,1739
747,realalien,92971477,1739
748,Ngel2,95114102,1739
749,jiminyCrikett,98073666,1739
750,NinjaSheep0323,92757287,1739
751,lengjie1234,95320919,1738
752,DaDaDaTou,85123309,1738
753,Shirosaki Ei,98696017,1738
754,mossf,99190341,1738
755,M a s q u e r a d e,96360250,1738
756,PP_CAT,96636156,1737
757,edwedu,97704325,1737
758,sebinou,84297635,1737
759,perceptful,96080544,1736
760,skol3m,87947672,1736
761,la-li-lu,97662381,1736
762,nifty-seahorse221,97164755,1736
763,Wolf Ren,92800174,1736
764,Triplepigs,85410533,1735
765,wdpchuichui,97370848,1735
766,anonymous_platypus,93494486,1735
767,Mihai016,87386648,1734
768,mch254,97869457,1734
769,shrubs7,88055331,1734
770,thigya,90750695,1734
771,BGfootman,97042300,1734
772,MatchaBun,98078699,1734
773,weicuiw,99162381,1734
774,VicVic1995,95673859,1734
775,JNaiQ,96482623,1733
776,Dicey Prawn,94918696,1733
777,KFCVME36,99211038,1733
778,BoboTeaa,99152727,1732
779,AdamHorton,83877945,1732
780,jarmz,86067665,1732
781,Durian Times,96067846,1732
782,kello1729,96593243,1732
783,Keke1225,99128699,1732
784,AteEverythin,96309050,1731
785,PM_Shrimp,96228065,1731
786,Leleland,95881581,1731
787,metro,19426953,1731
788,nuq043,97870922,1730
789,yayapenny,83855029,1730
790,dpy676,98933989,1730
791,meepdalizard,98085857,1730
792,Arm7n16,96355904,1730
793,WarmHeartFish,99335674,1729
794,ImbaAsuka,97641229,1729
795,mesag,85354908,1729
796,strange-duck707,98060156,1729
797,utopia15,95429084,1729
798,earlytimes123,94389569,1729
799,Arm7n,99492662,1729
800,chungypoo,95282411,1728
801,ayc837,98542846,1728
802,hogpog_98,97047863,1728
803,SamSkertzzz81,95688238,1728
804,lanoue01,94115147,1728
805,gghub,83846305,1728
806,Skurata,95562912,1728
807,Mather,84156984,1727
808,0000Milktea000,94569325,1727
809,UpperDecker,39460297,1727
810,michaelfliesplanes,96635266,1727
811,Soulless Robot,95377405,1727
812,randomronny974,92354598,1727
813,ilenenessserensng673,98608654,1727
814,hyang380,97954658,1727
815,Octavib,94929890,1726
816,rockmaomao,94396931,1726
817,pipi8976,83919399,1726
818,vpLarusso,90866739,1726
819,Boisblûche,87475813,1726
820,angel2121,84850475,1726
821,MRQultra,85124028,1726
822,tehimmortalking,94805538,1725
823,summer66,94892221,1725
824,BirdofFreedom,99374809,1725
825,jolteon_sun,95597255,1725
826,ours144,85995697,1725
827,Pig_God,96160003,1725
828,Mrparrrrr,97662944,1725
829,sleepyhamster,99158856,1725
830,tooimichi,97901556,1724
831,wyzbill123,98332313,1724
832,Roonan,95670141,1724
833,shooooooooooot,95094577,1723
834,yiweiqingyu,94859314,1723
835,esecan,94606198,1723
836,Superbowl Peafowl,93599764,1723
837,CXBCCC,92969731,1723
838,46manjuu,95286106,1723
839,bartvk1,94117069,1723
840,LoonyNo7,94266999,1723
841,ysl0310,93151535,1723
842,milk dragon,90823783,1723
843,taobai19,95586620,1723
844,gikgik123,95803129,1722
845,halili367,98844286,1722
846,cby379,96360876,1722
847,Paraplegic Otter,88638129,1722
848,waytim,68923869,1722
849,Ohrmazd,97178519,1722
850,halabalala,84073519,1722
851,doasisaynotasido,94705731,1722
852,balalama,99611174,1721
853,MysteryJack,97317728,1721
854,auxillia,98129882,1721
855,XERO1,13125563,1721
856,486mao,94197720,1721
857,whn18,97125092,1721
858,vengeaxenon,87914167,1721
859,magicfeng37,94290713,1721
860,Xoth2,92905462,1720
861,Hydromel,85587017,1720
862,myonly,97914626,1720
863,yp1244,95327691,1720
864,wrdvdd,95429044,1720
865,txy111111,95537186,1720
866,Illasos,96137892,1720
867,ZeckeNeuendorf,96796784,1720
868,s0mewhere,95467623,1720
869,kah778,96161131,1720
870,overdrinkgin,95140361,1720
871,Nocoodolf,95680752,1720
872,Homura1997,95311849,1720
873,silentcj,83889975,1720
874,Zebraherde1902,97947226,1719
875,light rain so sleepy,97545622,1719
876,tamamushiiro,97487576,1719
877,Velotrampler,96406259,1719
878,Warden_,97679902,1719
879,yves_lanuit,94761989,1719
880,thinginitself,92484258,1719
881,boardgamecafeone,92352931,1718
882,JJAppleBear,93759203,1718
883,Nushasmall,94807131,1718
884,Aluap Tsai,95130340,1718
885,FiloDePicis,89660444,1718
886,yangzu22,88083093,1718
887,bouven,97703010,1718
888,Paulie Garand,98679101,1717
889,Xlier,84192972,1717
890,AiMisteria,97380173,1717
891,roxathefoxa,98632668,1717
892,kevin5208df129494073,90680370,1717
893,leaveawhisper,84377202,1717
894,TheCloud13,90620327,1717
895,Stellere,95496754,1717
896,BDMARS,97864782,1717
897,2021ivan,89916269,1717
898,hepgev,98951752,1717
899,Sunny369,84768502,1717
900,Nedyaz98,97164540,1716
901,Swift_J,97116353,1716
902,Middag,93233762,1716
903,lianhaoyu,91091997,1716
904,tobyskov,92896423,1716
905,kerrybgg,85312674,1716
906,RelativelyUnguided,89470444,1715
907,yueyue623,97767233,1715
908,Iven31,93941785,1715
909,ChorongFan,92839083,1715
910,Blood_Stone,97320620,1714
911,cyl1,97579052,1714
912,Talisker42,95990517,1714
913,Diophantus91,95816062,1714
914,aurik,84732539,1714
915,Kemme,92849567,1714
916,1556552239,97158135,1714
917,akuvkx4vyq1a,99299378,1714
918,forist,93536913,1713
919,melkor123,96799639,1713
920,526019813,99247708,1713
921,lanis,84533556,1712
922,PookieFoster,96222616,1712
923,TemurB,96423098,1712
924,benzabill,86633776,1712
925,remilstl,94587394,1712
926,A__MuMu,98837881,1712
927,ajie1111,91727101,1711
928,Lacii91,89285386,1711
929,077cpw,97177585,1711
930,Smoo,1066561,1711
931,alanndlr,96326900,1711
932,OnlyBirds,96249741,1711
933,Grugno,8968883,1711
934,shiqing2013,98376377,1710
935,cwang27,84213420,1710
936,82-,97789428,1710
937,SpongeDon,87802691,1710
938,Rhea35,95913386,1710
939,lhuix1,94593269,1709
940,Holzmichel8,93291735,1709
941,Martus28,93519490,1709
942,MidRangeGeek,88212171,1709
943,kingofloons,85230147,1709
944,wbn534,98554846,1708
945,1ref,96271783,1708
946,brendanjthomson,16308871,1708
947,Ulfang,85388839,1708
948,jodyg,97784879,1708
949,jeejeeka,85832579,1708
950,kqo118,98793994,1708
951,KFCVME37,99158380,1708
952,magnifjc,95484042,1708
953,ppztest006,96561491,1707
954,tuotuosi,94113746,1707
955,rocklee9999,94036828,1707
956,vikiyV,94925258,1707
957,Yukino013,95554796,1707
958,sweet-clownfish,97057619,1707
959,angdavid,96091652,1707
960,AloneInTheRain,93696406,1707
961,d0c15,88715524,1707
962,Popred,83840679,1707
963,pate de lo,94901382,1707
964,F4br1c3,93679437,1707
965,sora016,95517559,1707
966,addsalt5729,98342275,1707
967,Krokofant,95690037,1706
968,tyco7,94975493,1706
969,selwyth,85072583,1706
970,jayelk,1535612,1706
971,strange radish,92879266,1706
972,crossingwalls,85536843,1706
973,233ssr,98700027,1706
974,Jukut,91596966,1706
975,Lylyal,99323647,1706
976,fengzhuzhu,97649537,1705
977,LeoTheLion,47631766,1705
978,peti920820,95586869,1705
979,woowoo01,94077674,1705
980,chenkangkang3,97444527,1705
981,darreljnz,84479654,1705
982,logiclover512,94078577,1705
983,fish124,99402106,1705
984,buldozer,85270584,1705
985,sheeo,91301439,1704
986,FleurdelysFan,97920839,1704
987,maltman,5026424,1704
988,Krovax27,84773688,1704
989,PawelJumper12,96554469,1704
990,Kanggu,94866706,1704
991,frosty-ferret954,98583067,1704
992,Abeeeeeeeeeee,94100933,1704
993,Star_Mao,84425242,1704
994,Zeffirara,93007769,1704
995,hjjmz,95658146,1704
996,chicjf5w2u,98962222,1704
997,yanyusansheng,98334121,1703
998,D-Lin,98654916,1703
999,TurboCesar,96484387,1703
1000,Time2Pretend,95790551,1703
1001,Rosanna0925,95034180,1703
1002,pattonhelman,92237877,1703
1003,nights1030,85261380,1702
1004,triangleforce,95997311,1702
1005,Kaisilton23,94762106,1702
1006,alunhuang,94187459,1702
1007,IPAMSTER,91323142,1702
1008,Zoosis,96051655,1701
1009,vvv1104,98055534,1701
1010,rothschildli2,96249551,1701
1011,lyizh,98549713,1701
1012,3182825267,98227885,1701
1013,bytr,85322625,1701
1014,vaako17,94251807,1701
1015,ArtEntre,88207269,1701
1016,Zodiac42,90843762,1701
1017,qoc967,98128343,1701
1018,Zucchini rosti,91354752,1700
1019,Teatime Tortoise,98113715,1700
1020,oddandordinary,93162814,1700
1021,ThreadPacifist,88368905,1700
1022,DreXXL,89402685,1700
1023,JoMiStXY,94365327,1700
1024,JohnnyBlaze2013,93755095,1700
1025,Eternal Plague,98432503,1700
1026,Ashakura,33643513,1700
1027,amazingkitty,91975511,1700
1028,LeeCloud,88351661,1699
1029,xxrft2021,91816776,1699
1030,kongbaolong_gua,94761147,1699
1031,R_LV,95369133,1699
1032,GeoPiglet,93802295,1699
1033,chriszhs,97115946,1699
1034,007Br,90161849,1699
1035,sareyu0753,95056599,1699
1036,zhejiushiai,95146124,1698
1037,slamsk,3314436,1698
1038,zuttoden,85578526,1698
1039,hyd351,98933891,1698
1040,Olbapiel,95518565,1698
1041,SlothInSpace,90937482,1698
1042,havdalabills,90131528,1698
1043,renren15,98860836,1698
1044,mobai2013,93832310,1698
1045,anonaddict,91267239,1698
1046,El_Hunk,90571252,1698
1047,zhushen66,96160038,1698
1048,Grand_Blue_Lore,96732187,1698
1049,thatiseric,90644530,1697
1050,GaoEy,84484843,1697
1051,oli35,72618899,1696
1052,MonkeyyyKing,98409943,1696
1053,LovelyFish,96193509,1696
1054,superiorsl,91236932,1696
1055,Tyrelanas,84219840,1696
1056,DmitriiElf,96283010,1696
1057,Lovinho,89481879,1696
1058,lonely_1sland,97366575,1696
1059,papkotruAtec,88736783,1695
1060,dreamandpoet,93495842,1695
1061,botsur,85186774,1695
1062,calvaria,84401152,1695
1063,polarxiao,95205458,1695
1064,uqz297,98798297,1695
1065,deadkev,97741606,1695
1066,Tarquinius Superbus,96841531,1695
1067,kimimumu,97371917,1695
1068,Moumou_u,97526049,1694
1069,XZXXZXXZX,95482868,1694
1070,Paul_Summerville1996,95405717,1694
1071,edo554,98241032,1694
1072,unraffled duck,97280863,1694
1073,deman13,92420655,1694
1074,RichardWest,94985359,1694
1075,idrealist,91816486,1694
1076,ziling601,97982723,1694
1077,I3lackAdder,87760772,1693
1078,sixriver1,95086205,1693
1079,NeonPixie,97291028,1693
1080,jst526,89805652,1692
1081,Vinto,86938918,1692
1082,chickenallthetime,95295341,1692
1083,T Street,93256427,1692
1084,feylitch,98752264,1692
1085,pepealas,94382995,1691
1086,PhatGimli,96982647,1691
1087,creature72,96213388,1691
1088,Anti-sunshine,94444104,1691
1089,cat_Ferine,98648722,1691
1090,Yideng,90042704,1690
1091,nengbengbear,94534456,1690
1092,ImperialStout,84339872,1690
1093,cjflash76,86513304,1690
1094,mikhandberg,98679845,1690
1095,heyitsmyturn,94538782,1690
1096,17-Tree,94952640,1690
1097,AkoCyan,98838824,1690
1098,Zulda,84387079,1690
1099,Double Blue,85403864,1690
1100,Doppelgang,98873832,1690
1101,ThrabenInspector,99354071,1689
1102,conceplaylor,98859921,1689
1103,nervous youhomin529,98758557,1689
1104,Glenstryder,95252035,1689
1105,ddubois,914385,1689
1106,BlankHand,94707078,1689
1107,hidesuwa,98922257,1689
1108,Un Duel Masters,98598564,1689
1109,wasbjorn,95587560,1688
1110,YuBaSuo,91271722,1688
1111,Ciskesa,97072609,1688
1112,ZTG13,96223379,1688
1113,mesousa22,84723106,1688
1114,Pinecone222,84341816,1688
1115,Dubsy26,84557914,1688
1116,xdxy502,96786401,1688
1117,Ausnahmezustand,93688987,1688
1118,meng813,96260153,1688
1119,kozaza,95289690,1688
1120,just9,85336437,1687
1121,Granulite,96354457,1687
1122,Loki 88,98451048,1687
1123,VanCity,84584019,1687
1124,yuan020209,97939913,1687
1125,Shin Ramyeon,84849625,1687
1126,asiagrubas,84333449,1687
1127,gwp0577,97000550,1687
1128,LorraineRC,88707360,1687
1129,emitrewolf,97373238,1687
1130,Bin16,85493807,1686
1131,YQ play,96755884,1686
1132,Gucus,89289260,1686
1133,tflet,92157222,1686
1134,Marssssssssss,94049866,1686
1135,KalecgosK,91130553,1686
1136,Dramatisch,94833584,1686
1137,justplaynosay1,93937213,1686
1138,gyzhyqw,95072941,1686
1139,SPZDestro,95147854,1686
1140,primatologist,99413674,1686
1141,HuAerr,94227716,1686
1142,wanan1991,97679017,1686
1143,jolly-rhinoceros117,99300117,1685
1144,Gucizhou,96065032,1685
1145,Byte_Force,98027448,1685
1146,Jaded_Kronos,95716162,1685
1147,Rick Muus,85760343,1685
1148,ConTroTroleR,98607401,1685
1149,Arcadium,35561541,1685
1150,ofb655,95621784,1684
1151,yangmalou123,96626231,1684
1152,a1346,84268992,1684
1153,Yeoul-ie,96719153,1684
1154,DemocracyNow,97686346,1684
1155,le_asmo,91930865,1684
1156,terrylghdolphin,98988908,1684
1157,avgjoe40,88518426,1684
1158,DamiSoldi,96903883,1683
1159,ArkLover,94358443,1683
1160,XDK96,87931704,1683
1161,f beef rice,94334051,1683
1162,Byggemandbob,94989249,1683
1163,victorioushermit,95438390,1683
1164,vasean,97562048,1683
1165,Joneyy,88803841,1683
1166,Clubb93,98737022,1683
1167,Yeteasga,90694383,1683
1168,zenkyleD,84321999,1683
1169,MagicMaettes,88434413,1683
1170,duelmaster kmr,94367166,1683
1171,cs2376jr,84148889,1683
1172,loades111,97094086,1683
1173,877349245,99014364,1682
1174,psxmd,88523917,1682
1175,QUEYANG,97728558,1682
1176,mjourardarena,98958034,1682
1177,XGHJ,97466547,1682
1178,EChao,87561182,1682
1179,hardyzhao,92147740,1682
1180,Wardener,95364900,1682
1181,vikiyvv,96218967,1682
1182,kokosoko1234,96520516,1682
1183,ultimate_frisbee,99104672,1681
1184,kico13,88570801,1681
1185,Spielemedaillon,95083894,1681
1186,Jonesinger,96522704,1681
1187,CCCChen-1,96866373,1681
1188,21ggy_stardust,95309817,1681
1189,zxnb,94215578,1680
1190,hieu1998,94037868,1680
1191,Zhou_ker,96656250,1680
1192,nirwan,86011752,1680
1193,mmjimmy,84854344,1680
1194,Alexis05,84375673,1680
1195,hollow7777,94847227,1680
1196,CafeOle52,95765557,1680
1197,Jabberwock3,84322115,1680
1198,pm2595,85487593,1680
1199,dinosil,96444359,1680
1200,ThHard,97998815,1680
1201,zhengyixianyu,95430601,1680
1202,68870070,98320879,1679
1203,BestofSNU,92976064,1679
1204,Shavenaar,94658720,1679
1205,Zloprask,95394363,1679
1206,Atopo,97146919,1679
1207,Pattern,83837106,1679
1208,BPSwagner,88858078,1679
1209,2652753929,99577144,1679
1210,Lux6556,95839725,1679
1211,Overgaard89,95636237,1679
1212,Hayatae,99250020,1679
1213,Dashing Flash,99544148,1678
1214,mushui19,96556648,1678
1215,7ukechu,98179445,1678
1216,Lyuuuuuuuu,95596686,1678
1217,sushimekabu1,97555423,1678
1218,Au_,98204011,1677
1219,Ben Field,88742130,1677
1220,Djalina,3987138,1677
1221,devgup,87939185,1677
1222,EuroCadJ,94220570,1677
1223,cammauta,84720804,1677
1224,Dr Kira,95435106,1677
1225,sleepyist,92854547,1677
1226,welikepig115,87856169,1677
1227,huntsamuel,95093778,1677
1228,cloud_turtle,85226956,1677
1229,dongdongz,93101083,1677
1230,TaoHua_Yuan,97155952,1676
1231,yellowmambas,98697889,1676
1232,dk_for_game,87743662,1676
1233,Orbitwalker,98524237,1676
1234,xky399,98711936,1676
1235,Symbol0325,97509168,1676
1236,SS-LGD,96718094,1676
1237,HappyClam73,96071015,1676
1238,VTUTUV,92358566,1676
1239,shushanyalida,95238827,1675
1240,KousukeKun,86160271,1675
1241,YourMichael,91602724,1675
1242,lupinxdt,84175245,1675
1243,todes-alf,99073048,1675
1244,Lestatm,87763288,1675
1245,FredMcFly,97785652,1675
1246,mengbidelaoshiren,94916054,1675
1247,snoopyboy,95612058,1675
1248,zxjiang,97262160,1675
1249,gegedoushirencai,95709734,1674
1250,sugarife kiriki,96717433,1674
1251,tsondger,85635584,1674
1252,giraffe_hannah,94077672,1674
1253,RickyRacc,95491363,1674
1254,guaixi,97945788,1674
1255,Igord Kanoots,88353096,1674
1256,YBreen,96561950,1674
1257,SirDragos,96002757,1674
1258,honkaistarrail,98868803,1674
1259,wasabi3104,84312007,1674
1260,BYED273,98659606,1674
1261,abc27966053,99033964,1673
1262,Burgos,85044413,1673
1263,nfd560,98933892,1673
1264,sotroublesome,96721030,1673
1265,Kludde123,98556124,1673
1266,cakepopdance,97239408,1673
1267,Scrastolo,83906954,1673
1268,Lester Burnham,92969515,1673
1269,dprise,95996437,1673
1270,xzc370,4269255,1673
1271,Holyland,86760336,1673
1272,New Zealand fur seal,97784313,1673
1273,CCU1211,97058663,1673
1274,ivanmmmmm,97696692,1672
1275,FFGGRM,85439539,1672
1276,Robyn Hood,94057549,1672
1277,SydneyDawn,95185425,1672
1278,Awesimitus,24878560,1672
1279,jinwandalaoh,95949796,1672
1280,Hakunnnnn,96580240,1672
1281,Isaacdnt,94001984,1672
1282,AsukaW,84779250,1672
1283,xrayxrayx,84424424,1672
1284,theroarin,97355952,1672
1285,Kraplok,96368111,1672
1286,linxun918,98806216,1671
1287,Malekbonnudd,90105801,1671
1288,MrWu1open,94686519,1671
1289,EFcity,94492426,1671
1290,zeitgeist0,94882704,1671
1291,dxv031,98105312,1671
1292,Fettfjes,84298491,1670
1293,shadowdancergr,95556688,1670
1294,Lucky_Yo,99170796,1670
1295,Rymor27,95151558,1670
1296,96nevaR,87358345,1670
1297,tixty6,97608746,1670
1298,yhc9527,96421428,1670
1299,heehan,89682368,1670
1300,CoolGa,96619553,1670
1301,jiangzh521,97225006,1669
1302,Mandian Zenmele,96550858,1669
1303,alphaArk,98841802,1669
1304,whoopsie123,96435796,1669
1305,Ocunpitier,97789561,1669
1306,Lzero009,98357960,1669
1307,AzzBzz,83925906,1669
1308,Hyouka0129,98706424,1669
1309,luobo_Radish,96438974,1669
1310,ReCooperative,92708622,1668
1311,Lollipoper,96924581,1668
1312,micklee705809,96598801,1668
1313,usyu,88530691,1668
1314,MOLERO,86550451,1668
1315,youio,88838351,1668
1316,yakult-,96843470,1667
1317,Joseph1198,85197151,1667
1318,Philblink,96484446,1667
1319,SlugMiao,97359229,1667
1320,pplskrutt,94624946,1667
1321,wxh575,98768803,1667
1322,sunindoor,94982532,1667
1323,keep dreaming,98880364,1666
1324,Seraphsan,92084087,1666
1325,clemente96,95840152,1666
1326,yugioh321,95114258,1666
1327,qoq603,97111361,1666
1328,8SloBlackMamba24,98035343,1666
1329,Gornal,83901621,1666
1330,HuutisMint,98645210,1666
1331,Animalfriend,95604380,1666
1332,Ttmanm,94987436,1665
1333,HassyHH,96546809,1665
1334,Jacky He,94313073,1665
1335,a220172555,97540939,1665
1336,zambonid,91211418,1665
1337,Asuet,93479963,1665
1338,Sy1veon,96276096,1665
1339,yuigahama1997,94526179,1664
1340,Very cute king,96415453,1664
1341,aweakman,96283564,1664
1342,peter-san,94509324,1664
1343,SoftChoco24,94525996,1664
1344,Allen Evans,96552690,1664
1345,CE3_1905,88845801,1664
1346,Adeyno,92354825,1664
1347,Sa-tou,91540369,1664
1348,qbntuo8cyy,99218723,1664
1349,friendly-chicken94,99114246,1664
1350,alitahh,95544465,1664
1351,hohighb2024,96987567,1663
1352,SickMaster,94340123,1663
1353,736452236,97569321,1663
1354,zuke9,92395929,1663
1355,Nana7miXING,94400971,1663
1356,Whippet11,86327878,1663
1357,Veepari,96996856,1663
1358,Terminator Thomsen,95773389,1663
1359,lee902,93094884,1663
1360,nuowei zh,97133786,1663
1361,tianshunwudi,96385115,1663
1362,Asteria11,98745673,1663
1363,tspintetris,88259733,1663
1364,n4701b,93151729,1663
1365,Bourrac,94753917,1662
1366,jpr19_bear,98838408,1662
1367,luan_,96625425,1662
1368,sad-bison100,99228540,1662
1369,RenegadeCracka,96092496,1662
1370,iceiscold,92156616,1662
1371,YURISAK,99245308,1662
1372,Hidolala,94976168,1662
1373,BoyuLBY,95613852,1662
1374,Oxmond,3103080,1662
1375,evan012,99463779,1661
1376,Ran-lv,97241298,1661
1377,Xunni,97737552,1661
1378,lipu_ding,94407840,1661
1379,NeilF1,89818176,1661
1380,ExpertOnBears,98311445,1661
1381,TheNights7,96407081,1661
1382,981137749,97830554,1660
1383,ecstatic-cow822,98758533,1660
1384,nitiandidi,96926275,1660
1385,gamez shuffler,90749143,1660
1386,SarahBearah92,85715952,1660
1387,SquirrelDoingMath,96288408,1660
1388,hazerrs,97546886,1660
1389,jiuxiangdian,97771136,1660
1390,Haohand,98533410,1659
1391,SometimesRaining,94957718,1659
1392,0melette,95560051,1659
1393,cheegg,96437125,1659
1394,FAE44,92461793,1659
1395,SunYork,89979818,1659
1396,Ondra12345,89592614,1659
1397,Dizzja,89938180,1658
1398,JustCallMeAlex,98058697,1658
1399,Mania06,87651704,1658
1400,dada623,83841975,1658
1401,Rhino Bear Run Club,97850262,1658
1402,sohan22,87852950,1658
1403,plutocratic,95823246,1658
1404,FFFFranKiee,94587537,1658
1405,Dunkel30,94077968,1658
1406,AAgtin99,95985077,1658
1407,Xorazi,93987948,1658
1408,Matt0623,92777397,1657
1409,AugustSomebody,90201062,1657
1410,TOJE,95891217,1657
1411,JontyMC,83845727,1657
1412,Frank66zhende66,95579839,1657
1413,Celebella,96139585,1657
1414,slashno1,93267101,1657
1415,wangxiaowei,96401875,1657
1416,Snafu58,93126527,1657
1417,ShangXY,96057258,1657
1418,chenran,84315570,1657
1419,joldfield1000,95032615,1657
1420,BAmbooEW,95704267,1657
1421,Supbro_Y,96834645,1657
1422,Gutgolf,94489661,1657
1423,tsj7,93976058,1656
1424,BSJZ,99484541,1656
1425,XZXX,85860036,1656
1426,TheRealKollaD,96901698,1656
1427,wwwchenxin787,97941017,1656
1428,ellinbule,94227006,1656
1429,elesil,96180847,1655
1430,stander,84599958,1655
1431,Guojiiii,96813295,1655
1432,Diminouille,96457792,1655
1433,Doppelbock8,97837049,1655
1434,nerdindisguise2,95107700,1655
1435,munpoi,96703210,1655
1436,GrandBlueLore,96735201,1655
1437,Hatesnows,94191828,1654
1438,Vegamon007,87604735,1654
1439,DevilHasHorn,98592365,1654
1440,ErYeZi,95875285,1654
1441,ACR85,86802162,1654
1442,carcassian,95756634,1654
1443,DubuSalad,92705859,1654
1444,bingzwy,95002251,1654
1445,RavenDavy,92320931,1654
1446,bulbasaurus7150,98391248,1653
1447,roamob,98564054,1653
1448,zhardo,98718801,1653
1449,jjjjjun,94956930,1653
1450,Melkyrios,94242584,1653
1451,rdh506,98769439,1653
1452,balabala-eric,99042235,1652
1453,Fif23,89389146,1652
1454,vnierste,83904387,1652
1455,donggone,92615273,1652
1456,lucid-fish383,98782702,1652
1457,smars9,98978031,1652
1458,PirateDoDo,97122962,1652
1459,1787428500,98127919,1652
1460,MysticNeb,88741099,1652
1461,Leslan,91715118,1652
1462,alonemaster00,94208179,1652
1463,Huaqianshu,96227896,1651
1464,Att9527,96298727,1651
1465,MalibuOrange,93746170,1651
1466,Dogtian0202,94806141,1651
1467,DAVID3264,97955843,1651
1468,PromiseIAN,92440452,1651
1469,feifange,96751895,1651
1470,simon winwin,96679981,1651
1471,ShakeDatDice,96415484,1651
1472,GreenDotes,98254030,1650
1473,quanquanjenny,95842793,1650
1474,infallible-sheep-man,98250544,1650
1475,blijeorc,92517937,1650
1476,1270153197,98984345,1650
1477,rautisbebetsu,95826693,1650
1478,freddi1101,93830833,1650
1479,OkapiLover,98722383,1650
1480,Cubefreak,96551470,1650
1481,CEDARYAO,95681578,1650
1482,diabetoh,97917717,1650
1483,HOGnBOSS,94496000,1650
1484,rabbitgeorge,93492999,1650
1485,Fizheuer,89199763,1650
1486,Alkene222,96051397,1650
1487,chrislimjiaan,84524876,1650
1488,tyalo,95186252,1650
1489,gamesliker,96291280,1650
1490,sdmartinca,89973996,1649
1491,mbp2592,97560612,1649
1492,humanfy,95383459,1649
1493,DimaGraefe,83877777,1649
1494,ArkNovaKing,97575687,1649
1495,RAKHIM,84374657,1649
1496,sharenmo,99110659,1649
1497,ActionAri,92411381,1649
1498,FreazyE,97140057,1649
1499,Zheng,30574650,1649
1500,ProfSupport,93935204,1649
1501,thirsty380441579,97054054,1649
1502,Bin1010,92157988,1649
1503,Jovat,92373009,1649
1504,gugul,91650076,1649
1505,brave-panda159,97763672,1648
1506,time out you die,92493564,1648
1507,ThomasPoul,96237778,1648
1508,Gadzooks-RW,94173509,1648
1509,kof2076,95615296,1647
1510,XiaoFeiLie,98907091,1647
1511,ShadowDragon92,95026422,1647
1512,demon Po Kong,94338839,1647
1513,Afroksylanthi,95154183,1647
1514,Quakecake,87266106,1647
1515,Pimmelnase67,99123887,1647
1516,PoPung,87244095,1647
1517,Incognitoh,87442869,1647
1518,HalfSquirrel,91033810,1647
1519,Carltonanytime,97477991,1647
1520,Irra_tional,94890312,1646
1521,Poetry Cloud,99530521,1646
1522,crusader-san,97783908,1646
1523,ericsabee,83873230,1646
1524,Lka1,97771476,1646
1525,lee26281,97097097,1646
1526,week1901,98542747,1646
1527,Anjou07x,94518318,1646
1528,whutqiufeng,85267995,1646
1529,yellowloveq,92396635,1646
1530,maxaha,90718942,1646
1531,mogura2525,87223224,1646
1532,cranesflyhigh,95240579,1646
1533,Alex0526,96401668,1646
1534,shansz,96902568,1646
1535,escapellar,90567989,1646
1536,GazeinGaze,97131925,1645
1537,oueryzy,95516685,1645
1538,shiq17,95893812,1645
1539,AvanNan,96812640,1645
1540,haiduk,86236054,1645
1541,JosephLawless,87345950,1645
1542,ruru52,94778750,1645
1543,PotatoPinata,97933868,1645
1544,Laudanova,94430947,1645
1545,l1kkr1t,98486163,1644
1546,objective-whale100,99484712,1644
1547,Yal1shanda,97142381,1644
1548,Sheepinc,96828938,1644
1549,Jakimero,96195777,1644
1550,usunmet,97496016,1644
1551,GallantCruise,99102917,1644
1552,WENYU0007,91542667,1644
1553,mochal,95296762,1643
1554,opcrewmember,92093462,1643
1555,East_Sea,92351079,1643
1556,Ecoresky,92894111,1643
1557,ghostdd,87939568,1643
1558,Benstar85,84944675,1643
1559,confident-clownfi750,98093789,1642
1560,pocket summer,96988028,1642
1561,andypants40,94965436,1642
1562,Corran-,95761365,1642
1563,stripy-rabbit,89962809,1642
1564,ShrimpBuger,95753538,1642
1565,StinsonOvO,98343487,1642
1566,Turtledude3333,94157812,1642
1567,Linkangel,92438556,1642
1568,Zoo Manchu,95455618,1642
1569,halailai2,97445786,1642
1570,Hq33,94804491,1642
1571,Min4kam1Yuki,98834705,1642
1572,shizu123,97522198,1641
1573,helle,89011572,1641
1574,buncheese,97049867,1641
1575,dombomb1030,96795164,1641
1576,Anubis2021,91661573,1641
1577,ho1ost,96555588,1641
1578,sa_ne_4ka,84620522,1641
1579,cyn726,98509147,1640
1580,RicardoLu,97765460,1640
1581,BenjaminXie,95105237,1640
1582,Eddos2,95345563,1640
1583,ramiaace,98783554,1640
1584,Kaijisama,85401065,1640
1585,Gleikara,96328313,1640
1586,Yavyy,97125473,1640
1587,EastBird,92972802,1640
1588,arhkit,85444403,1640
1589,Chandai15,93066644,1640
1590,Nanami7Chiaki,96926374,1640
1591,feisty-cat139,99066668,1640
1592,rRoooooc,91801048,1640
1593,XionREDshop,99610964,1639
1594,dandusz,96468637,1639
1595,Tryycks,39562274,1639
1596,Deliberate,97208723,1639
1597,yongqidon2393,98245499,1639
1598,eager-giraffe72,98469988,1639
1599,ComplexMuffin,85854492,1639
1600,sr4444,94822168,1639
1601,Kamcyk,85135796,1639
1602,AAAllen,95828140,1639
1603,yunru123,98568960,1639
1604,trippdup,95628579,1639
1605,lack,5110256,1638
1606,316001767,97745307,1638
1607,littlesadmango,98240691,1638
1608,azbhjzb,98065893,1638
1609,amazing-comic,98941029,1638
1610,BernardoMcLeod,87532838,1638
1611,BearsAndEagles,96072128,1637
1612,1253320228yhd,97387532,1637
1613,ninigigi,92195436,1637
1614,horses of horse,96596682,1637
1615,18198779708,98857819,1637
1616,rlyeh dream,90311801,1637
1617,ali-85,97549217,1637
1618,Doctor Nonagon,98043658,1637
1619,dazzling-parrot556,97562465,1637
1620,jan dc,86016907,1637
1621,kat686,97684271,1637
1622,llxllx999,94184206,1637
1623,YBbetterPAINreal,98939206,1637
1624,OfficerKrispy,86874128,1637
1625,gombakery,98592035,1636
1626,swxcy,96898515,1636
1627,chenji98,97399030,1636
1628,trapmastersixty,99564712,1636
1629,Chicobing23,97249641,1636
1630,Hanzibal,86374828,1636
1631,Fzdwy-0703,98956925,1636
1632,tetsu2,94483630,1636
1633,tiktok250119,97264634,1636
1634,Paumenn,93898902,1636
1635,superfishone,96920844,1636
1636,Incredible_indo,93879491,1636
1637,wangxiaomian2,99373305,1635
1638,interesting-guiruoya,99149352,1635
1639,OlafderSchneemann23,95220969,1635
1640,LTLLLL,90690116,1635
1641,CowsGoMooooooooooo,96035731,1635
1642,Le spectre,31086688,1635
1643,exivxiaohu,94928975,1635
1644,HOONBO,94166134,1634
1645,laosun,94396927,1634
1646,arf999,83933747,1634
1647,goakaki,96334474,1634
1648,Gestra,95022416,1634
1649,Avenger1395,92867059,1634
1650,Inxoteb,91160005,1634
1651,Sheldbarn,85239067,1634
1652,sirearth_,97356720,1634
1653,yuyu2424,93821681,1634
1654,totootoooo,95103676,1634
1655,ggiggom,88376230,1634
1656,douganjin,95158777,1634
1657,elwirfo,85528330,1634
1658,RogerRTW,95972652,1634
1659,nihility7,98784121,1634
1660,aoccoa,83866587,1633
1661,RoyceLin,84152435,1633
1662,koinegauhito,95748083,1633
1663,Kings Rook,95202550,1633
1664,krunx,87524804,1633
1665,gergosz,92726269,1633
1666,Kchalot,85627083,1633
1667,T_Rex,41714449,1632
1668,Gen Powell,96689538,1632
1669,skrhao,93978923,1632
1670,Yuanzhuzhe,95904966,1632
1671,runxiao,97053343,1632
1672,wohaowuliaoa,98927356,1632
1673,121113295,97622695,1632
1674,BESTFONDA,98669439,1632
1675,yanyulou,98788343,1632
1676,shyunju21,97225028,1631
1677,Viceroy,9491185,1631
1678,CherylMason,31245363,1631
1679,MSTstar,97478582,1631
1680,93943846,95620055,1631
1681,honglongweng,92079732,1631
1682,super limon,97361364,1631
1683,AaronLegenson,98336165,1631
1684,AdaidaiNo1,96470110,1631
1685,HeavyKladdkaka,94947404,1631
1686,azsxy,95807369,1631
1687,CL0UD CL0UD,97338849,1631
1688,talangloes,94379245,1631
1689,Poscat,95347397,1631
1690,Tebal,88880642,1631
1691,guatai321,94362339,1631
1692,zsgwcwgv,98608360,1631
1693,117032585,97123851,1630
1694,shi-nian,96436012,1630
1695,GrandDed,95584568,1630
1696,ntjingjing,92498820,1630
1697,KUNINBB,98296366,1630
1698,yuzuyuzupo,86674319,1630
1699,strawhatluffy,95213569,1630
1700,sebgege,95499382,1630
1701,asdswsxs,88983874,1630
1702,Leemzz,90596488,1630
1703,820546804,98189426,1630
1704,Demonictutor,92161752,1630
1705,AX111,96712483,1630
1706,agitated-jellyfis733,98788787,1630
1707,Lj0123456789,95842234,1629
1708,sinarmed26,97590396,1629
1709,farhanav,91407072,1629
1710,Jones1984,40409177,1629
1711,Yumihei233,97459760,1629
1712,807812659gerbil,98672219,1629
1713,HansDieGewürzgurke,92672256,1629
1714,mikarnos,96416106,1629
1715,Akirame,91226172,1629
1716,Quinlan1,95676482,1629
1717,WesleyLiu,98461480,1629
1718,wang857,87927050,1629
1719,lucid-donkey763,98733051,1629
1720,Guoguoer,98184498,1629
1721,onlyMapA,98950576,1628
1722,nice-lion736,97615424,1628
1723,wsa8246mm410,99581170,1628
1724,KWEH,92584541,1628
1725,akuai,94255226,1628
1726,escaped1,98782284,1628
1727,Blastobeer,84604161,1628
1728,Bossa_Nova,93119676,1627
1729,luckyHanzo,95348598,1627
1730,EquilinT,94160543,1627
1731,yakitorityan40,93300638,1627
1732,buckeyeguy15,95472782,1627
1733,soyeon_12,94868984,1627
1734,Teacher Mi,94307333,1627
1735,MOMOMO234234,95951442,1627
1736,problematiq,92545197,1627
1737,Ice_change,97473948,1627
1738,HydrargyrumDuke,91215768,1627
1739,jergal98,91379040,1627
1740,bl4th,93497533,1627
1741,serene-alligator570,98858598,1627
1742,yeason,94434339,1626
1743,magoplayer,94530210,1626
1744,d3rf1299,86732547,1626
1745,SteveTheOrca,87139668,1626
1746,Markus_12,90767965,1626
1747,Fizbobo,90642482,1626
1748,lazieast,97486222,1626
1749,Artisary,95036182,1626
1750,2985381599,99311119,1626
1751,Danthemanrocks,26324976,1626
1752,xysggame,96435430,1626
1753,Fiebster420,96324926,1626
1754,OrrBi,96413170,1626
1755,bgk132,95479519,1626
1756,mingzizi,86242075,1625
1757,Flo vorm Brett,90314430,1625
1758,llyxh,95684817,1625
1759,Pola Bear,86006485,1625
1760,xxsilent_strike,95789672,1625
1761,ZkZyXiaoJuan,96010307,1625
1762,Arknovaplayer,94618061,1625
1763,Phulla,35959401,1625
1764,whxin,96549955,1624
1765,chenhenry003,95112378,1624
1766,yujungx3,97083845,1624
1767,holyhunter1,97484136,1624
1768,gregory96,95529963,1624
1769,revamaxx,85732442,1624
1770,CustodioDan1,94490545,1624
1771,Tokai Teio 945,95561586,1624
1772,Cakmak,89728233,1624
1773,harut00,95821381,1623
1774,GilgameAsh,98474601,1623
1775,momo233142,97281739,1623
1776,JanaiLama,95017290,1623
1777,eluvk,96393189,1623
1778,Sry 0812,98257799,1623
1779,shadowwing0,89467531,1623
1780,Martin_Walter,94432789,1623
1781,supercoolbrianD,95731029,1623
1782,Expert In Predator,99240165,1623
1783,kruyraisud,99529727,1622
1784,Cuzoolius,98314166,1622
1785,djudjudeb,85032496,1622
1786,Clairex,94358441,1622
1787,SaMatra,21764473,1622
1788,Pomegranada,85245217,1622
1789,pimdoodkorte,98151644,1622
1790,BernadetteBagel,93252513,1622
1791,LLMMYY,96573548,1622
1792,velveleh,95024088,1622
1793,suxiaoqiao,98438227,1622
1794,TZHei,92569946,1622
1795,su594628025,97521360,1621
1796,Demostiny,92315952,1621
1797,crixalis_su,98509628,1621
1798,Niggovic,94351070,1621
1799,alunl,88393344,1621
1800,WannesVyvey,95763496,1621
1801,kalipolis,93213835,1621
1802,MYS109,94872727,1621
1803,meizhizhi,97745822,1621
1804,wanpiqiu123,91549857,1621
1805,IAMKCHINA,98352091,1620
1806,nanodesu13,88350706,1620
1807,Tokuma081,95159434,1620
1808,Macaaron,84212443,1620
1809,TomdevBE,92134536,1620
1810,Thomas Hougaard,89574035,1620
1811,riverwang,92543084,1620
1812,Benguino,92293848,1620
1813,gtattle,98144261,1620
1814,dizzyyyyy,99244200,1620
1815,Yellow_ovo,88098443,1620
1816,LLorange,95137404,1620
1817,wingspend,96468264,1619
1818,TundarStonehead,95636136,1619
1819,chouhu1,96989872,1619
1820,HLW22,85296245,1619
1821,r1hcgo,97577302,1619
1822,karnokrat,95456491,1619
1823,byoungju,85003907,1619
1824,8laoban,96024091,1619
1825,idkwdya,83904075,1619
1826,Wander_lust,96864050,1619
1827,Re_Load,91281677,1618
1828,KimOSung,92646503,1618
1829,thuanphong,91163419,1618
1830,blue097,87392016,1618
1831,Christa88888,96149752,1618
1832,Yunch123,96258150,1618
1833,MasterMystery,66074417,1618
1834,MirkoKatanic,86225342,1618
1835,SenileBear_,96935112,1618
1836,SunXiaoChuan 258,99214246,1618
1837,Vento1000,93232586,1617
1838,davidb9,84441130,1617
1839,17burger,98629078,1617
1840,NY Steezy,94471312,1617
1841,FraXiee,98392861,1617
1842,wdragonfly,98321355,1617
1843,StArvid,84569546,1617
1844,jokerkhor,95969936,1617
1845,Justine_bubai,96987640,1617
1846,Berthelsen,34368722,1617
1847,ZYG_Wei,91585433,1617
1848,nkt573,98814645,1617
1849,eang0521,89834717,1617
1850,keemap,98121278,1617
1851,FKYS,96369213,1616
1852,Atari94,91219981,1616
1853,sharp-koala953,98714632,1616
1854,lIIlIIlllI,99154885,1616
1855,jp65456,97337645,1616
1856,zuiaipaoJ,90903235,1616
1857,thesmartnik,97854916,1616
1858,ROSEALLENzwt,94453618,1616
1859,Masschy,30189720,1616
1860,Osmosmo,89591328,1616
1861,DTD Matt,91342330,1616
1862,daweifang347,98452034,1616
1863,huy070,97132652,1616
1864,Azoken,83857881,1616
1865,TheRizzzler,94301101,1616
1866,Ava7421,95272612,1616
1867,Djuhan,95798015,1616
1868,mosstao,98481051,1616
1869,Oelephant,95127754,1615
1870,vxc606,99122431,1615
1871,medlo30,97994010,1615
1872,Omalleyy,87712696,1615
1873,QZzhen,96656919,1615
1874,Legi30,92244333,1615
1875,zkfreedom,94408912,1615
1876,LangerHs,92413652,1615
1877,hidonbush,98011407,1615
1878,sepkor,91996028,1615
1879,Rekulati,95108895,1615
1880,Nostalgia999,97730871,1615
1881,Marisa_3,97313499,1615
1882,combocosmo,93614841,1614
1883,MezzoMike,97926740,1614
1884,brave-goose131,97698023,1614
1885,HarbingerIV,98201900,1614
1886,suwako_cola,96865604,1614
1887,EliCavalcante,84333610,1614
1888,1736752216,99006580,1614
1889,motimoo,95525103,1614
1890,applebeer,94028747,1614
1891,Verena99,96412085,1614
1892,svs149,95663247,1614
1893,AI_003,92856129,1614
1894,huayanxing,95265028,1614
1895,pride213,93688565,1614
1896,cyan0874,90639339,1614
1897,Vitalijus,85498916,1613
1898,2295254822,96571661,1613
1899,bearhunter996,98003026,1613
1900,juice hua,93134604,1613
1901,CHKIM1,85605679,1613
1902,Ch0co1ny,96052197,1613
1903,q1617625128,97801706,1613
1904,Quentino0,95709123,1613
1905,Moe100,91190326,1613
1906,amazing-gorilla998,98220016,1613
1907,BGlajiA,97814508,1612
1908,Pretpielman,95643655,1612
1909,yoshikuru,86162000,1612
1910,Maskshadow,96584415,1612
1911,wang xiaochuan,91574792,1612
1912,Qeqe-Racoon,97967065,1612
1913,xRicardo,97770188,1612
1914,ginger-tabby,98912280,1612
1915,snowystar,95002298,1612
1916,aszi21,88103921,1612
1917,Camarillat,99325593,1612
1918,momb00m7,94634133,1612
1919,TaburissWebster,57827867,1612
1920,Haunted_Shoebox,98032939,1612
1921,eggercox6259,98815561,1612
1922,mcknico,94661179,1612
1923,bgz544,96161121,1612
1924,sukubus88,93793813,1611
1925,k4tt,95088764,1611
1926,xfzqscdry,96735532,1611
1927,EnoraM,87571757,1611
1928,jegi,14902696,1611
1929,ZzReborn,95656596,1611
1930,akarin_,91342074,1611
1931,facelessmask,77687241,1611
1932,LargeMountain,94525511,1611
1933,haramap,95077020,1610
1934,wanghorange,88377778,1610
1935,Dolcekit,95291118,1610
1936,Abiath,95350940,1610
1937,Simon_0ne,92542635,1610
1938,stoic-seagull665,99081812,1610
1939,SaligiaAkso,96121200,1610
1940,Dwx1998,90569188,1610
1941,smoogums,93208637,1610
1942,fyz275,98991626,1610
1943,ZZM6191,96464794,1609
1944,El9noz,95519190,1609
1945,iceeed,84996817,1609
1946,Ponlun,95848309,1609
1947,xingchilalala,94962294,1609
1948,zxu1989,98321968,1609
1949,amp_troll,94299537,1609
1950,molotovcow,94687222,1609
1951,tinchoacade,97518613,1608
1952,_Freestyle_,93436169,1608
1953,bbgger,97994148,1608
1954,Mike Pokrzywa,88121904,1608
1955,carolinexlq,98480871,1608
1956,zycccccc,95632620,1608
1957,wujiWuji,96516104,1608
1958,CirezPrydz,94901630,1608
1959,wizardly-gorilla752,99212085,1608
1960,yaoshou,98217112,1608
1961,H0jun,97702634,1607
1962,Lucky_zzzZZZ,93377253,1607
1963,bxbxbx,97145138,1607
1964,trondurt,96947059,1607
1965,ZZZWF,97627027,1607
1966,chagaman,83838150,1606
1967,ezboi98,96308571,1606
1968,piomoc,94819504,1606
1969,zutomayofans,98364528,1606
1970,Billy233,85389080,1606
1971,amaama10,85207263,1606
1972,Jollyl3EAR,88725051,1606
1973,Wargraith,95584545,1606
1974,Icybone,93209560,1606
1975,zombie0518,88763599,1606
1976,half awaken,93186377,1606
1977,Hoosk,96645386,1606
1978,RicHunter,95051175,1606
1979,GoldenEagleLover12,93124616,1606
1980,links_,99410369,1606
1981,ac1809,98569355,1606
1982,hkchichi,84725270,1605
1983,Ex_on_A,96588790,1605
1984,Mercury321,95333345,1605
1985,Jacck Bauerr,85981990,1605
1986,Tyrian,28976494,1605
1987,Browserverlaufen,98354937,1605
1988,tuschba,95835490,1605
1989,ritthybaker48676,99143148,1605
1990,--blink--,94405559,1605
1991,gudao1212,97737302,1604
1992,GoranyKing,94680378,1604
1993,ModdashG,92768003,1604
1994,kimpangji,94518662,1604
1995,eason_1shen,96632445,1604
1996,Dong-Fang,93363452,1604
1997,karstbb,96449979,1604
1998,theophilos,94101427,1604
1999,229133119,98339822,1604
2000,greatwyj1,94956855,1604
2001,Ziyuanyuan,96303358,1604
2002,Quattro,84568159,1604
2003,iBod21,96748817,1603
2004,anw201018,90103115,1603
2005,kers199010,95342151,1603
2006,billchex,84878657,1603
2007,paxx075498,96195657,1603
2008,dushuhaizi,97771457,1603
2009,MartinAdler,93294875,1603
2010,optimistic-lobste625,97153217,1603
2011,beyondgame,90131208,1603
2012,demian83,33342302,1603
2013,windykey,92308160,1603
2014,-SHEN,97501602,1603
2015,HBom,89020983,1603
2016,4lgernon,99454180,1602
2017,weiweiC,85477744,1602
2018,Frozen_piaaa,98855368,1602
2019,galvnmanuel,94745017,1602
2020,Vinznx,94869209,1602
2021,evelynz489,97632447,1602
2022,yuanyuanwei,96706018,1602
2023,bodof1,95237219,1602
2024,Pips_In_Profit,97066179,1602
2025,momb00m527,97029106,1602
2026,xiaobai6,94946912,1602
2027,lijin18175708034,97328493,1602
2028,huihui11150013,94474587,1602
2029,joelzzz,96244695,1602
2030,ericlizhiyao,97236245,1601
2031,Shadowmoonwalk,89136807,1601
2032,Logabibi,97420095,1601
2033,sbk006,86580306,1601
2034,Daanotello,93882185,1601
2035,XiGua9527,96916614,1601
2036,jdog3000,87616480,1601
2037,plu197,98794011,1601
2038,FulcruM2375,95952629,1601
2039,Cow 9505,93922871,1601
2040,LaLanan,94625441,1601
2041,CJYDR,95823501,1601
2042,gua gua gua,91092202,1601
2043,nostalgic-giraffe370,98952190,1601
2044,ali20070823,96961751,1601
2045,whippersnapper,97562773,1600
2046,litiany,94950295,1600
2047,surssy,96099564,1600
2048,motyapa1,93925077,1600
2049,kkatusch,96522059,1600
2050,DatGuy1998,95131546,1600
2051,Max_chan,94911601,1600
2052,zaf106,91572429,1600
2053,Sisheen,95435988,1600
2054,WXsama,94628041,1600
2055,PotatoLord3,96940309,1600
2056,sandnfire,92079545,1600
2057,xiuyic,95057943,1600
2058,yanxi_,97770378,1600
2059,zhanx,90951086,1600
2060,ricci01br,98060154,1600
2061,Leech2023,94607409,1600
2062,log612,93538154,1600
2063,R1mission,99325647,1600
2064,eg92,84829589,1600
2065,Mitochan7,97019259,1600
2066,InsightT,96889768,1599
2067,zhubadedidi,97545006,1599
2068,mimlef,99560443,1599
2069,Rysiuvg,85715505,1599
2070,Nansouu,90849435,1599
2071,Gurugutt,93606467,1599
2072,Dnanreh95,95752683,1599
2073,jalboj,95886756,1599
2074,mdralgoner,98613557,1599
2075,muneya909,94988891,1599
2076,HobblesTummy,95309654,1599
2077,monorum,96198142,1599
2078,xxmOjo,95064883,1599
2079,ARK - Totoro,97656676,1598
2080,Baimay,97653660,1598
2081,yoz933,97455775,1598
2082,mzagrabe,97773758,1598
2083,Marck2,91122056,1598
2084,Wanna-Bee,98175610,1598
2085,grossq,92916452,1598
2086,Kebabchef42,96070163,1598
2087,aurepaul,86823643,1598
2088,HW2657,98269804,1598
2089,ResyreV,83896577,1597
2090,babouche_babouche,97243337,1597
2091,ybj0309,91903691,1597
2092,DerenskiiEvgenii,90507384,1597
2093,YetiJust,85455513,1597
2094,sshure,93088903,1597
2095,JongSeok Bae,85032190,1597
2096,patiod,99249328,1597
2097,Barkake,96107421,1597
2098,Spyderino,96810800,1597
2099,aHug2705,94402481,1597
2100,xbyy,96275316,1597
2101,LS85,17524426,1597
2102,irtranquil,30576691,1597
2103,irohabit0,99034489,1597
2104,dongdongdawang,99452945,1596
2105,giraff1,95590656,1596
2106,The Daviator,86356824,1596
2107,Arlya955,92593586,1596
2108,NgDrago,92156157,1596
2109,NoooobPlayer,93086420,1596
2110,mckoch,94126654,1595
2111,Manrick,95089440,1595
2112,ninpoyo,84795828,1595
2113,ehzl,91173009,1595
2114,Aladinskii,93700314,1595
2115,RS_knedlik,86393167,1595
2116,InstaNomadic,88413292,1595
2117,BBuRingCheesebal,91180395,1595
2118,QHZJ,98204824,1595
2119,-Elysia-,99320784,1595
2120,BarneyRubals,86787244,1595
2121,ezeeckiel,86537638,1595
2122,nxvnadia,97652294,1595
2123,lyyyyyu,89977038,1595
2124,nima1994,98649721,1595
2125,baiyi81,98823400,1595
2126,eloquents90630621,99368313,1594
2127,3092502902,98969540,1594
2128,beikeqinshou,84486675,1594
2129,Game-master-Liu,96388239,1594
2130,Mbkristiansen,95746209,1594
2131,JonnyBlazin5,86699215,1594
2132,losingreallybadly,91881120,1594
2133,heroofevil,38375601,1594
2134,xxBoceyy,96352447,1594
2135,ch68ocgj,96621388,1594
2136,jfr33zy,97314856,1593
2137,rwanly,98896407,1593
2138,Nickelas_G,99013859,1593
2139,Aristai,95065204,1593
2140,Maxtrigz,84557165,1593
2141,plzbepatient,95080857,1593
2142,Ghost8472,94119769,1593
2143,Kamisaki Hikaru,97400603,1593
2144,Steammachine,85146292,1593
2145,rikkiranger,91955175,1593
2146,Young0820,99097704,1593
2147,akaReject,93847723,1593
2148,cysnyydd,98317348,1593
2149,415180100,97053244,1592
2150,fireflies1425,97276453,1592
2151,Killvil27,94414109,1592
2152,riannel,91932005,1592
2153,just a peasant,89474426,1592
2154,AnselmJia,85214842,1592
2155,patrickwai,91266412,1592
2156,SmokinFlounder,94675357,1592
2157,tomxu1,98480062,1592
2158,qkn031,98895134,1591
2159,Earthlion,91580033,1591
2160,yuyuwan,99178533,1591
2161,dazzling_ww155843997,97506590,1591
2162,Risneyrc,94680049,1591
2163,ChefMatt4,95951538,1591
2164,Mr_Humble,98413983,1591
2165,JT_Ace,95998700,1591
2166,charlesthedog,97753714,1591
2167,Harqalada,85652434,1591
2168,confident-leopard7,98887092,1591
2169,khy239,98763404,1591
2170,Zreal,94785838,1591
2171,WindHunter3721,92209705,1590
2172,X_alter,95935953,1590
2173,Cameron Tucker,95867177,1590
2174,SMAV,95301938,1590
2175,Maharadza1008,94603801,1590
2176,HTommy,96370058,1590
2177,erlkönigin,95349776,1590
2178,dvan21,96158795,1590
2179,nds_dc,86732331,1590
2180,2022302050124,98326145,1590
2181,yzlyx,95468015,1590
2182,MrTang3stone,94687241,1590
2183,Avorax,95433760,1590
2184,13anK,90672970,1590
2185,miniPENG,91228652,1590
2186,smoothziwi,96311476,1590
2187,yucky-nante,90047894,1589
2188,LeChatRoux,89459150,1589
2189,CptGoldfish93,99172865,1589
2190,Dallu,95646213,1589
2191,whitehg,98186929,1589
2192,hnc490,97437259,1589
2193,hushwo,96138126,1589
2194,hys1213,97117212,1589
2195,trickbreaker,92103022,1589
2196,Night-dyeing,96599535,1589
2197,gtlcqkawvjeg1,99138533,1589
2198,gaokai,96722771,1588
2199,JohannV,95069929,1588
2200,ISKU11,94432912,1588
2201,Wind_05,98873936,1588
2202,pedro6789,99194793,1588
2203,santino83,83892984,1588
2204,Ailsa18,97436922,1588
2205,xiaozhuzhu1,93961149,1588
2206,squidwardhhh,94429629,1588
2207,Aleggyn,98941793,1588
2208,jjomedosa,97061601,1587
2209,ritterboehs,97249970,1587
2210,goldblingbling,99218886,1587
2211,m0n3,93901102,1587
2212,NNEEEE,96521242,1587
2213,cqapp,91097392,1587
2214,chuncheng,94385377,1587
2215,gizmocraig,86563957,1586
2216,forestowl,94331439,1586
2217,SharkNova85,93228324,1586
2218,HeirOfFire,97865241,1586
2219,Almire,84644424,1586
2220,ar12312,93933987,1586
2221,t_ja11,86318524,1586
2222,LeHunter,84979765,1586
2223,crush one,98337101,1586
2224,nl2imhhb3h,98518149,1586
2225,zyx1005,91120675,1586
2226,dodo773,97602433,1586
2227,cancel9,92752803,1586
2228,zealotcharged,84763333,1586
2229,brangbrang,93565062,1585
2230,vicroth,97738934,1585
2231,petereg,91900088,1585
2232,Eurusxxx,97637291,1585
2233,wlae,95127950,1585
2234,haneul-so,84060632,1584
2235,yuuri_riri,93887667,1584
2236,RatedFKO,84631711,1584
2237,Waggi,96896221,1584
2238,blanket manager,93728906,1584
2239,shiren157,89623481,1584
2240,Nylez85,96071274,1584
2241,xiang_0,96669679,1584
2242,Darcii,95733657,1583
2243,Expert in herbivores,99578171,1583
2244,pkq0831,96957941,1583
2245,atx7541,27396869,1583
2246,XAShadowFreedom,97095659,1583
2247,Halli_Hallooo,96122704,1583
2248,305387106,97084023,1583
2249,jeanvahisseur,86622392,1583
2250,dengshouhang,94558890,1583
2251,jppandas154,95165208,1583
2252,morphith,95937837,1583
2253,Timote24,96485982,1583
2254,RenarinFansOnly,98914358,1583
2255,ruimorgado,98652545,1582
2256,Smallcatmi,97910800,1582
2257,1010jjqqkkaa,94796494,1582
2258,Mongoose01ca,85451811,1582
2259,Myshkin90,98228721,1582
2260,nomorl,96516958,1582
2261,arnoldpower,97478764,1582
2262,misplaymaker,97759070,1582
2263,idsonDu,96154289,1582
2264,takoyakikorokoro,93221979,1582
2265,Knight of Aya,95849090,1582
2266,Mr_pmon,92080011,1582
2267,chicken_coup_detat,96829993,1582
2268,Tandrei,84611303,1582
2269,MonchoRizo,95095708,1582
2270,monkins,92972968,1581
2271,Castle_MS1,98017277,1581
2272,KIPI00,95863928,1581
2273,sweet-manatee278,97658814,1581
2274,laff-00071,97759367,1581
2275,shecon,75349551,1581
2276,tsp338,98839910,1581
2277,uil685,97473739,1581
2278,Mrcoolcool,95989888,1581
2279,fish11111,96558820,1580
2280,Elsabela,97067686,1580
2281,xushijiepupu,91961920,1580
2282,hignite,95458554,1580
2283,yunchetuo,96281150,1580
2284,yhs18544415,94072884,1580
2285,Jevi07,94800632,1580
2286,william231,83905180,1580
2287,Qingcen,96733460,1580
2288,cccs12345,84873327,1580
2289,kit0330,88536041,1580
2290,yong26,99468572,1580
2291,Docter_Fool,92179697,1580
2292,zyd1994,96473771,1580
2293,Steve_Noy,97904067,1580
2294,CuSO44ek,87629692,1580
2295,kazumama01,91732438,1580
2296,mickying,91658657,1580
2297,Bluewind0102,94309896,1580
2298,Gamingpine,90000970,1580
2299,dangerock,38770469,1579
2300,CONGW,95258487,1579
2301,exn105,96390366,1579
2302,randomness0,93505921,1579
2303,Corwin007,84493122,1579
2304,BroadSean,92708731,1579
2305,Buksy,84762717,1579
2306,SmokeSmoke5,93217014,1579
2307,BBGL,93879133,1579
2308,thewrewkcs,93190494,1578
2309,heiqiqi0822,94468175,1578
2310,xizilu,97103821,1578
2311,AaronBE85,85499118,1578
2312,0snowcrane0,94035409,1578
2313,tomtomsp,98682925,1578
2314,RentonRaider,95237627,1578
2315,polaris537,96302767,1578
2316,xianxinghai,92949419,1578
2317,Pumpds,84791061,1578
2318,Asgaut,98248963,1578
2319,Mr_Rhodes,94369216,1577
2320,nicklima24,89804289,1577
2321,17858667668,97535535,1577
2322,ytzallycat,98416673,1577
2323,doriczhou,96853802,1577
2324,miyanaga saki,97746297,1577
2325,758407667,96028165,1577
2326,amazingrobot,97816705,1577
2327,Gezort,86747835,1576
2328,Verna_,97398690,1576
2329,Vinzzzzzzz___,96479737,1576
2330,Daniel1234567890,89493343,1576
2331,Teacher_Li,95541553,1576
2332,jjddm25,91003873,1576
2333,vincents1994,92683795,1576
2334,ly3472,95574012,1576
2335,Viscontinental,96235814,1576
2336,TinyFAS,92316292,1576
2337,Stormamma1337,95996481,1576
2338,chuan123312,97622813,1575
2339,Kyuuka Setsuna,95195176,1575
2340,Stoic-Sloth,97194516,1575
2341,jfbus,94841914,1575
2342,Sand_,98734971,1575
2343,xielun,98775472,1575
2344,LYD0012,98624218,1575
2345,Hmmya,84469731,1575
2346,loafycattofu,99369364,1575
2347,tadafuyu,98840877,1575
2348,PrincessRuth,88690841,1574
2349,salfaa,98192564,1574
2350,Herbert142857,97747677,1574
2351,burner,86663408,1574
2352,Sicario9527,92350084,1574
2353,zyc96zxy,99057246,1574
2354,657417037,97090321,1573
2355,Maximiliaan,85499611,1573
2356,rastko,83923321,1573
2357,Kimbum,85118908,1573
2358,milkandholywater,97399627,1573
2359,Vincent Koh,95507488,1573
2360,ppky000,97581593,1573
2361,marca64,87483373,1573
2362,zkc306,98542848,1573
2363,GoshdarnBF,83825995,1573
2364,czupbpejj5f,98684212,1573
2365,ksheppard23,95279508,1572
2366,gohongohon,2005114,1572
2367,Alcanic,97207791,1572
2368,toufu-time,94500605,1572
2369,xyhjustme,96765725,1572
2370,HCche,85024475,1571
2371,ultradespairius,99419207,1571
2372,huaishi_9597,91707515,1571
2373,Dempseywang311,99012768,1571
2374,M3ggo,99264975,1571
2375,mohei0,98153727,1571
2376,Davchi,88766637,1571
2377,MB812,85902347,1571
2378,sheeon,90648118,1571
2379,Mamba23,85554306,1570
2380,Fish one,92334636,1570
2381,BluntestGlobe39,91746241,1570
2382,Jams39,88241667,1570
2383,rcollegari,85872988,1570
2384,Fabian154,89030427,1570
2385,Brombergius,94255406,1570
2386,Dymension,84563034,1569
2387,Hixsept,94285897,1569
2388,Oxazepam,89414228,1569
2389,AemonCZ,97666796,1569
2390,Katyusha and Pikachu,95454579,1569
2391,sharonSS,95828792,1569
2392,happyge,91600993,1569
2393,tracycomes,98495471,1569
2394,realitybytes52,87191062,1569
2395,fantyz,92922795,1568
2396,wwtaiqfj,95654253,1568
2397,joshmo65,84130489,1568
2398,honghuanjiang,98882299,1568
2399,Merchinator,91861982,1568
2400,Lin_lindaa,97771078,1568
2401,zaoshui081,91592721,1568
2402,pedro677,88833745,1568
2403,Brojin96,99182105,1568
2404,Gh0stdragon,84974310,1568
2405,a136399658,97208540,1568
2406,WilloSdaddy,98046583,1568
2407,Jefferso,99058890,1567
2408,helpme-,97983704,1567
2409,allredx2,94444918,1567
2410,ADCa milk,95677943,1567
2411,Jinyao2333,98116195,1567
2412,Paul F,84375276,1567
2413,yunong01,95995824,1567
2414,Lucky-boy,97920687,1567
2415,mmmmmeeeeeppppo,96987104,1567
2416,dujssd,96242034,1567
2417,trippinbalz,96853385,1567
2418,pozsgaipeter93,98309396,1567
2419,Ark Nova Builder,94360475,1567
2420,Geneeyow,83896388,1567
2421,claysnow,98178978,1566
2422,Chupparito,96295011,1566
2423,haikesi,99193799,1566
2424,khanlee,97782935,1566
2425,danimalk6,95177231,1566
2426,953586438,97842107,1566
2427,Emil90,94854600,1565
2428,pipizza,95484089,1565
2429,xvt808,97559826,1565
2430,KOTOBUKI_TSUMUGI,95191324,1565
2431,Psch8,96369415,1565
2432,crazydanejones,95087493,1565
2433,Pitufitoo,86871207,1565
2434,TC-tang,96190831,1565
2435,TreeFan,93469768,1565
2436,whalexxl,98105381,1564
2437,pjzfcjm,84186722,1564
2438,Gabriel_Alister,3999186,1564
2439,liaz37,98159727,1564
2440,mojiang-xiaoxin,96249479,1564
2441,HyperJammy,98889628,1563
2442,Daole,93289415,1563
2443,KaijuYeager,95010957,1563
2444,Cylara,87601556,1563
2445,Mutaling4wins,98120470,1563
2446,paramaan6,95328408,1563
2447,swardman,98132727,1563
2448,Ananwenwen,97178023,1562
2449,MapleKenD,95996922,1562
2450,SIGChief,91171376,1562
2451,shengbro,85753961,1562
2452,smoothduck15,84725614,1562
2453,Immopp,84530029,1562
2454,vikkeer,97068945,1562
2455,IwillDraw,96984317,1562
2456,HokieBrian,88404991,1561
2457,Poruchik,83888026,1561
2458,Kai Der Grosse 42,92429835,1561
2459,Bertrand_,85531270,1561
2460,bluesleona1224,83996279,1561
2461,HeavyLobster2001,96445913,1561
2462,Kain123,95573808,1561
2463,ravelstein,98272374,1560
2464,qiuqiu66,97477827,1560
2465,Gluzman,95700436,1560
2466,dasPaani,85514783,1560
2467,smarts24,95538715,1560
2468,MichuToJaChyba,88929743,1560
2469,Wylaryzel,84287320,1560
2470,klmgaaa,98277795,1560
2471,Moonstone999,95085604,1560
2472,baycpt,94595194,1560
2473,Coolfanjack,95035064,1560
2474,Suzu_XIII,97741231,1560
2475,saouldure,89319747,1560
2476,LordOfThePotato,99275071,1560
2477,u_u o_o,95974025,1559
2478,slayer202,99234924,1559
2479,xingkongchaoren,94977477,1559
2480,ponkicho,93709482,1559
2481,J A Frederick,95056203,1559
2482,toraratora0704,96742109,1559
2483,374714001,93218098,1559
2484,hardco,88198489,1559
2485,gojmih,98148156,1558
2486,Theerathatja,92624266,1558
2487,TraditionalCrimes,96585117,1558
2488,silver33,92619284,1558
2489,gg237q5,96850802,1558
2490,FancyNancyPepcy,94085203,1558
2491,Savke,87301732,1558
2492,Carasama,95039054,1558
2493,vinny172vinny172,41224105,1558
2494,ravenpeter,94532715,1558
2495,justamjd,95826739,1557
2496,ElJefe81,95447587,1557
2497,Vigfus,84018978,1557
2498,hiro17,84618025,1557
2499,GehLordT,96448129,1557
2500,Frande,99308270,1557
2501,qlz326,97335858,1557
2502,Lularge,92413986,1557
2503,xifeng,97915026,1557
2504,tpig,86372262,1557
2505,Emmanuel321,96880210,1556
2506,jodash,94328424,1556
2507,RM147,90890083,1556
2508,markhall10647,99072347,1556
2509,slsmith,96118560,1556
2510,AgentSmith09,96040853,1556
2511,Hanley-luo,95117088,1556
2512,Bamhurger,86071563,1556
2513,Qilian mountains,94542866,1556
2514,simityethel,98555700,1556
2515,o0zhangt0o,97451520,1555
2516,bjy161,95488618,1555
2517,lucky88poker,97064035,1555
2518,NicoEscabo,95236314,1555
2519,BushyyDoc,98872149,1555
2520,mmanch,95299209,1555
2521,tubipa,85167493,1555
2522,JDrrrr,95829194,1555
2523,Szabooolcs,94757954,1555
2524,vibrant-goose,97120101,1554
2525,910JQKA,91827947,1554
2526,newssss,97929911,1554
2527,innovation813,96664691,1554
2528,Time machine 1991,96983350,1554
2529,bigbadgoosey,95520577,1554
2530,qianbowen178,99240890,1554
2531,really Kyson,92724925,1554
2532,ToastyMarshmallow,84443040,1554
2533,842100855,97857900,1554
2534,Bearded_Cuddler,93787235,1554
2535,dreamzxr,98654904,1553
2536,Fan83,94684236,1553
2537,chaoji,28815332,1553
2538,Boomer007,96099245,1553
2539,ioesa,95041562,1553
2540,Abenteurer 86,89640771,1553
2541,wddmm,97166650,1553
2542,Crazybo,96011113,1553
2543,PierreLGL,94304672,1553
2544,Mira Bella,98546383,1553
2545,12270110,89644742,1553
2546,pcf312,98769261,1553
2547,unponder,93987321,1552
2548,Fooooooox,97201851,1552
2549,Calonso8,85129506,1552
2550,cheesedoughnuts,97125090,1552
2551,rezett,85447129,1552
2552,Roobid,85429639,1551
2553,fire and ash,93918294,1551
2554,gregorythepigeon,96804723,1551
2555,clq1,98649592,1551
2556,Shelter9527,91224035,1551
2557,marisalice,95944899,1551
2558,mOCHU035,85193609,1550
2559,Sakura13495,96717109,1550
2560,bhunio,98178725,1550
2561,adoring-gerbil428,99120029,1550
2562,wwwwwwooo,97662185,1550
2563,micng066,94659393,1550
2564,ahe8,97161621,1550
2565,zhucc123hf,97759500,1550
2566,jackkj,95975209,1550
2567,laowuke,96958459,1550
2568,evil7683,97460074,1549
2569,leonschmolling2,98064736,1549
2570,qianyeluofei1125,96282749,1549
2571,bobek86,14082138,1549
2572,The Bag Inn,95247425,1549
2573,jun73669,85459301,1549
2574,Christian Hohmann,94357097,1549
2575,Krokmew,92113014,1549
2576,dayfla,90753401,1548
2577,qingyang_,98380631,1548
2578,lyfgsjaignpjsadkcw,99509557,1548
2579,MirkoMirkoMirko,88348816,1548
2580,tyv394,97253988,1548
2581,yafeiji,92650950,1548
2582,pangbai2b,90905311,1548
2583,buk601,97990134,1548
2584,woisdk,95599849,1547
2585,cliuuilc,90891752,1547
2586,asagi107,83986555,1547
2587,mcboyes,84460077,1547
2588,leogamer122,89040693,1547
2589,DanyDuckman,93293582,1547
2590,Il_Paninaro,85282119,1547
2591,awesome,85265995,1547
2592,Tarish,96590513,1546
2593,jack21407,14953804,1546
2594,lucid-giraffe254,99102785,1546
2595,Latroiv,94701258,1546
2596,js844,97613621,1546
2597,sleepy11,99187192,1546
2598,sisyphus-42,98286984,1546
2599,Baihechou,99374976,1546
2600,17773155643,97369605,1546
2601,madams42,97987456,1546
2602,mihudajiebao,95506831,1546
2603,Dinosaurinlabor,60651678,1546
2604,bluefreez13,95582748,1545
2605,TOEYKUBB,96863249,1545
2606,PandaStride,97552671,1545
2607,k4k3s,96559112,1545
2608,Zsgergoe920607,95847800,1545
2609,D0ughnut,95560252,1545
2610,GeertNL,88519740,1545
2611,Chongqing chonging,96004783,1545
2612,efc948,98427988,1545
2613,uys613,98741091,1545
2614,yanhuayishi,94930870,1545
2615,cxyou,96903626,1545
2616,Wak4,98284894,1545
2617,hzliujun12345,96321238,1545
2618,476363086,96944331,1544
2619,peeverson24,94533337,1544
2620,ray_,95272182,1544
2621,HeeroChris,97261202,1544
2622,gbxqeyemjaoopes,99000303,1544
2623,swolpoll,90330864,1543
2624,thoams,84173338,1543
2625,frx123,98705069,1543
2626,woodenbox,92893596,1543
2627,ndot6,97902841,1543
2628,jmdrexler,98006450,1543
2629,Jayray,86613266,1543
2630,Smart Winner,94607102,1543
2631,HaskyFDU,90651844,1543
2632,Bennea,84642847,1543
2633,Sacrifar,84832745,1543
2634,uex206,98813496,1543
2635,pensive-panda862,99096214,1543
2636,184290480,98682652,1542
2637,infallible-tiger198,98497158,1542
2638,jbbrick55,93298788,1542
2639,tuoas,84169556,1542
2640,donkeyearshoo,96706649,1542
2641,OKTarg,93266133,1542
2642,wecarealot,85732341,1542
2643,Aaberg87,94407141,1542
2644,TorinBlack81,99175375,1542
2645,houzi0209,84396877,1542
2646,ctree_4113,97772480,1542
2647,wqzjf,94618191,1542
2648,ssr_eth,96983514,1542
2649,peaceful-dolphin751,98541652,1542
2650,yuchen4444,96801794,1542
2651,54321048bigi,98683799,1541
2652,_cult_,97022256,1541
2653,Fresh84,95776120,1541
2654,eliseu88,42511972,1541
2655,AnteB,95118064,1541
2656,XxLöfflerxX,96388672,1541
2657,Null0306,95174581,1541
2658,Febyo,85467962,1541
2659,BalloonFirm,86563408,1541
2660,CatweazleBG,94422376,1541
2661,llllll_v,97506055,1541
2662,752257324_LQJ,99086866,1541
2663,HanzyEZ,97241388,1541
2664,Nicolexx33,93966554,1541
2665,HououinOrange,94354619,1541
2666,xfgcgv,99267039,1541
2667,Groovenstein,92746874,1540
2668,adkotrla,96068015,1540
2669,slyrei,94410656,1540
2670,ptzhk,89212666,1540
2671,Constellati0n,91625401,1540
2672,wifi-bieka-zyq,97829664,1540
2673,competent_xiao_ralph,97842164,1540
2674,brendanm,12322052,1540
2675,zalarg,29674631,1540
2676,BraveDaddy,95250853,1540
2677,yezi777,97521197,1540
2678,RLrobot,91372060,1539
2679,Sylvia_Enid,91746113,1539
2680,da0220,97555834,1539
2681,rockenwind84,97505934,1539
2682,Shelly13,85258151,1539
2683,FloZ_7,96442864,1539
2684,NahThatAintIt,98398547,1539
2685,FlyingDeep,83942832,1539
2686,star0824,94235898,1539
2687,Laofin,91720730,1539
2688,Dadyny,94183948,1539
2689,Yarina-Z,97041109,1539
2690,SpearsMartinTroy,94207052,1539
2691,UFOCM,92329644,1539
2692,Boostel,96476792,1539
2693,814607668zebra,97776744,1538
2694,yanzw4,97546377,1538
2695,TurkeyTacos,92305503,1538
2696,lv3curtiss,84335732,1538
2697,tttomleung,84240656,1538
2698,strollingstar,86761954,1538
2699,Spirit of Summer,98029061,1538
2700,DwayneFa,92203661,1538
2701,PrestageHolmes,94489766,1537
2702,guangzhao621,97554522,1537
2703,bastieH,96527370,1537
2704,zerel21,91441444,1537
2705,Xiao93,89107474,1537
2706,xiaoyupwww,95440477,1537
2707,Mic_thu,95649831,1537
2708,uql874,97307419,1537
2709,Sumatra Tiger King,97232421,1537
2710,Mrjojae,85144397,1537
2711,crazooo,96010232,1537
2712,maxczz11,96334890,1536
2713,badnetwork,96287208,1536
2714,diaplekomenoc21,99043137,1536
2715,NerveEnding,84218982,1536
2716,aNuBiS_4,96040118,1536
2717,amadeux,83927021,1536
2718,bopoqod,93020486,1536
2719,yarkoh,88332952,1536
2720,tofu13579,92254888,1536
2721,Winnie1001,84315744,1536
2722,DEFCON5,97594003,1536
2723,wonderfullibra,99252923,1535
2724,bakalaka,98157260,1535
2725,ASDFasdf,92076098,1535
2726,qkn626,97473695,1535
2727,Anuna8,94603579,1535
2728,NecroPaly,96440589,1535
2729,reidbusiness421,97924357,1535
2730,Vova_Korobka,23324802,1535
2731,HikariMM,93727168,1535
2732,XiaoHaii,94445018,1535
2733,847982543,97262822,1535
2734,squaretree,88578988,1534
2735,Chairman_Marv,87840567,1534
2736,Djemba_Djemba,94348756,1534
2737,7king,96361021,1534
2738,rhythnick,98353422,1534
2739,tqy2101,95377504,1534
2740,Ofria,98882301,1534
2741,IzZI127,85256255,1533
2742,arkalex,95683273,1533
2743,Knight_BJ,94522659,1533
2744,NeverSaidAWord,94122943,1533
2745,timel84,99571178,1533
2746,Thibautv,85983213,1533
2747,MPouf,96764903,1533
2748,leafleafovo,96087072,1533
2749,Szentes Richard,93921018,1533
2750,The Kuan,96319642,1533
2751,moore,75874858,1533
2752,foringy,94535089,1533
2753,Troy Spears,97187793,1532
2754,Tatertoteatalot,95529184,1532
2755,dragonfly007,95401617,1532
2756,hru150,95879720,1532
2757,Nabalt1,91986124,1532
2758,Warglive,92977065,1532
2759,NJUnameless,89919767,1532
2760,Shanna2023,94695684,1532
2761,voy797,98837910,1532
2762,Viscum coloratum,94536272,1532
2763,Taratafus,85443243,1532
2764,checkyu,95093226,1532
2765,gzj5661,98042527,1531
2766,shizhao211,99038719,1531
2767,slobodanbobo26,98869804,1531
2768,cz2368275224,99341689,1531
2769,xiao shao,98267089,1531
2770,xsxd001,91407453,1531
2771,timilon,95490866,1531
2772,liuqytjueducn,96240021,1531
2773,AvaDDon,85779908,1531
2774,zfs27,97775021,1531
2775,kampfrabe,84700901,1531
2776,manee135,94480877,1531
2777,heg964,97677068,1531
2778,urk632,97196011,1531
2779,yongsungnim,95225733,1531
2780,Secret Ga,91655846,1531
2781,Cpt_Pingu,95589715,1531
2782,drzzzzz,96398936,1530
2783,Membochka,94073594,1530
2784,430105squirre,99158060,1530
2785,Jonuique,96097655,1530
2786,keflak,98551713,1530
2787,handsomeDudu,96257147,1530
2788,jp51,94189673,1530
2789,peaceful-falcon798,98901009,1530
2790,yubaibai-77,97802571,1530
2791,ftwzam2sv,99024206,1529
2792,Haetr,97920810,1529
2793,SMARFFFFFF,98752308,1529
2794,pddk1,93170253,1529
2795,board8989889,96111153,1529
2796,ElDonDoc,96984734,1529
2797,Aain_,96849880,1529
2798,XUDASH,98051798,1529
2799,Flinky1,93149448,1529
2800,lujian520000,94308336,1529
2801,ganjarlander,95574571,1528
2802,Jafar86,67615949,1528
2803,fireflys,95240074,1528
2804,Boomshanka247,97217297,1528
2805,OvOol,96959137,1528
2806,Lauta,92904261,1528
2807,Urb_Allycat,93062001,1528
2808,KyleCoyle,89240078,1527
2809,Zannh,84306809,1527
2810,Blc95,96028870,1527
2811,jacklisifeng,96365355,1527
2812,ronniezl123,94287444,1527
2813,Zanefan,97235689,1527
2814,TETSU88,92184852,1526
2815,LetsHaveFun82,96307285,1526
2816,glup sheitto,96520173,1526
2817,BluAnt0612,94718370,1526
2818,Dominicliyixi,95565125,1526
2819,YYLC,98047420,1526
2820,drppttoott,95458722,1525
2821,supermaorios,96800340,1525
2822,BigGreenMelon,94472463,1525
2823,ARKnovaa,96054963,1525
2824,lets_do_this,99083086,1525
2825,MalyFarciarz,12490809,1525
2826,dinokat,89095716,1525
2827,leech2024,96531582,1525
2828,AnzeA,95690171,1524
2829,Haibara_ai,94544363,1524
2830,ukii0811,95544589,1524
2831,CidEx1994,95513487,1524
2832,Joker0429,94911326,1524
2833,DarkNumenorean,84339866,1524
2834,popof26,87368112,1524
2835,hungry-elephant-,98397527,1524
2836,mangocheesee,91857135,1523
2837,LeaPear,96111217,1523
2838,Worldstone,89772404,1523
2839,Xenologio,96346163,1523
2840,Buliano,94610946,1523
2841,thisisadad,83862882,1523
2842,Sajuroo,96676845,1523
2843,crazyfrenchy08,3891046,1523
2844,GiraudWu,95608174,1523
2845,Berlyan,95370603,1522
2846,lilzuke,87981121,1522
2847,Coinflipr,87508291,1522
2848,Deadfsih,98299529,1522
2849,aefhiogaming,97753396,1522
2850,dawonav336,97024291,1522
2851,cheeky35,84578471,1522
2852,Big N Strong BaBy,98278364,1522
2853,xll5,92983120,1522
2854,Stanzo,84985757,1522
2855,Mensa King,95215527,1522
2856,JerBu,85835357,1521
2857,ljxngift,30612112,1521
2858,CAN drink water,94945675,1521
2859,ufozgg,96624495,1521
2860,Isametric,87971621,1521
2861,choifah,94102744,1521
2862,Countercurrent fish,96196158,1521
2863,Raphe22,95580809,1520
2864,MottyPT,95167653,1520
2865,hopeful-horse619,99612252,1520
2866,Kenneth S,88716591,1520
2867,GeekGirlGrace,94565170,1520
2868,K_Bear,97804997,1520
2869,LordOffTarturus,87884082,1520
2870,kmarch82,97835982,1520
2871,dobreczasy,97352806,1520
2872,U5712000,94763606,1520
2873,polyjoerg,95101633,1520
2874,WNYwny123,92427923,1520
2875,Arashikage,84087437,1520
2876,sharkaaa99,96627041,1520
2877,17737989781,98945999,1520
2878,408340908,97631244,1519
2879,psobbfan,92669040,1519
2880,Minaulta,95085986,1519
2881,luminouslore19,97789210,1519
2882,Yong17Lin,98431786,1519
2883,liuning,95361544,1519
2884,Galiquany,84203186,1519
2885,lha123com,30652433,1519
2886,Aliandro,96372888,1519
2887,LCerr,95887137,1519
2888,UnoIsTooHeavy,92974741,1518
2889,rinse99,93713716,1518
2890,rokaz9,96512461,1518
2891,toastduck,98052955,1518
2892,capisickomode,96973679,1518
2893,phlying,94488927,1517
2894,lulululudi,95041138,1517
2895,Malsu7,91225607,1517
2896,Jas1024567,96054077,1517
2897,EAGLE619,97596306,1517
2898,huc289,97190307,1517
2899,reborn8787,95298213,1516
2900,cskpt,97815135,1516
2901,atnino,97180083,1516
2902,EJ_____,97829048,1516
2903,947762988,97044452,1516
2904,limfx88,94691631,1516
2905,Gabrieles Zinn,90554772,1516
2906,sun-lelouch,97370310,1516
2907,Magiclogan44,86914519,1515
2908,9gin,85364199,1515
2909,Steengroeve,85593536,1515
2910,Galnar,85915778,1515
2911,beginner-film,99457602,1515
2912,WazaBigAnimal,99101034,1515
2913,shizhishuangmou,95418772,1514
2914,sanyuejuliang,97116256,1514
2915,runetraeholt,89376980,1514
2916,cysrabbit,90032150,1514
2917,EiskalterRegen90,95648915,1514
2918,Swheinix,97027999,1514
2919,tank0201,83905681,1514
2920,kurohailo,94101510,1514
2921,nostalgic-sheep890,98888776,1514
2922,vldkm,96162472,1514
2923,whitebearrrd,94736090,1514
2924,James1109,96674284,1514
2925,secret lamp,99276699,1513
2926,Rudimentor,94664889,1513
2927,FranHV,92080274,1513
2928,Danpeppy,98665264,1513
2929,PauloZ18,89728080,1513
2930,Kamaza,93005840,1513
2931,Springzzz,97946840,1513
2932,falc1HUNter,97931115,1513
2933,Chyfdu,98763604,1512
2934,jordis,85229407,1512
2935,JeSuisMatt,89366854,1512
2936,Pilouf74,92144320,1512
2937,KasuganoKinne-Re,97553041,1512
2938,Cajun Viking,95415980,1512
2939,wouter106,98232902,1512
2940,zzybest,97856834,1512
2941,mongsik25,94712252,1512
2942,rwew385,98417594,1512
2943,Jalum,87821396,1512
2944,vok683,98763459,1512
2945,pitousa,98561626,1512
2946,Bevanslaw,85700291,1512
2947,stillwater_bg,96055184,1511
2948,B0llehenk,87437016,1511
2949,banan,92489292,1511
2950,cheval_raye,85578828,1511
2951,AstraWave,98093537,1511
2952,TrickNic89,94912236,1511
2953,HoHaen,92933875,1510
2954,Tothemoon05,94515425,1510
2955,wudi,93345348,1510
2956,Boborockt,94364013,1510
2957,KillaaMax,98124068,1510
2958,ComboBell,95154806,1510
2959,Kaleb S,89216826,1510
2960,rookie boardg,97017558,1510
2961,sollywhy,94855765,1510
2962,lazyWombat,91110787,1509
2963,hushang66,98554964,1509
2964,zx925067879,95899544,1509
2965,mardawson792,98384686,1509
2966,Miisha77,93942476,1509
2967,axeworrior,84787722,1509
2968,bizarbus,95498202,1509
2969,OliBoardGamer,89365992,1509
2970,protect route,97032683,1509
2971,Skyrios2657,87251226,1509
2972,Nocilo,96340845,1509
2973,Selky Rose,98005356,1508
2974,star0420,95759036,1508
2975,kjeltgoutbeek,99460550,1508
2976,Louis5151,92187781,1508
2977,NielsTvdB,95777329,1508
2978,dreckslucker89,94504164,1508
2979,helloworlddddd,97848595,1508
2980,DurdleGerg,86875937,1508
2981,cj4JC,96696050,1507
2982,Linneberger,98855165,1507
2983,Gunbiiiin,97837550,1507
2984,ab960083,95103687,1507
2985,Brangus,1456582,1507
2986,Stylefruit,94895837,1507
2987,Vinho25,88437158,1507
2988,xd is best,95054488,1507
2989,Harventhel,96836433,1506
2990,Jason Wang xu,92902236,1506
2991,Leafly,84349711,1506
2992,HOLYquacaMOLY,97006424,1506
2993,aluxorvin,84392942,1506
2994,tatakaitatakai114514,98488722,1505
2995,Valea1,85978484,1505
2996,luizforlani,37124210,1505
2997,dadahao,91029806,1505
2998,svenSolingwn,93165330,1505
2999,chris778898,95463214,1505
3000,saltandvinnychipies,95591364,1505
3001,chisa_fan,98161375,1505
3002,ChioneWinterfury,90593489,1505
3003,castelano_samp,93063380,1504
3004,Rendadur,96852941,1504
3005,POrOlA,93142107,1504
3006,Bruno Lap,88813503,1504
3007,TTTiger54,92563226,1504
3008,TXC Surprise,95349252,1504
3009,RamuneGuy,88955129,1504
3010,WinCentCompany,98352761,1504
3011,mersav,99041188,1504
3012,StevenWang1356,92511025,1504
3013,-VIV-,98305368,1503
3014,FisherERROR,96934139,1503
3015,maomao zzzZZZ,94826552,1503
3016,hunyady_vegyes,94664510,1503
3017,HOJAYE54,90698160,1503
3018,wahaha913sky,94893379,1502
3019,hbid123,94688112,1502
3020,Skier70,96043106,1502
3021,jacky9,84555599,1502
3022,TheDoktar,91987211,1502
3023,Pinco94,85450849,1501
3024,cavalent2,96085488,1501
3025,uexpmebk,97107862,1501
3026,TheLegoPadawan,95341532,1501
3027,LeonardKrass,92091146,1501
3028,funnytruck,96664246,1501
3029,IzaSledja,94264560,1501
3030,Stormpp,96024723,1501
3031,xiao xiao,99193998,1500
3032,Joe Steele,94330942,1500
3033,cndota,95668708,1500
3034,SPikeStaAr,94406053,1500
3035,seth2311,84345517,1500
3036,yugimotos,98955680,1500
3037,Nasher1976,84803594,1500
3038,lavoia,97992984,1499
3039,Tiamat21,98023174,1499
3040,Don Worry B Happy,95507248,1499
3041,azcats2002,43599321,1499
3042,Jecoluce,94865522,1499
3043,FKorsvik,94538001,1499
3044,Slevix,84636650,1499
3045,CrvenaFronta,94640210,1499
3046,fthuning1,89079774,1499
3047,infallible-dog623,98432215,1499
3048,gudwns603,95429918,1499
3049,t3trinetet,86580688,1499
3050,frankg_212,94635069,1498
3051,socoldwood,94838994,1498
3052,Vivian8210,84799166,1498
3053,jiaoyancoke,97641240,1498
3054,BioMAN,83990746,1498
3055,JimmyGyq,92631216,1498
3056,Piierluck,96434977,1498
3057,1alicez1,96178631,1498
3058,inadF,97236993,1498
3059,horarp,85027484,1498
3060,hozzi,95081552,1498
3061,1789579480,99187794,1498
3062,schwame,86116771,1497
3063,euq115,96719552,1497
3064,biar,88332745,1497
3065,HORIZONPIU,92405936,1497
3066,psippola,89716747,1497
3067,godblack,85266212,1496
3068,kind 1524490286,98082572,1496
3069,everythingbagel73,96624970,1496
3070,Le Gabier,25130471,1496
3071,huaan33,98221079,1496
3072,Bencoudon,95358559,1496
3073,salemome,41160,1496
3074,Monsieur Véneuf,98151817,1495
3075,Elsiecd,94700635,1495
3076,McMax80,99194825,1495
3077,RivaIIs,95160327,1495
3078,LegendofEric,98335026,1494
3079,kazusanosuke0823,91111767,1494
3080,TerrorCrew,95795630,1494
3081,warieyemii,95939896,1494
3082,Bogweasel,16722063,1494
3083,jinxiaozi114,98630723,1494
3084,faulie,96231566,1494
3085,chenchenAA,99147268,1493
3086,BabyK0414,98584055,1493
3087,J_hou,92750668,1493
3088,smuikq,94667304,1493
3089,priceless-horse251,98497455,1493
3090,MiaoMM,98424564,1493
3091,poseidonskid925,95591231,1493
3092,oldfanold,96636150,1493
3093,PRETTYMONA,96893604,1493
3094,33Sw33n3y,93976562,1492
3095,AutComeSerendipity,98410089,1492
3096,jreisler,92258102,1492
3097,NDIrishGuy99,95213175,1492
3098,rin yu tao,93086752,1492
3099,romance900,94254384,1492
3100,Arthur Jeannot,85095229,1492
3101,TanmieZel,95391693,1492
3102,Larisa-03,95492671,1491
3103,Dumplingbear,95788302,1491
3104,Sunshine UU,97693115,1491
3105,Hugo De Michet,93079884,1491
3106,DJ_Borj,95511538,1491
3107,Ramonsterchen,87623428,1491
3108,yelowang,98081999,1491
3109,happy-oldman,98331859,1491
3110,ASAP828282,94538373,1490
3111,AADAMIEC,94890144,1490
3112,citytimes,95544494,1490
3113,jakhollmann,86138009,1490
3114,Henke79,88830068,1489
3115,WoYaoYanPai1122,99293481,1489
3116,Latsyrc129,89461192,1489
3117,Nhson,85104186,1489
3118,ZAAKSAN1999,93021055,1489
3119,Itegal,93472274,1488
3120,unzo727,96687448,1488
3121,chenlin1218,97715212,1488
3122,KarnumSalgidor,87275661,1488
3123,Xiaohao1234,98283779,1488
3124,Joel Sandström,90070148,1487
3125,NNMilan,95873106,1487
3126,837711354,97743210,1487
3127,ZennyCy,84356128,1487
3128,pagyew,89796518,1487
3129,litchi060710224,96729494,1486
3130,yangdan,90019590,1486
3131,CurtainMaek,96590257,1486
3132,MikePrada,93616593,1486
3133,accorter,92182601,1486
3134,nybb,84779259,1486
3135,gamergirl1994,94572698,1486
3136,YY114514,92326858,1485
3137,gmoneyt1me,94323200,1485
3138,x0717,99052259,1485
3139,Shira_In_Box,84833402,1485
3140,ArmeriaOfficial,98100115,1485
3141,DACATKING,91808333,1485
3142,dylyg,96350159,1485
3143,hunterundo,94261898,1484
3144,dimdoomm,87630706,1484
3145,CarterDZ,94467672,1484
3146,Marke Kamke,96060960,1484
3147,HHUDujiatao,98625009,1483
3148,dsd1701,99406931,1483
3149,DameDeTrefle,93835912,1483
3150,CptJackman,86732603,1483
3151,SmurfBois,98027540,1483
3152,dndtester,91550757,1482
3153,talentdeficit,94626374,1482
3154,girlyrobot,95061572,1482
3155,TjorbenB,94045995,1482
3156,kabo_summer,87615766,1482
3157,flyingmuskrat,86237008,1481
3158,chouderen,97819446,1481
3159,L28731143,5342018,1481
3160,pajdo119,96010624,1481
3161,Tiitom,87438641,1481
3162,infozzzzyw,98257740,1481
3163,richgoldpizza,94767284,1480
3164,MartoTom,84953013,1480
3165,dudel26,94639087,1480
3166,ssssssszyyyy,91863459,1480
3167,Nihihi,86441861,1480
3168,ArkadiiP,97550838,1480
3169,Pexxagon,95156866,1479
3170,ccczy,95832141,1479
3171,Tenebrane,84311487,1479
3172,gfizdek,84581673,1479
3173,Sealseal,85073848,1479
3174,okashiiyo,84027967,1479
3175,WZY1647,96504594,1479
3176,calisolo,99329483,1479
3177,Fiery peppercorns,98196365,1478
3178,JSutr,95943604,1478
3179,ddrew5441,93804323,1478
3180,Boeno,87838962,1478
3181,Griff1n,97838669,1478
3182,CHENJIANHAO6,96505475,1478
3183,lynhhy,97202314,1477
3184,Kat5318,93532478,1477
3185,ku0n0,92568046,1477
3186,william80609296,96990532,1477
3187,iriszzzz,97263329,1477
3188,xyzphone,95549424,1477
3189,lingyipyipyip,98295391,1477
3190,philippsath9309,98711731,1476
3191,Birmingham Winery,96076752,1476
3192,WLnova,96281222,1476
3193,Luzzzzo,88756540,1476
3194,shutzy,92223791,1476
3195,JIJINFrank,97950452,1476
3196,SuperJi,96160824,1475
3197,bluelok,88858438,1475
3198,Gleb166,95201804,1475
3199,CocoPetitSinge,93492964,1475
3200,superCMR,96612132,1475
3201,Muynarz,96220309,1474
3202,ershu,96223139,1474
3203,delirious_kakapo,99210581,1474
3204,DanielCamposR,94907986,1474
3205,Mr_salto,98098491,1474
3206,foger,94618576,1474
3207,flow23,88474424,1474
3208,JQ93,97666771,1473
3209,SuperRich,93735987,1473
3210,nlshelton,1177876,1473
3211,LoopingLuii,94953699,1472
3212,greathaakonnehring95,97619113,1472
3213,da_Ruke,97841364,1472
3214,manaslu,96902469,1472
3215,KindIsPunk,98163589,1472
3216,needCnserive,94707272,1472
3217,beovam,98303977,1472
3218,909122992,97143697,1472
3219,Niclson,91396112,1471
3220,drake0802,96974673,1471
3221,MatChan7212,83959906,1471
3222,SebHau,93904856,1470
3223,MoesesBM,94506581,1470
3224,twotwo_0222,97663291,1470
3225,MottenJott,97954623,1470
3226,Friiky,85529238,1470
3227,darki3,84793613,1470
3228,Aldebaaram,95770350,1470
3229,PilouPaquis,95837682,1469
3230,elated-wolf270,98575826,1469
3231,puizeru,91412542,1469
3232,Looperdooper12,98960493,1469
3233,StrikeFreedomXA,97109383,1469
3234,ArHiMeDMIPT,94817261,1469
3235,Valdebum,95422739,1469
3236,Temza7,94391883,1469
3237,ZHY_yy,97317703,1469
3238,RoublardChenapan,85591979,1468
3239,kaibail,96902432,1468
3240,Ajuiii,95426186,1468
3241,StarAndLamp,91666960,1468
3242,formaly,94391969,1467
3243,cat tree,93325369,1467
3244,wawuhahahaha,98945564,1467
3245,Diana Sianodel,86126963,1466
3246,Tongtong2021,90274680,1466
3247,xnu,85218294,1465
3248,migu89,94367436,1465
3249,knapicrllr,83980891,1465
3250,ahafreshmeet1,95195207,1465
3251,Bragoldal,89647965,1465
3252,daniyuni,95511906,1465
3253,BORIGGORIDARIMEORI,97364297,1464
3254,lddbddam,94988802,1464
3255,seol_lot,97893822,1464
3256,ddddx04,93196095,1464
3257,stefpenny,84889581,1463
3258,Cocopug,91605331,1463
3259,MilkyK,95501945,1463
3260,ylang824,95753189,1463
3261,Kingho,38270161,1463
3262,RomeDubbs,96363014,1462
3263,hydralisk_896,95119136,1462
3264,produce_guy,85854809,1462
3265,madsovich,95112503,1462
3266,April1,97443003,1462
3267,acggirl,97902599,1462
3268,TaicangPengyuyan,92180304,1461
3269,Mangogoo,97867921,1461
3270,DannyT,78208993,1461
3271,ZzoldlerzZ,92420360,1460
3272,Saunanissen,89622746,1460
3273,wdx19972010,98381319,1459
3274,AaaaaaaaRrTtttt,94682844,1459
3275,EmEv33,98586617,1459
3276,thetiger08,94266888,1459
3277,Koming,83957409,1458
3278,jimbojimjim,94240387,1458
3279,7bc9rs,99040099,1458
3280,nelsonbuchanan,38565372,1458
3281,astrotrudy,94369205,1457
3282,beibeikiss,95802008,1457
3283,A9da9m,94963615,1457
3284,kajajaki,92776393,1457
3285,Schizofranz,85837660,1457
3286,pasulas8915,97674766,1457
3287,jaeman park,93577539,1456
3288,lukmalin,98826425,1456
3289,maxgosse,86207997,1456
3290,CUROSAKI ICHGO,97531448,1456
3291,Tessie_Of_Winters,98925514,1456
3292,Elvisko,92255531,1455
3293,Usopp,1607022,1455
3294,ButterflyIntheOven,92461868,1455
3295,LawSilver,95723478,1455
3296,mrbcrox,95645485,1454
3297,Ocaludof,94345279,1453
3298,msnman25,97582273,1452
3299,Barrrrrrry,90694361,1452
3300,daiki0527,95833007,1451
3301,fusefusefuse,99148330,1451
3302,ironted,85406044,1451
3303,jimmy_naoki,94752615,1451
3304,wizardly-kangaroo978,99440879,1450
3305,DirtydDd,99373607,1450
3306,BlueSteel,35702251,1450
3307,Tamedknee,87871231,1450
3308,MeMesuki,97256890,1450
3309,eloquent-fish122,97825079,1449
3310,453492595,98228170,1449
3311,emute,84207486,1449
3312,fvo650,98508502,1449
3313,bukaxiaobai,99415128,1448
3314,Treasure chenxi,95689188,1448
3315,Omelet_NAaT,87914743,1448
3316,inte,84278765,1448
3317,xiaobizaizhi,96436671,1448
3318,ambush_raspberries,98883510,1448
3319,W1shM3Luck,98167868,1448
3320,Shett,95787956,1448
3321,inside_number_9,97393789,1447
3322,NicoNico_8,95644779,1447
3323,Bestest04,95762833,1447
3324,fiatfever,93070391,1447
3325,karpoozer_gorilla,97064206,1447
3326,Revan206,86172086,1447
3327,chikunla,91412937,1447
3328,zhen_w,94475257,1446
3329,Fanta1999,83983702,1446
3330,sua135,98625802,1446
3331,cbrugqj5oomdpp,98924483,1445
3332,Meltapo,95793107,1445
3333,Yutena,95270640,1445
3334,lidawuqiong,92538705,1445
3335,Tsiac,95590347,1445
3336,Krazy_Koala,97421107,1444
3337,Denis966,98068579,1444
3338,rshanks57,98150382,1443
3339,Lameew,99406281,1443
3340,urnotwrong,96183543,1443
3341,d3g0r,98180201,1443
3342,Zclzy,95000912,1443
3343,SantiHM23,86182289,1442
3344,khesha,94698623,1442
3345,jbg442,96341046,1442
3346,KHun71,90330735,1442
3347,4399MM,98011549,1442
3348,ChefY,97591380,1442
3349,divvet,93803785,1442
3350,zuggzugg1,95931435,1441
3351,tanaka705,90759909,1441
3352,jknyc,89749375,1441
3353,saldiasmiguel8,97044303,1441
3354,baozizak,97492404,1441
3355,Shhmanduh,88386282,1440
3356,uppel,96898807,1440
3357,Mr_Beano,98061418,1440
3358,shogi_neko,90981707,1439
3359,quirky-flamingo602,99114249,1439
3360,MorphlingK,94986942,1439
3361,Devotion,84018089,1439
3362,G0dOfTheCloud,95624024,1438
3363,Amor_NaNa,97677342,1438
3364,linshouteng,95362084,1437
3365,fake_jd_fan,98386773,1437
3366,Lgtmvlnc,94444347,1437
3367,qkn791,97365737,1437
3368,yuyu654,95446810,1437
3369,Donus,3044936,1436
3370,ClimbingOtter,98489875,1436
3371,Anci2013,12852219,1436
3372,Logyra,95986686,1436
3373,mkw63,93765863,1436
3374,nan,84740779,1435
3375,pekin1130,92644365,1435
3376,SbabbaroX,85460172,1435
3377,SleepwalkeRvK,85397503,1434
3378,Rozqobets2,94354988,1434
3379,WarriorPaco,96673873,1434
3380,CoolGeom,88207868,1434
3381,lululululucy,94501259,1434
3382,Moo81,90584211,1434
3383,polza711,88013203,1433
3384,stingy14,95072352,1433
3385,LINKFAN,97267576,1433
3386,kahnyoudiggit,89995009,1433
3387,502849625,97885411,1432
3388,florentleopard,97766690,1432
3389,pedrillogdl,93256403,1432
3390,kim_mccub,98529635,1432
3391,andreseco,98652542,1432
3392,MATCHmeIFyouCAN,98695519,1432
3393,Meng Shang,94108197,1431
3394,yangyishen21,97170473,1431
3395,matouminou,97035307,1431
3396,GroovtasticB,93337252,1430
3397,wariokart,95800882,1430
3398,kantavith,97114806,1430
3399,Kronsteen97,95508613,1430
3400,bewared,95105870,1429
3401,FedeFede90,95482452,1429
3402,linchen_,99071216,1429
3403,Violet_ei,98373802,1429
3404,s384102104,97674656,1429
3405,SGo23,87309025,1428
3406,Disarli,91780249,1428
3407,9140,92483108,1428
3408,trexchard,96230166,1428
3409,borja68,88915223,1428
3410,boardgamedak,99318926,1428
3411,Aglarel,1219528,1428
3412,gebsiu,98140075,1428
3413,TheTevis,95547143,1427
3414,nondead,94337858,1427
3415,Tsunachev,96990979,1427
3416,happy_dog,99035721,1427
3417,ohkub,94768339,1426
3418,Sönke1189,90705908,1426
3419,leonling,95991232,1425
3420,plrbr,98051582,1425
3421,baby1123,94489379,1425
3422,964071668sparrow,97914335,1424
3423,gonzoalfonzo,94800353,1424
3424,moiya,94433155,1424
3425,Valendir,85191308,1424
3426,nknak20,96495521,1423
3427,chopai_rj,97532164,1423
3428,0oZKingo0,94478355,1423
3429,WarEagle53,94400489,1423
3430,AngY999,98704042,1423
3431,MrMaymay,94734537,1422
3432,angry1bunny,98682820,1422
3433,lovesunshinee,89975565,1422
3434,MatheusBra2il,97115168,1422
3435,adhocmenagerie,94476035,1422
3436,ThorgrimThunder,83907724,1421
3437,SeppoKepponen,95104087,1421
3438,WhatAkraken,90451716,1420
3439,DiverJana,98783763,1420
3440,Rojaz,85220751,1420
3441,RaLaR,88018921,1418
3442,frischesVeltins,93024653,1418
3443,pahs-cat,94380029,1418
3444,zzzxcv,98778373,1417
3445,ShunShun48,93749515,1417
3446,Galahadian,84973110,1417
3447,Etienne Tomba,98353469,1416
3448,jetetue1,93083321,1416
3449,Poon_2026,99103062,1416
3450,Miledy,85173910,1416
3451,goobriel,98898824,1415
3452,Biberbacke,94798983,1415
3453,LeonObs,94586759,1415
3454,boihand,98344193,1415
3455,Pandevmonium,83844308,1415
3456,kira0083,88176061,1414
3457,boardgamesmue,93909596,1413
3458,DH76,88929861,1413
3459,1010189800elephant,99178193,1412
3460,linkman37,97579646,1412
3461,Tommy Edman,85203664,1412
3462,QllQ,95047217,1412
3463,shawn_ywy,98263732,1412
3464,jhong72,95943728,1411
3465,barachnide,84040783,1410
3466,IreneX66,95613692,1409
3467,legozu,92398683,1408
3468,Cindy1228,99364422,1408
3469,RalpHog,93633593,1407
3470,Toutoune44,96759991,1407
3471,Orange,1140293,1407
3472,CHENZOUZOU,96105545,1407
3473,aec29,95188932,1405
3474,Grumpy_gaby,89678504,1405
3475,escathlete,98008001,1405
3476,zq2927,99276180,1404
3477,makasi1978,92354310,1404
3478,PontusQM,91997048,1403
3479,MrSophokles,94919312,1402
3480,Polavski,93117249,1402
3481,oli360,97104405,1402
3482,kinhokong,89978449,1402
3483,gym_bob,88029466,1401
3484,_______POISON_______,98510942,1401
3485,DavidBadalona,63441048,1400
3486,m4irintadenise303,98521845,1400
3487,Buzzillion,96303221,1400
3488,Drinternet,93417303,1400
3489,suo2001,96731154,1399
3490,diudiu123,96751910,1398
3491,wzw244,98451393,1398
3492,Tine1802,95115048,1398
3493,haoyunlai94,95534825,1397
3494,Aka9527,97130600,1397
3495,KG Ice,87855660,1396
3496,midar76,90290349,1396
3497,peaceful-eagle281,99352431,1396
3498,ameliazx,94411690,1395
3499,297115150,97762452,1395
3500,mangomadman,94798731,1394
3501,Abraham_BAF_25,97899239,1394
3502,duck yong,94165707,1394
3503,Zichang,95429320,1394
3504,jasonberrier2024,97273373,1394
3505,suny03ua,88616973,1394
3506,shladonkus,95548668,1393
3507,davidlohovren,97172479,1393
3508,JaradWinter1990,94037143,1393
3509,StevoidNZ,85855652,1392
3510,5zurdady,98328700,1392
3511,echezeaux_noir,91578991,1392
3512,Xocas,91402033,1392
3513,hidezm,94156514,1392
3514,red123456lt,94482876,1390
3515,Ulski86,91748713,1390
3516,TIANXIAO,97865527,1390
3517,LP041,94330943,1389
3518,KlopsKlops,87930126,1389
3519,Strange-Loops,95533566,1389
3520,hecrec,97751473,1389
3521,Polo1828,98348627,1387
3522,Donpaus,85104678,1387
3523,FBPMOTTI,85174393,1387
3524,Dragoonwildfire,95462968,1387
3525,bunnyjuice,84080571,1386
3526,d0beye,96222111,1386
3527,dajacra,73980203,1385
3528,Hijokwa06,95814581,1384
3529,zerolux,95599778,1384
3530,Pa3k27,91402757,1383
3531,konish1,90652671,1383
3532,dearever11,97679952,1383
3533,adgeyDApagey,95085438,1383
3534,Badgamer10,97839801,1383
3535,Dominionator92,86814225,1383
3536,cuberner,86668551,1383
3537,kennychiu916,90347493,1383
3538,unorderedmap,91056246,1382
3539,huihui-dawang,97652942,1381
3540,RhinoBro,95619157,1381
3541,LOVE JIEJIE,97692012,1381
3542,zlxr001,92325601,1381
3543,jess_i_ca,93749251,1380
3544,duchesse,60185620,1379
3545,sushi97,97840761,1379
3546,LalaWalker,91312421,1379
3547,capybara_ninja,98035054,1378
3548,boboLG,99029518,1378
3549,Menduin,86915399,1378
3550,weisnayan01,94719444,1377
3551,Sidamos131,85330580,1375
3552,Kaffeefilter,94648397,1374
3553,Quetzalkev,83954895,1374
3554,akunamatat,97267512,1374
3555,_yujin_an,98145535,1374
3556,MidnightMist,92346002,1374
3557,guiwie,97745596,1374
3558,luowei930410,96012773,1373
3559,Lorindion,93340346,1373
3560,asalasfdez23,98466258,1372
3561,DrewWilliams9,91062393,1371
3562,s redhat,83948108,1371
3563,cjschinn,86792443,1370
3564,Stas the Bird,99079213,1369
3565,FrankTiar900,95340344,1368
3566,Cuzquena,92483387,1366
3567,bobish33,2781842,1366
3568,instantdead,98969067,1366
3569,supermarioover,98269989,1363
3570,stuffedrobot,87440024,1363
3571,ludomancien,84428471,1361
3572,woohyuk,85048029,1360
3573,TheMeepleArt,85716725,1360
3574,gBerggeit,85577605,1360
3575,Claude826,93699352,1359
3576,ian3ters,94651959,1358
3577,denisnathanael26,97210978,1358
3578,yw_jobby,88942101,1357
3579,hyc_gamer,96874554,1356
3580,musti1012,98697431,1356
3581,amnesiacDog,91975490,1356
3582,coha97042,92741626,1355
3583,sarahgal15,94829573,1355
3584,Gilgameshzero,92478873,1355
3585,BlumeJune,96525700,1354
3586,samallgrey,95141509,1353
3587,wldns775,97959416,1353
3588,nooks,87880290,1353
3589,Fully,13214358,1353
3590,heingaichoy,99332650,1353
3591,Gedutis,85180490,1352
3592,Guodong-,93058981,1352
3593,arsss85,84791912,1351
3594,emirinsuki,92902496,1350
3595,swordholder,95686144,1349
3596,bebgui,91511523,1347
3597,mitch42,94990325,1345
3598,tyf549,98611551,1344
3599,woolarar923,99390727,1342
3600,PolarBear1997,98939712,1340
3601,Hochdahler,87052463,1339
3602,AJCIII,95943391,1339
3603,chupanebrae,94942529,1338
3604,fayss38,93685321,1334
3605,willianmonta73,95422061,1334
3606,willou76,94346000,1332
3607,Dreyfuss12,89098500,1331
3608,Osc4444r,94841496,1331
3609,shmilytyz,96417368,1331
3610,RJamro15,91298998,1329
3611,TheBigBerge,98714313,1329
3612,AngelGG93,94673649,1324
3613,lanzhou321,94340231,1324
3614,XDragoner,96535476,1322
3615,kerel021,95566419,1320
3616,bgemor,85055253,1318
3617,TheoChase,97762462,1318
3618,Nikita001,95417872,1317
3619,CheeseInSpace,84199812,1316
3620,AWOW08,95143280,1316
3621,javamil,96293612,1314
3622,gireeshss,96002876,1313
3623,Yoloswaggee,87277272,1313
3624,adrii_no,96261084,1310
3625,melpomenni,95326469,1310
3626,dodojunk,94478133,1307
3627,Kugelblitz,95179881,1307
3628,Merystel,94625308,1306
3629,DummerSchimpanse,95485383,1306
3630,BEX9,86029596,1304
3631,PaxAgatha,97730071,1302
3632,gaga0409,97670504,1301
3633,blanala,94682800,1299
3634,vittttt,89054733,1294
3635,Huang_Boyi,88973523,1288
3636,PsychoDr,99144843,1287
3637,daFool,1971504,1286
3638,iliiliili99,94442145,1284
3639,na_san7,91621135,1284
3640,412277191,99140798,1282
3641,Martin_Fu,85116586,1279
3642,Sint Hnin,93389838,1276
3643,13940121387,97989011,1260
3644,Alexia507,91247520,1257
3645,incabulas,93134204,1254
3646,CATastrophe003,96183314,1244
3647,ben zh,98991100,1243
3648,tjr_y,86210115,1231
3649,Lurvetull,92485451,1226