#,BGA Name,ID,Rating
1,trusting-seagull275,98175359,2190
2,duyanhcao,82653384,2143
3,Helbiii,90097742,2135
4,electrolled,95115352,2087
5,Propaganda Panda,94936862,2074
6,Yuyuan Grape,98240201,2061
7,mmuye,97702253,2057
8,NeighborPeterParker,97664557,2057
9,Window56,94675560,2055
10,The constant,96836394,2053
11,BlueJayy,92906079,2042
12,noconstruction,98933194,2042
13,wonderful-penguin221,98152179,2041
14,dreamzxr,98654904,2040
15,hardtounderstand,95740428,2036
16,sorryimlikethis,86346298,2034
17,Chen233,89148114,2033
18,PandaAtDawn,99693040,2027
19,cheiru,98086505,2025
20,human_light,92255273,2025
21,LiHua1,85405264,2025
22,lowexpectation,98437039,2021
23,SirL,87238474,2019
24,so0nii,94226590,2018
25,slayerlol99,98142396,2016
26,sailfish19,99193008,2016
27,skälding,94401618,2014
28,peaceful-penguin844,99010151,2008
29,traine3g,95459839,2008
30,Koudee,84640241,2005
31,MYGO SOYO,97443993,2005
32,SimpleMuffin,98341606,2004
33,zzzzzz444,96701715,2003
34,BraveCat123,95763757,2000
35,esddse1,96046666,1999
36,piggy slayer,99397090,1998
37,gryteklut,98459851,1997
38,nirv lucE,99762438,1997
39,Ghost____9527,95989081,1997
40,superpiggy11,97735656,1995
41,Ritter Karottelot,95965244,1993
42,KingLang,84667860,1988
43,Neil003,97601822,1987
44,beb222,98092890,1987
45,itayor,93317470,1984
46,phjztwxagxo5ga,100099754,1984
47,Grahamtasia,87821022,1983
48,New Zealand fur seal,97784313,1983
49,ACT_F,97726587,1982
50,China Native Penguin,98997322,1980
51,vuk246,97335860,1979
52,lonely_1sland,97366575,1978
53,Faerch,92121387,1977
54,LasagnaEater,98317590,1976
55,yanyusansheng,98334121,1976
56,Vios1,99396764,1976
57,thumbean,91304283,1975
58,Astrolog1st,98785796,1974
59,elephant542,97228214,1974
60,CatNONO,98863864,1973
61,MonkeyinAround6_9,96815284,1973
62,Fifty_grosz,85665517,1969
63,2win9,94328850,1968
64,cun guang,97488087,1968
65,Yuno20220502,96222108,1967
66,vinny_boy,93730884,1966
67,Hoodaumic,85872815,1964
68,Shirosaki Ei,98696017,1964
69,Zheng,30574650,1960
70,lidamiao,94351981,1957
71,Zuzannatuba,95583970,1957
72,bravetiaotiao,92309466,1957
73,Long0103,92102371,1956
74,hxf9762,96129948,1953
75,Teh_Zealot,84017922,1953
76,kehenba,98464184,1952
77,Footloop,90899183,1952
78,3Dragons,95425150,1951
79,bananasmoovie,97284244,1951
80,Viciow,96598822,1948
81,Mostrom,94827315,1948
82,abunai3000,99533744,1948
83,Leon Jing,95678978,1947
84,Crickert,97815705,1947
85,Emu At Dusk,99416006,1947
86,seowy,95699058,1945
87,QBert,2658233,1944
88,MonkeyinAround,96964879,1943
89,robgeibel,96133931,1943
90,hzp032,99241369,1942
91,EPOXIDATION,93040342,1941
92,wangxiaomei,91917249,1940
93,BaseSig,3936472,1939
94,PingisPongus,96566886,1938
95,HappyChild,96390330,1938
96,Gunor,96919064,1938
97,1621180014,99677599,1938
98,Papa Emeritus V,99346607,1936
99,2366439349,97292136,1933
100,Sasha Lefevre,84227785,1930
101,Quantum Eagle,99331076,1930
102,wuxuanwuyan,93308326,1928
103,Milowitt,96135209,1928
104,LOTTOO,99591098,1927
105,SoniaSong,97852812,1926
106,The Slowking,99673295,1925
107,RobinGuk,92499328,1924
108,stanley654321,84030537,1924
109,uly962,99219338,1924
110,labrosafas,93522154,1921
111,FortuneFox2002,95497358,1920
112,Huawei ceo,97066121,1920
113,CapybaraDream,99885563,1919
114,portgard,83927465,1919
115,SilkyTrealawson,98076232,1918
116,werfmark,46907093,1917
117,Banana__Fish,95558196,1916
118,n2309,94913747,1916
119,cplo42,95116606,1915
120,BS_,94623704,1915
121,trollivar,95581551,1913
122,ulq301,99429575,1913
123,Rock_P,92912883,1912
124,wdmywtfwdmwdllmheihe,97367822,1911
125,Ethan-Khalid,98558007,1911
126,MoniLiu,96396612,1910
127,Andydoorc,94492682,1910
128,ldqq,94433270,1910
129,charming-wolf571,100049154,1909
130,Ashton Jeanty,99601688,1909
131,perrylin,95602651,1909
132,DugongEnjoyer,95424407,1908
133,MatchaBun,98078699,1908
134,Gordon10,96275754,1907
135,diabloli,37382141,1905
136,Beeeater,95007152,1904
137,chrnzhihan2020,96316803,1904
138,themackerel,98125776,1902
139,Christ Surprised,96227549,1901
140,Doburoi,84038972,1901
141,Aluap Tsai,95130340,1901
142,mad_max426,90429877,1900
143,KUNINBB,98296366,1900
144,077cpw,97177585,1900
145,ScientistOmni,90480114,1899
146,mathbkw,97740395,1897
147,EuroCadJ,94220570,1896
148,Nickelas_G,99013859,1896
149,quickskillscarlos,95690096,1895
150,DaDaDaTou,85123309,1895
151,JohnnyWin,94847523,1895
152,l t y,94064771,1894
153,taobai19,95586620,1893
154,bgtrainer,95397753,1892
155,Andrewsmile,86610938,1892
156,13713ccz,100070807,1892
157,TonyBegonia,91640596,1892
158,Cats bigking,97650192,1892
159,zixak,85591727,1890
160,zcNeuer,94245350,1890
161,justparente,94656232,1890
162,Phosphate_,92586304,1890
163,sheeon,90648118,1888
164,qfn683,97869684,1888
165,AtarUltio,97419993,1887
166,lanlanwww,96669088,1887
167,Silent Snowy Owl,100048660,1887
168,McRolando,95736503,1886
169,xiaopengyou,85072549,1886
170,The Aristocrat,85027110,1886
171,LauraNo1,87722120,1886
172,clumsy fish,98691317,1886
173,Drin_Reset,99810091,1885
174,SunbathingEmu,96032319,1885
175,goore,99206606,1885
176,citazn,95426807,1884
177,TheCadger,90361616,1884
178,eager-panda583,98147246,1884
179,hazawaespresso,99787861,1884
180,B_I_T_S,97048616,1884
181,ArkLover,94358443,1883
182,Lucas-Tariq,98558718,1883
183,pppppdian,90883583,1882
184,Duci9,94929538,1882
185,ceejaex,87105665,1882
186,ice wizard,91882672,1881
187,cardshard,88843196,1881
188,ujhns,94037448,1881
189,JoeÜbergang,86370496,1880
190,deeezz,97144181,1880
191,Ilyas_aut33,93004469,1879
192,Doma12345,88729410,1879
193,fp149,84186406,1879
194,MyAsylum,97908787,1878
195,msinohdd,97620751,1878
196,ghj77,96790954,1877
197,M_kk_k,93584459,1877
198,bentudiaxue,91198519,1876
199,arknightsnova,94650305,1876
200,535587437,97881229,1875
201,gnoptar,92861765,1875
202,zqgpj,93854435,1875
203,Aggelito,95585274,1875
204,brewmaster12,89599421,1874
205,1736752216,99006580,1874
206,Alebaster,85270203,1874
207,dl0v0lb,94984984,1874
208,Shirokane_Rinko,99973394,1874
209,dwarvintime,94276826,1873
210,Dramatisch,94833584,1873
211,HellaciousFlame,94975385,1872
212,TempleLin,96103249,1872
213,Agonizon,94604354,1872
214,yunge11,94315627,1871
215,windgs,98198212,1871
216,SamSkertzzz81,95688238,1871
217,mossf,99190341,1871
218,overdrinkgin,95140361,1870
219,yskysk1029,96685646,1870
220,michaelfliesplanes,96635266,1870
221,demyurge,84428955,1869
222,AlternateMuffin,91258390,1867
223,umegf,84727173,1866
224,Au_,98204011,1865
225,SiBuXiang,97831121,1865
226,GiiNN,92487233,1865
227,Cheetos4in1,94233740,1864
228,dzt_,88494685,1864
229,tiktok250119,97264634,1864
230,kakaoshkin,92098712,1863
231,xCorey,94275041,1863
232,wk220,98050259,1863
233,Agentus,60242560,1863
234,GenAaro,93702040,1863
235,wedidntplaytestthis,88646608,1863
236,lightKTS,85004119,1862
237,komono_425,98016412,1862
238,txy111111,95537186,1861
239,Mondaycold,93198466,1860
240,ViciousCyclist,89020074,1860
241,lucas777ambi,97418150,1859
242,gh_no1,99735362,1859
243,ncs7,97440365,1859
244,Grianos,96788517,1859
245,yanyulou,98788343,1859
246,bread_wq,92267113,1859
247,Pelirrojo1711,92166550,1858
248,quinnaylward,96999107,1858
249,NY Steezy,94471312,1858
250,Yeoul-ie,96719153,1857
251,1Argo1,98466393,1857
252,ryebone,84530249,1857
253,Nikach,87877982,1856
254,UpperDecker,39460297,1856
255,kri_prinz,97126741,1855
256,HubrisRakarth,85637820,1855
257,PawelJumper12,96554469,1854
258,Break5,97005969,1854
259,HotsauceWally,84773109,1854
260,PirateDoDo,97122962,1854
261,wu hen,96798497,1854
262,AfricanWMPorcupine,98991421,1854
263,nimoac,84658502,1853
264,nikunkun,97719174,1852
265,alex van,94426097,1852
266,lordafi,98383410,1852
267,BlanketAddict,90278947,1852
268,Lillkev,95455795,1851
269,ChrisTao_0,94535476,1851
270,edo554,98241032,1851
271,Joseph1198,85197151,1851
272,IsaiaMJ,99520544,1850
273,vasynyt banaani,84390251,1850
274,Twouelv,94417748,1849
275,cheese cake lover,99673464,1849
276,Sigmar Gabriel,95749984,1849
277,siddq1508,97828896,1849
278,Jmalcoba,94910817,1848
279,gergi,85599429,1848
280,knorpule3000,92483308,1848
281,myonly,97914626,1847
282,MRCS1NG1L1NG,99169043,1847
283,huohuahua,99782792,1847
284,Zulda,84387079,1845
285,techietaka,96478463,1845
286,Zevth,99509246,1845
287,sanbraind1,97302948,1844
288,meepdalizard,98085857,1844
289,tamamushiiro,97487576,1844
290,Ghostie2013,96338305,1844
291,Angry_SSu,93750298,1844
292,GeoPiglet,93802295,1844
293,deeeX,96681940,1844
294,zht861,98163688,1844
295,Moumou_u,97526049,1843
296,extrazen,95137016,1843
297,Mukinb,95679465,1843
298,WhyNick,97716500,1842
299,TuggerNuts,94499511,1842
300,Biggy bang,99197924,1842
301,hipalmer,92971061,1842
302,cytheria1,99109424,1841
303,hnc490,97437259,1841
304,SQR_PI,94409075,1841
305,407xbw,95636314,1841
306,ian0329,95010496,1841
307,EBchemist,99358039,1840
308,fanlove,91179472,1839
309,WooDooDoo,96315611,1839
310,lianhaoyu,91091997,1839
311,zaky26,95892885,1839
312,WhatN0w,99099792,1839
313,Fonnonnn,97095366,1838
314,cjflash76,86513304,1837
315,YouYu_Ye,92683390,1837
316,Laaan,84170037,1837
317,Hivaoa,84521096,1836
318,EagerBeaver123,99459317,1836
319,interesting-guiruoya,99149352,1836
320,stevenlhyeung,96715015,1835
321,lucid-donkey763,98733051,1835
322,lanshalu,96379402,1835
323,Zeffirara,93007769,1835
324,saki7788,93586059,1835
325,Yohan06,91158844,1834
326,Artisary,95036182,1834
327,waytim,68923869,1834
328,CafeOle52,95765557,1833
329,Wardener,95364900,1833
330,Lucasbiao,96656609,1832
331,colour pen,95169545,1832
332,Mather,84156984,1831
333,beautiful-kangaroo12,99789127,1831
334,Superjulo,92299024,1830
335,dizzyyyyy,99244200,1830
336,Anan1anan,94917127,1830
337,derekhuo,94707613,1830
338,ueonin,99674691,1829
339,Durian Times,96067846,1829
340,Hitman 47,95535212,1829
341,Jardine05,92653112,1827
342,whn18,97125092,1827
343,andy9cody,96985185,1827
344,XERO1,13125563,1827
345,gwp0577,97000550,1826
346,sunbear55,99259252,1826
347,yuanyuanwei,96706018,1826
348,mongng967,99535449,1826
349,cet671,98915106,1825
350,JanaiLama,95017290,1825
351,cuteg1301,92762023,1825
352,brendanjthomson,16308871,1825
353,yueyue623,97767233,1825
354,AX111,96712483,1825
355,ExpertOnBears,98311445,1825
356,Diophantus91,95816062,1824
357,citytimes,95544494,1824
358,lee262880,97083264,1824
359,emu456,97601075,1823
360,ASD4577,97987564,1823
361,nicklima24,89804289,1823
362,snoopyboy,95612058,1822
363,Martus28,93519490,1822
364,Tarrs,94786622,1821
365,gamez shuffler,90749143,1821
366,R1A6,99977695,1821
367,yunfeiyang90,92674329,1820
368,kimssk05,88340590,1820
369,matthewcrumby,97981932,1820
370,Luadun,99646921,1820
371,Blyb,93875195,1819
372,Window114,94851126,1819
373,Relaxmyfkbrain,98997891,1818
374,aoccoa,83866587,1818
375,rockmaomao,94396931,1818
376,sixriver1,95086205,1818
377,Aslight2013,99375159,1818
378,frosty-ferret954,98583067,1817
379,aibi,95067277,1817
380,ToaoMT,85411690,1817
381,nohye68,85120095,1817
382,Pepsi_zero,90925636,1817
383,GotsC,93392534,1816
384,tomatototo222,96689365,1816
385,treetop70,527954,1816
386,skol3m,87947672,1815
387,Eber65,96926419,1815
388,sirwilliam80,94739723,1815
389,joldfield1000,95032615,1814
390,jlui8888,93722780,1814
391,2223612456,96389103,1814
392,Monsieur Trump,84930609,1813
393,jinwandalaoh,95949796,1813
394,Monkeyunit,7261491,1813
395,RelativelyUnguided,89470444,1813
396,Melo763,85354585,1813
397,EzalorX,95063524,1812
398,LoonyNo7,94266999,1812
399,tmxk,93647754,1812
400,weicuiwqh,97656649,1811
401,Agiagi,96362634,1811
402,hopjesvla93,95637767,1811
403,chuanliu,95349251,1811
404,jeejeeka,85832579,1810
405,chenyue1221,98990496,1810
406,koumpa3,98793780,1810
407,arkcollar,100183080,1809
408,benzabill,86633776,1809
409,Valh3ru,97328655,1809
410,Waggi,96896221,1809
411,lFlowerl,84340674,1809
412,Cat_Food,94391749,1809
413,shagen,88490540,1808
414,wangdaishu,96870803,1808
415,yz97,94020257,1807
416,Leleland,95881581,1807
417,_Morgl_,99336083,1807
418,speed_u71p,99972460,1806
419,ahonyek,84789791,1806
420,myfish,94720386,1806
421,ysl0310,93151535,1806
422,ImbaAsuka,97641229,1806
423,adysk,84503166,1806
424,AaronLegenson,98336165,1805
425,Paju_,93885418,1805
426,rlyeh dream,90311801,1805
427,barnev,31018316,1805
428,abhilash,85810614,1805
429,weicuiw,99162381,1805
430,Vincent077,96393123,1804
431,CXBCCC,92969731,1804
432,xuechen159,97165882,1804
433,f beef rice,94334051,1804
434,xueyuan39,99421110,1804
435,monkeydo,93896193,1804
436,woowoo02,99698011,1803
437,BongoBun,98540912,1803
438,MapleKenD,95996922,1803
439,SoftChoco24,94525996,1803
440,khoinm,91418243,1803
441,Airdorf,98857746,1803
442,Hoosk,96645386,1803
443,ilenenessserensng673,98608654,1803
444,tianshunwudi,96385115,1803
445,zzw89,94376267,1803
446,mesag,85354908,1802
447,halili367,98844286,1802
448,kakakarl,85162550,1802
449,Kstrel,97808524,1802
450,Uncommon Wombat,99751061,1801
451,print_helloworld,97238324,1801
452,F3nRir3,95216857,1801
453,xiaoss123,97754332,1801
454,yuxuanguo1999,97903627,1801
455,18198779708,98857819,1800
456,XionREDshop,99610964,1800
457,aurik,84732539,1800
458,edwedu,97704325,1800
459,DaZaiErXia,91315943,1800
460,Te Araroa,97911385,1800
461,ghn991,98854952,1799
462,djl07,94445979,1799
463,shakers,93503297,1799
464,Tryycks,39562274,1798
465,B1234B,97900742,1798
466,2548611481,98700238,1798
467,DOR_0201,98903924,1798
468,d0c15,88715524,1798
469,iloveeyjafjalla,96373526,1798
470,wanan1991,97679017,1798
471,gmmudkip,95618342,1797
472,hughieg1230,92970688,1797
473,niksic,98490335,1797
474,anticapitalist97,91600656,1797
475,NFranklin,89369301,1797
476,lzero137,97803024,1796
477,1ref,96271783,1796
478,Crazybo,96011113,1796
479,boardgamedude2,94420091,1796
480,Blackbar Triggerfish,98325650,1796
481,Tok Yeon Ma,95308983,1795
482,yitu1,96557743,1795
483,reztart,94863557,1794
484,Allen Evans,96552690,1794
485,MortisVD,86303012,1794
486,wizardly-kangaroo15,98235069,1794
487,joannjo859,98555428,1794
488,affectionate-llam223,97998455,1794
489,Tharsis15731,94796767,1794
490,sheep420427,93897617,1794
491,Sylvia_Enid,91746113,1793
492,Maskil-,89388685,1793
493,wcy710,91694654,1793
494,CCCChen-1,96866373,1793
495,HakoneMoss,100078334,1793
496,miaojiBOMB,96778258,1792
497,vectorxvector,96028968,1792
498,lifetaker3000,96560884,1792
499,Skurata,95562912,1792
500,GUQ,99699847,1792
501,shayau,85402717,1792
502,shongz,88384924,1791
503,Spitzbueb,86960516,1791
504,fgffsgs,92566177,1791
505,jollyone,99041401,1791
506,PoPung,87244095,1790
507,PJPhily,96284117,1790
508,magicfeng37,94290713,1790
509,cammauta,84720804,1790
510,lastdayofsummer,99246662,1789
511,lil froggy,85390472,1789
512,devgup,87939185,1789
513,AliciaPees,94050239,1789
514,tehimmortalking,94805538,1789
515,Spielemedaillon,95083894,1789
516,Kemme,92849567,1789
517,Mrqiu,84644105,1788
518,WingspanG0D,97750747,1788
519,LovelyFish,96193509,1788
520,YQ-utopia,96597406,1788
521,Brood_Star,92703605,1787
522,whxin,96549955,1787
523,PM_Shrimp,96228065,1787
524,Mania06,87651704,1787
525,ArkNovaKing,97575687,1787
526,Jason_0109,96556855,1787
527,blessedgaming,95471737,1786
528,yayapenny,83855029,1786
529,leaf_PKU,96409949,1786
530,Holzmichel8,93291735,1786
531,kah778,96161131,1786
532,tao123456,97607392,1785
533,Matelas de Volta,98248695,1785
534,90091412,90091412,1785
535,Zucchini rosti,91354752,1785
536,Un Duel Masters,98598564,1785
537,yazavats,93165237,1785
538,sotroublesome,96721030,1785
539,qtakj2e,96735538,1785
540,Nicolas21,84311582,1784
541,SmokinFlounder,94675357,1784
542,Yeteasga,90694383,1784
543,Pengxiangoumian,96283195,1784
544,nights1030,85261380,1783
545,cainonglaila,99390977,1783
546,wanghorange,88377778,1783
547,rudaZz,94569606,1783
548,Billy233,85389080,1783
549,josh1383,94336401,1783
550,SvenBeijing,97177819,1783
551,Tebal,88880642,1783
552,termis,95166299,1783
553,ceobo,95771863,1783
554,SYSXD,84197450,1782
555,luminous48,92663924,1782
556,usyu,88530691,1782
557,Emutionally Dammaged,98842366,1782
558,zc74560,89987253,1782
559,Rust_,95777023,1782
560,hardyzhao,92147740,1782
561,LXYR,96155907,1782
562,xiurui1517,97662234,1781
563,0000Milktea000,94569325,1781
564,DreXXL,89402685,1781
565,confident-clownfi750,98093789,1781
566,lion122333,95060888,1781
567,todes-alf,99073048,1780
568,Amazon-House_FSBC,99148679,1780
569,axb980,96950023,1779
570,Paraplegic Otter,88638129,1779
571,mj256,95301670,1779
572,Jonny_26,99188704,1778
573,shova280,94650382,1778
574,Awright2764,98260782,1778
575,Last Pride,94370035,1778
576,Boswell21,89494210,1778
577,dream820,99451845,1778
578,hwquidfwqhbcw2,85255659,1778
579,Annabellla,96734674,1778
580,klxa2zlbof741,100099772,1777
581,flamboyant-crab247,100201232,1777
582,Fabricez1,96186042,1777
583,sssss333,87164491,1777
584,amazingkitty,91975511,1777
585,RiskyTall,84714675,1777
586,Yy0712,94448692,1777
587,jdmonn,95224489,1776
588,justplaynosay1,93937213,1776
589,doitagricola,98349629,1776
590,Zesdav,95504772,1776
591,Yorshka_02,91395491,1776
592,17yanhuo,95724470,1775
593,PectoralisM,95546867,1775
594,riptorius,93293963,1775
595,surssy,96099564,1774
596,Hisbe4948,89578751,1774
597,yayboardgames,83894592,1774
598,hungry-giraffe803,99488772,1774
599,Citrus Bear,97851149,1774
600,hazerrs,97546886,1774
601,JohannesMoth,94534737,1774
602,nexusro,99361673,1773
603,Carolus1988,86640026,1773
604,Nana7miXING,94400971,1773
605,jayelk,1535612,1773
606,Berthelsen,34368722,1773
607,Dominicliyixi,95565125,1773
608,nifty-seahorse221,97164755,1773
609,CowsGoMooooooooooo,96035731,1772
610,Ex_on_A,96588790,1772
611,Gurugutt,93606467,1772
612,MysticMine,99535437,1772
613,gamesliker,96291280,1771
614,songdeze,96566015,1770
615,Targetttt,95030461,1770
616,dazzling-parrot556,97562465,1770
617,ddubois,914385,1770
618,xbyy,96275316,1770
619,Homura1997,95311849,1770
620,Keke1225,99128699,1770
621,ISENGUARD 4658,93914286,1769
622,jonathanlow2,87393633,1769
623,Darcii,95733657,1769
624,Jay1110,89491942,1769
625,iwn092,99008521,1769
626,YuBaSuo,91271722,1768
627,Nuraxxt1ao,95222006,1768
628,nobody814,93561127,1768
629,FiloDePicis,89660444,1768
630,BMOv1,86633716,1768
631,NonNewtonianNarwhal,92197985,1768
632,xuan871,99374592,1768
633,lemengcun,91973620,1767
634,Qeqe-Racoon,97967065,1767
635,Fzdwy-0703,98956925,1767
636,2295254822,96571661,1767
637,akalcic,93681663,1767
638,qsyyk,96325296,1767
639,Phottor,96165067,1767
640,spitfireharry,17145465,1767
641,YiKi0301,94348135,1767
642,wetasdasd guo,97903665,1766
643,xKOSMICZNYMICHALx,94292351,1766
644,wherehaveubin,99069771,1766
645,RidingPanda,97026444,1766
646,my wife msh,98657782,1765
647,1mm0rta1,95995927,1765
648,auxillia,98129882,1765
649,Lingling427,98088305,1765
650,Sir Fluffy,86344862,1765
651,Sy1veon,96276096,1765
652,Sumatra Tiger King,97232421,1764
653,Pippocampus,96607599,1764
654,Stan2137,89587860,1764
655,EvoIuti0n,96146124,1763
656,Navitribe Game,99665689,1763
657,Aza_one,96984075,1763
658,duckmammal,84017990,1763
659,Zodiac42,90843762,1763
660,qizixi123,96380443,1763
661,FEEATER1,100113096,1763
662,Bellmaker,10295966,1763
663,Airquake,99679084,1763
664,Andr1aN3,96771983,1763
665,roamob,98564054,1762
666,Philblink,96484446,1762
667,torfiss,97157634,1762
668,fugas,84076011,1762
669,buldozer,85270584,1762
670,caicaifanqieyu,97154451,1761
671,alfinho16,95977802,1761
672,dddddrd,94236692,1761
673,XJCF,94618450,1761
674,slow worm,99412278,1761
675,Stellere,95496754,1760
676,KiTCC,83839920,1760
677,melkor123,96799639,1760
678,velveleh,95024088,1760
679,bgk_zero,90664461,1760
680,stofflappen,95173563,1760
681,sanyuai2,94114859,1760
682,s0mewhere,95467623,1760
683,momb00m7,94634133,1759
684,welikepig115,87856169,1759
685,Davylong,86761110,1759
686,parrotlover,97843327,1759
687,Pola Bear,86006485,1759
688,Danthemanrocks,26324976,1759
689,910JQKA,91827947,1759
690,Ecoresky,92894111,1759
691,balabala-eric,99042235,1759
692,Swift_J,97116353,1759
693,sun-lelouch,97370310,1758
694,alxsmrs,96264435,1758
695,Abeeeeeeeeeee,94100933,1758
696,thirsty380441579,97054054,1758
697,Victorique De Blois,95089660,1758
698,AkoCyan,98838824,1758
699,ZeckeNeuendorf,96796784,1758
700,Anti-sunshine,94444104,1758
701,LaurentdeVere,99316035,1758
702,avclampitt,95286548,1757
703,Moechtestdu,84937135,1757
704,EnGoGubbe,95490149,1757
705,xxrft2021,91816776,1757
706,Gh0stdragon,84974310,1757
707,GanYu777,98479434,1756
708,KaeptnZurSee,89972532,1756
709,YourMichael,91602724,1756
710,PP_CAT,96636156,1755
711,slf806,99144852,1755
712,Willjo22,88982662,1755
713,RenegadeCracka,96092496,1755
714,Talented Taco,99434042,1755
715,blueiceix,94676126,1755
716,Yukino013,95554796,1754
717,tmkk,96613779,1754
718,yanxi_,97770378,1754
719,pinkex239,95085497,1754
720,TopTierReindeer,88288744,1754
721,CrazyPenguinGUAN,93563465,1754
722,horses of horse,96596682,1754
723,Animalfriend,95604380,1753
724,GomeanCub,97330403,1753
725,DanV546,96764977,1753
726,HOGnBOSS,94496000,1753
727,coolsunday,84864189,1753
728,sleepy-chicken142,97480370,1753
729,AiMisteria,97380173,1752
730,kaldarr,85214664,1752
731,heyitsmyturn,94538782,1751
732,pom060,98625853,1751
733,Kraplok,96368111,1751
734,y695444005,85093854,1751
735,gtattle,98144261,1751
736,oanamaps,97211438,1750
737,yugioh321,95114258,1750
738,vaako17,94251807,1750
739,Gestra,95022416,1750
740,17-Tree,94952640,1750
741,light rain so sleepy,97545622,1750
742,laminar_flow,96387501,1750
743,Bunnykept,94992539,1749
744,whitehg,98186929,1749
745,xtrace,90984232,1749
746,Seraphsan,92084087,1749
747,haibaranash13,91697196,1749
748,wufengyuluo,93284227,1749
749,karlo,84490672,1749
750,R_LV,95369133,1748
751,nkufzmd,98228931,1748
752,ArLi0823,99311119,1748
753,Madvegy,86259365,1748
754,Evenkar,92853680,1748
755,Jonesinger,96522704,1748
756,ayc837,98542846,1748
757,hushang66,98554964,1747
758,DatGuy1998,95131546,1747
759,Very cute king,96415453,1747
760,obvious99,99440928,1747
761,BlueSwan,84376365,1747
762,HeavyLobster2001,96445913,1747
763,sus124,98606286,1747
764,8SloBlackMamba24,98035343,1747
765,nacl123,93041465,1747
766,dpy676,98933989,1747
767,IsaszeXyIlona,96209277,1746
768,Cheese - 4000,90719758,1746
769,whutqiufeng,85267995,1746
770,rezett,85447129,1746
771,GallifreyFall,94401949,1746
772,Daniel Boneless,85771614,1745
773,mbamber,92172849,1745
774,Time2Pretend,95790551,1745
775,Bourrac,94753917,1745
776,gufeng,97595008,1745
777,DanLisa,94827958,1745
778,Harqalada,85652434,1745
779,dreamreader,91088252,1745
780,cotecec204,97242080,1744
781,Le spectre,31086688,1744
782,jhuano,95591308,1743
783,Smochi,38198103,1743
784,giraffe_hannah,94077672,1743
785,Bossa_Nova,93119676,1743
786,Nocoodolf,95680752,1743
787,Ryuux,97956302,1743
788,infozzzzyw,98257740,1742
789,TB19,98405376,1742
790,la-li-lu,97662381,1742
791,nemorenot,94995219,1742
792,Qx666,98314969,1742
793,Skerg,92558306,1742
794,mjourard,96149394,1742
795,nebulousnightshade,97323177,1741
796,fox254,96857469,1741
797,huangmincheng,95418892,1741
798,realalien,92971477,1741
799,feranchess,97293562,1741
800,Baimay,97653660,1740
801,ftwzam2sv,99024206,1740
802,MysteryJack,97317728,1740
803,bobek86,14082138,1740
804,FKYS,96369213,1740
805,SunYork,89979818,1740
806,ziling888,99314620,1740
807,StinsonOvO,98343487,1740
808,Boisblûche,87475813,1740
809,Dubsy26,84557914,1739
810,TurkeyTacos,92305503,1739
811,GilgameshTheKing,95812007,1739
812,frosty-woodpecker956,98469826,1739
813,Yannick1084,95896432,1739
814,K_Bear,97804997,1739
815,tkn510,99195551,1739
816,CzShen,99795808,1739
817,zyd1994,96473771,1738
818,Bigggggggest,94736135,1738
819,GWGY,92184632,1738
820,Chrisnizzz,86500165,1738
821,pensive-woodpecke388,99274123,1738
822,brave-panda159,97763672,1738
823,Opanpansan,94178392,1738
824,Philo12,98915785,1738
825,Hebbs,91277660,1738
826,robH29,99416864,1737
827,alphaArk,98841802,1737
828,JontyMC,83845727,1737
829,Star_Mao,84425242,1737
830,Incognitoh,87442869,1737
831,Martin_Walter,94432789,1737
832,Jefferso,99058890,1737
833,upf806,99219364,1737
834,blueboat9,92440453,1736
835,Irra_tional,94890312,1736
836,Corran-,95761365,1736
837,Pig_God,96160003,1736
838,JNaiQ,96482623,1736
839,93943846,95620055,1736
840,CustodioDan1,94490545,1736
841,duelmaster kmr,94367166,1735
842,tracycomes,98495471,1735
843,Middag,93233762,1735
844,Tyrelanas,84219840,1735
845,Mikabuto,90038771,1735
846,jarmz,86067665,1735
847,Terrence06,98450064,1735
848,perceptful,96080544,1735
849,rune_2002,84575319,1735
850,oTvTo,99635623,1735
851,jjboy96,91163694,1734
852,Quinlan1,95676482,1734
853,diabetoh,97917717,1734
854,eki559,99420527,1734
855,nosponsor,99025100,1734
856,zenkyleD,84321999,1734
857,WoYaoYanPai1122,99293481,1733
858,tnikea,84069301,1733
859,Nemoses,90842825,1733
860,Galdor_Luelle,95975484,1733
861,LeoTheLion,47631766,1733
862,one_more_try_plees,95887845,1733
863,Hanged man,99341689,1732
864,nxvnadia,97652294,1732
865,doubelieve,95577974,1732
866,Doppelbock8,97837049,1732
867,96nevaR,87358345,1732
868,mochal,95296762,1732
869,dinosil,96444359,1732
870,gh1101,95458811,1732
871,Atopo,97146919,1732
872,hoodmidas,96505175,1732
873,Clubb93,98737022,1731
874,Daole,93289415,1731
875,Whykecoakfly,86901055,1731
876,Syitnw,97159318,1731
877,Game-master-Liu,96388239,1731
878,butchii,97090257,1731
879,zhejiushiai,95146124,1731
880,Yeah r,92880104,1731
881,BAmbooEW,95704267,1730
882,Ciskesa,97072609,1730
883,penguinpools,100073066,1730
884,pepealas,94382995,1730
885,pipi8976,83919399,1730
886,amelia0109,94778067,1730
887,jMissdd,98087475,1730
888,karstbb,96449979,1730
889,miller4460,95918984,1730
890,ohx802,99122261,1730
891,RANGO6626,85170006,1729
892,Spind shuffle,98348086,1729
893,Awesimitus,24878560,1729
894,shecon,75349551,1729
895,yakitorityan40,93300638,1729
896,chouhu1,96989872,1729
897,cliuuilc,90891752,1729
898,g_glamdring,74313798,1729
899,FredMcFly,97785652,1729
900,trippinbalz,96853385,1729
901,Zookeeper4,98354734,1729
902,pkh613,99429604,1729
903,jodyg,97784879,1729
904,Bin1010,92157988,1729
905,balalama,99611174,1729
906,hullqin-Wiger,98202431,1728
907,Thomas Yverdon,85524507,1728
908,supu22,96784946,1728
909,itskins,94095093,1728
910,lalalaprout,16287070,1728
911,little_hook,99396699,1728
912,wilhelmfors,89948126,1728
913,TomdevBE,92134536,1728
914,conceplaylor,98859921,1728
915,antilepton,97920102,1727
916,ZzzPTCzzZ,90832840,1727
917,arf999,83933747,1727
918,chickenallthetime,95295341,1727
919,cyan0874,90639339,1727
920,kuneeee,96669880,1727
921,flamboyant-crow752,98793632,1727
922,KFCVME65,95652702,1727
923,papkotruAtec,88736783,1726
924,kico13,88570801,1726
925,Doorak,83903896,1726
926,skrhao,93978923,1726
927,Animator4532,94149760,1726
928,Grugno,8968883,1726
929,Please_No_Injury,92259006,1726
930,3182825267,98227885,1725
931,superiorsl,91236932,1725
932,WarmHeartFish,99335674,1725
933,lengjie1234,95320919,1725
934,Teatime Tortoise,98113715,1725
935,Poetry Cloud,99530521,1725
936,17773155643,97369605,1724
937,Smallcatmi,97910800,1724
938,peaceful-swan997,98087906,1724
939,hignite,95458554,1724
940,maki163,98472878,1724
941,Ruppao,93888675,1724
942,Kaleb S,89216826,1724
943,nikozzhw,95277568,1724
944,bizarbus,95498202,1724
945,Joneyy,88803841,1724
946,Veepari,96996856,1724
947,dandusz,96468637,1723
948,RETAEEF,100192506,1723
949,yaoshou,98217112,1723
950,MysticNeb,88741099,1723
951,le_asmo,91930865,1723
952,chen181,93089422,1723
953,NoooobPlayer,93086420,1723
954,ShadowDragon92,95026422,1723
955,metro,19426953,1723
956,NielsTvdB,95777329,1723
957,qiyana_,95370940,1722
958,MENUTABLE,97728608,1722
959,hopeful-horse619,99612252,1722
960,zuttoden,85578526,1722
961,Isme Daglas,93965367,1722
962,erikvoigt,86636563,1722
963,yuigahama1997,94526179,1722
964,Dwx1998,90569188,1722
965,psxmd,88523917,1721
966,I3lackAdder,87760772,1721
967,8laoban,96024091,1721
968,pm2595,85487593,1721
969,Mercury321,95333345,1721
970,ngtriant,88282419,1721
971,onlyone04,94593544,1721
972,stander,84599958,1720
973,SlothInSpace,90937482,1720
974,mahiru,19985274,1720
975,wanggt,94206331,1720
976,Lixdark,94711439,1720
977,Sh1norina,97719316,1720
978,felkdav,94221286,1720
979,MidRangeGeek,88212171,1720
980,carolinexlq,98480871,1719
981,kevin5208df129494073,90680370,1719
982,yafeiji,92650950,1719
983,pacifistluckygamer,100099715,1719
984,whalexxl,98105381,1719
985,ShadoWindss,94811381,1719
986,Avenger1395,92867059,1719
987,strange radish,92879266,1719
988,williyeah,92339039,1719
989,bb312,99651616,1719
990,sebinou,84297635,1718
991,NecroPaly,96440589,1718
992,Sidequest47,99704303,1718
993,Adm11Ricky,97610293,1718
994,hjjmz,95658146,1718
995,handsomeDudu,96257147,1717
996,kot33,97276773,1717
997,Sisheen,95435988,1717
998,tixty6,97608746,1717
999,ajie1111,91727101,1717
1000,roxathefoxa,98632668,1717
1001,dreamandpoet,93495842,1717
1002,josephlui888,100087088,1717
1003,mesousa22,84723106,1717
1004,Rhino Bear Run Club,97850262,1717
1005,Rajam,23394331,1717
1006,awsl123,96817614,1716
1007,rwanly,98896407,1716
1008,beefq,94341372,1716
1009,idkwdya,83904075,1716
1010,SlimChancellor,86485487,1716
1011,The Daviator,86356824,1716
1012,randale_und_hurra,92600865,1716
1013,llllll_v,97506055,1715
1014,chouderen,97819446,1715
1015,dushuhaizi,97771457,1715
1016,ehzl,91173009,1715
1017,BroVi,85902544,1715
1018,Octavib,94929890,1715
1019,Aisakal,98364159,1715
1020,EChao,87561182,1715
1021,saninecat,95631894,1715
1022,Vitalijus,85498916,1714
1023,slamsk,3314436,1714
1024,brangbrang,93565062,1714
1025,DocW1,94643091,1714
1026,Pawn38,83919620,1714
1027,maltman,5026424,1714
1028,feylitch,98752264,1714
1029,Xlier,84192972,1714
1030,wasbjorn,95587560,1713
1031,TemurB,96423098,1713
1032,526019813,99247708,1713
1033,SirDragos,96002757,1713
1034,Rhino says no,99605376,1713
1035,FleurdelysFan,97920839,1712
1036,bhunio,98178725,1712
1037,marca64,87483373,1712
1038,316001767,97745307,1712
1039,amp_troll,94299537,1712
1040,hpd585,99008416,1712
1041,greed_is_good,98634951,1712
1042,Cuvee9,99630422,1711
1043,lucid-fish383,98782702,1711
1044,673831,100016210,1711
1045,sebastian_uff,85361746,1711
1046,Susuly23,96149339,1711
1047,EastBird,92972802,1711
1048,486mao,94197720,1711
1049,Kunlun_XXX,97587602,1711
1050,mikhandberg,98679845,1711
1051,ricci01br,98060154,1711
1052,fangsiming,99558393,1710
1053,Glenstryder,95252035,1710
1054,Farm Cat,97542305,1710
1055,k4tt,95088764,1710
1056,jiuxiangdian,97771136,1710
1057,danck,6520257,1710
1058,arrr22,99617343,1710
1059,wimp37458,92721388,1710
1060,jpr19_bear,98838408,1709
1061,tjh23,94970791,1709
1062,PUMPK1N-,97770396,1709
1063,spwinnnn,92805582,1708
1064,bbbbababa,98549064,1708
1065,mathdebate,94493120,1708
1066,Giorno Giovanna,85079888,1708
1067,Fonnnnd,96050896,1707
1068,Krakatora,96160264,1707
1069,HCche,85024475,1707
1070,wdpchuichui,97370848,1707
1071,FalconPunch511,95069740,1707
1072,randomronny974,92354598,1707
1073,Haunted_Shoebox,98032939,1707
1074,ajlyford,92060087,1707
1075,Peace_Place,99956549,1707
1076,KFCVME64,95629732,1707
1077,x0_StarK69,84906646,1707
1078,Arm7n16,96355904,1707
1079,yetiks,99315515,1706
1080,yelowang,98081999,1706
1081,Aaron Green,89512790,1706
1082,eggercox6259,98815561,1706
1083,981137749,97830554,1706
1084,PPPhranKiee,99962840,1706
1085,Barbeverte,100018088,1706
1086,HarpAttack,83902038,1706
1087,Eternal Plague,98432503,1706
1088,MonkeyyyKing,98409943,1705
1089,seal-Hanyi,96124620,1705
1090,cielo_y_nubes,95714703,1705
1091,Lichen4anke,95676183,1705
1092,zhz2272,98325804,1705
1093,Hakunnnnn,96580240,1705
1094,facelessmask,77687241,1705
1095,Pattern,83837106,1705
1096,sssssiru-scvn,98157614,1705
1097,LoidLiu,96525478,1705
1098,eckvmartijn,95910119,1704
1099,vpLarusso,90866739,1704
1100,DraconisA15,88145917,1704
1101,uhn306,99426819,1703
1102,tbu3k,93311473,1703
1103,Jakimero,96195777,1703
1104,Magiclogan44,86914519,1703
1105,ZOEeeeljy,99188906,1703
1106,Alexis05,84375673,1703
1107,yiweiqingyu,94859314,1703
1108,Christa88888,96149752,1703
1109,Double Blue,85403864,1703
1110,tflet,92157222,1703
1111,dcrzzck,96704024,1702
1112,wyzbill123,98332313,1702
1113,jc3635,92225434,1702
1114,freddi1101,93830833,1702
1115,AvaX,84958413,1702
1116,rob10123,94320518,1702
1117,Verna_,97398690,1702
1118,Mensa King,95215527,1702
1119,724828961,97848715,1702
1120,Kenneth S,88716591,1701
1121,wvk608,99458351,1701
1122,zz2telet,96294094,1701
1123,chexmixes,91302888,1701
1124,1147462224,98289140,1701
1125,cloud_turtle,85226956,1700
1126,Zoo1010,97004524,1700
1127,Great Barley,99293619,1700
1128,Lacii91,89285386,1700
1129,francescoshi,95200528,1700
1130,Quelana-,96998568,1700
1131,fuycdd,100012554,1700
1132,Att9527,96298727,1700
1133,EEEch0es,94773861,1700
1134,wrdvdd,95429044,1699
1135,GaoEy,84484843,1699
1136,SheepKnight,95700044,1699
1137,Scrastolo,83906954,1699
1138,quiet orange,90829606,1699
1139,FraXiee,98392861,1699
1140,momo233142,97281739,1699
1141,t3734920,98282400,1699
1142,Orange day,98933892,1699
1143,counter123,92330118,1699
1144,wohaowuliaoa,98927356,1698
1145,-VIV-,98305368,1698
1146,ezboi98,96308571,1698
1147,BoboTeaa,99152727,1698
1148,zxu1989,98321968,1698
1149,zfs27,97775021,1698
1150,Malsu7,91225607,1697
1151,Dioginho,96395372,1697
1152,chaoji,28815332,1697
1153,mosesclearswater,97029050,1697
1154,Wind_05,98873936,1697
1155,Balshoj,97268452,1696
1156,ofb655,95621784,1696
1157,mmmmmeeeeeppppo,96987104,1696
1158,applebeer,94028747,1696
1159,owllyflower,98033376,1696
1160,Emi4a_,99099708,1696
1161,ywl556,99409042,1696
1162,kalipolis,93213835,1696
1163,Adeyno,92354825,1696
1164,Misenor,96341995,1696
1165,Sicario9527,92350084,1695
1166,kenchu198012,98305084,1695
1167,Afroksylanthi,95154183,1695
1168,nathanielng,94633235,1695
1169,fuyc,94109191,1695
1170,wkccc,94929533,1695
1171,sqR1210,95355900,1695
1172,jhzed,95191209,1695
1173,Young Regulus,89221532,1694
1174,monkins,92972968,1694
1175,fs0c1ety,90323296,1694
1176,VeKTo,97608383,1694
1177,-Elysia-,99320784,1694
1178,JonnyBlazin5,86699215,1694
1179,LukeStairwalker0,96139919,1694
1180,Vinto,86938918,1694
1181,Violet_ei,98373802,1694
1182,Coinflipr,87508291,1694
1183,HotRodParties,98330913,1694
1184,EnoraM,87571757,1693
1185,tripledentgum,95247729,1693
1186,Cuzoolius,98314166,1693
1187,beingtiger,97455645,1693
1188,Manoter,97811981,1692
1189,Newlife777,95179890,1692
1190,BGindex,97707010,1692
1191,yuchen4444,96801794,1692
1192,Max_chan,94911601,1692
1193,clampthechamp,95289090,1692
1194,Paul_Summerville1996,95405717,1692
1195,ori4396,92810475,1692
1196,SaligiaAkso,96121200,1692
1197,taobaixx,94756376,1692
1198,o0zhangt0o,97451520,1691
1199,inadF,97236993,1691
1200,Demostiny,92315952,1691
1201,Fif23,89389146,1691
1202,cat_Ferine,98648722,1691
1203,814607668zebra,97776744,1691
1204,gametime101,97413527,1691
1205,yellowmambas,98697889,1691
1206,BisheruBlade888,93275884,1691
1207,lxh359,99420524,1690
1208,riverwang,92543084,1690
1209,Krokofant,95690037,1690
1210,Bamhurger,86071563,1690
1211,lanchikiss,23377061,1690
1212,BluntestGlobe39,91746241,1690
1213,BlankHand,94707078,1690
1214,SmokeSmoke5,93217014,1690
1215,calvinfunfun,97071161,1690
1216,Raisefine,88205322,1690
1217,shikolenko,97092691,1690
1218,Minofl,99501496,1690
1219,Calan96,96771469,1689
1220,Tiamat21,98023174,1689
1221,Kludde123,98556124,1689
1222,SaMatra,21764473,1689
1223,cheapstuff,97115174,1689
1224,15036038710,99933672,1689
1225,hbid123,94688112,1689
1226,ramiaace,98783554,1688
1227,R1A5,99612541,1688
1228,earlytimes123,94389569,1688
1229,DmitriiElf,96283010,1688
1230,ShovelKnight,85305282,1688
1231,tuotuosi,94113746,1688
1232,FlyingDeep,83942832,1688
1233,AlanWaP,96739583,1688
1234,Lampler,94331264,1688
1235,cyn726,98509147,1688
1236,rd100,99835927,1688
1237,beerzon,97572984,1687
1238,Petra_J,95236088,1687
1239,IPAMSTER,91323142,1687
1240,NiklenNick,96251147,1687
1241,mmjimmy,84854344,1687
1242,triangleforce,95997311,1687
1243,haiduk,86236054,1687
1244,carcassian,95756634,1687
1245,pocket summer,96988028,1687
1246,Bencoudon,95358559,1687
1247,wang xiaochuan,91574792,1687
1248,HansDieGewürzgurke,92672256,1687
1249,Ran-lv,97241298,1687
1250,Always_sleepyyy,99113586,1687
1251,XiGua9527,96916614,1686
1252,4lgernon,99454180,1686
1253,BlueEyesMeeple,99172923,1686
1254,Althenorn,85438498,1686
1255,quillll,96579607,1686
1256,sashn,93483569,1686
1257,sukubus88,93793813,1685
1258,HugeEggDonut,98868286,1685
1259,lipu_ding,94407840,1685
1260,Mubai158y,96974438,1685
1261,Gucus,89289260,1685
1262,denaski,91727885,1685
1263,Vivian_kk,94014537,1685
1264,Wolf Ren,92800174,1685
1265,kicktal,100055374,1684
1266,honglongweng,92079732,1684
1267,DubuSalad,92705859,1684
1268,DanielCamposR,94907986,1684
1269,Verena99,96412085,1684
1270,BraveChicken95,96394580,1684
1271,mihudajiebao,95506831,1684
1272,ActionAri,92411381,1684
1273,morphith,95937837,1684
1274,tobyskov,92896423,1684
1275,FlowwYote,94296840,1683
1276,Gabor421,84989824,1683
1277,nuq043,97870922,1683
1278,boenthoe,92099717,1683
1279,SlugMiao,97359229,1683
1280,JDrrrr,95829194,1683
1281,claysnow,98178978,1683
1282,1321094437,97019193,1683
1283,Seattle Curry,87958667,1683
1284,Lestatm,87763288,1683
1285,lIlIlllIII,100054175,1682
1286,buckeyeguy15,95472782,1682
1287,NilsDijkstra,95541247,1682
1288,lukeQQ,98011575,1682
1289,thuanphong,91163419,1682
1290,xxnm,94540253,1682
1291,khalil1515,96569354,1682
1292,xianxinghai,92949419,1682
1293,Alkene222,96051397,1681
1294,jokerkhor,95969936,1681
1295,zitcob,85257822,1681
1296,lynhhy,97202314,1681
1297,Racer31,95018246,1681
1298,CE3_1905,88845801,1681
1299,alunhuang,94187459,1681
1300,generaf,87151050,1681
1301,pjzfcjm,84186722,1681
1302,mangocheesee,91857135,1680
1303,nekoringon,91260181,1680
1304,Nedyaz98,97164540,1680
1305,ImperialStout,84339872,1680
1306,anonymous_platypus,93494486,1680
1307,YBreen,96561950,1680
1308,Isametric,87971621,1680
1309,dung_beetle,100180610,1680
1310,1998KR2019IAN,91110025,1680
1311,perhaps123,94101055,1680
1312,shi-nian,96436012,1680
1313,Melkyrios,94242584,1680
1314,MiaoMM,98424564,1680
1315,Hanzibal,86374828,1679
1316,strange-duck707,98060156,1679
1317,SpencerC,88552119,1679
1318,jbbrick55,93298788,1679
1319,luan_,96625425,1679
1320,vtl765,99161076,1679
1321,quanquanjenny,95842793,1678
1322,XZXXZXXZX,95482868,1678
1323,Iambeginner1,99095313,1678
1324,scorch3d s0ul,95837381,1678
1325,gaoyuan0112,97195777,1678
1326,lamawurm,95860033,1678
1327,ojlxroo,97024713,1678
1328,46manjuu,95286106,1678
1329,WDSnc,96911279,1677
1330,calvaria,84401152,1677
1331,wanwan7,87728204,1677
1332,galvnmanuel,94745017,1677
1333,board8989889,96111153,1676
1334,oji lim,97221383,1676
1335,Darin_0222,97663186,1676
1336,heehan,89682368,1676
1337,birdmanbirds,95758101,1676
1338,sharp-1160166003-all,97857444,1676
1339,Asuet,93479963,1676
1340,AzzBzz,83925906,1676
1341,Horst der II,89786431,1676
1342,eaking13,93401066,1676
1343,Mrparrrrr,97662944,1676
1344,nervous youhomin529,98758557,1675
1345,QZzhen,96656919,1675
1346,Al_VeTaL,91228782,1675
1347,zkfreedom,94408912,1675
1348,elegant-cow245,99922597,1675
1349,nitiandidi,96926275,1675
1350,gudao1212,97737302,1674
1351,hnc765,99008535,1674
1352,Yuanzhuzhe,95904966,1673
1353,AteEverythin,96309050,1673
1354,AdaidaiNo1,96470110,1673
1355,HydrargyrumDuke,91215768,1673
1356,Dogtian0202,94806141,1673
1357,SpongeDon,87802691,1673
1358,sirearth_,97356720,1673
1359,ronzey,98419404,1673
1360,zhang6543212023,98602115,1673
1361,gxiaohan,96505568,1673
1362,Ashakura,33643513,1673
1363,FFFFranKiee,94587537,1673
1364,lucid-goose614,99721131,1673
1365,Birdie_onwire,85072637,1672
1366,MasterHako,95150962,1672
1367,sienmic,99683563,1672
1368,OkapiLover,98722383,1672
1369,Xerxes17,85541763,1672
1370,Nushasmall,94807131,1672
1371,stripy-rabbit,89962809,1672
1372,huntsamuel,95093778,1672
1373,sc sc,95185167,1672
1374,great-penguin575,99943088,1672
1375,Xiaojuzi,97755337,1672
1376,gghub,83846305,1672
1377,wancheng313,98476861,1672
1378,neoAdonis,97242441,1672
1379,xll5,92983120,1672
1380,tavvves3,99554175,1672
1381,gikgik123,95803129,1671
1382,week1901,98542747,1671
1383,ecstatic-cow822,98758533,1671
1384,bbbao,88878397,1671
1385,maomao16,95473018,1671
1386,makamaru,84320942,1671
1387,sdmartinca,89973996,1671
1388,bulbasaurus7150,98391248,1671
1389,something fornothing,96504327,1671
1390,M7-11,93300824,1671
1391,pate de lo,94901382,1671
1392,Camzeee,91323926,1671
1393,Mike Zulu 1,93857564,1671
1394,lululululucy,94501259,1670
1395,Ziyuanyuan,96303358,1670
1396,JongSeok Bae,85032190,1670
1397,gizmocraig,86563957,1670
1398,kjeltgoutbeek,99460550,1670
1399,opcrewmember,92093462,1670
1400,Ben Field,88742130,1670
1401,Rummikub Word,84196673,1670
1402,shygod,97032557,1670
1403,sharenmo,99110659,1670
1404,LLMMYY,96573548,1670
1405,Maskshadow,96584415,1669
1406,Nicolexx33,93966554,1669
1407,Confuc,92263568,1669
1408,sharp-koala953,98714632,1669
1409,gf13962385464,92500387,1669
1410,dzhang952,95715913,1669
1411,WillyTest,90132373,1669
1412,Quentino0,95709123,1669
1413,nothing is true,95567452,1669
1414,Vanity1999,98844974,1669
1415,Serenity___,100119863,1668
1416,Judgment Kayle,100149289,1668
1417,JosephLawless,87345950,1668
1418,MezzoMike,97926740,1668
1419,charlesmartin22,98073580,1668
1420,ChefMatt4,95951538,1668
1421,hot water terasareru,96249105,1668
1422,NeonPixie,97291028,1668
1423,NNEEEE,96521242,1668
1424,Anjong,94343430,1668
1425,Spheal_Clap,99604442,1668
1426,a_tRNA,99618532,1667
1427,mchen930226,99474546,1667
1428,lanoue01,94115147,1667
1429,Zanefan,97235689,1667
1430,085ned,68380324,1667
1431,tsp338,98839910,1667
1432,Marssssssssss,94049866,1667
1433,kirblcrusher,95826981,1667
1434,dimax270,85371938,1667
1435,elesil,96180847,1667
1436,vincents1994,92683795,1666
1437,fvs190,99245423,1666
1438,purinin,95276995,1666
1439,WLnova,96281222,1666
1440,mattmatt0623,96078060,1666
1441,talangloes,94379245,1666
1442,xrayxrayx,84424424,1666
1443,qdd QAQ,98012592,1666
1444,Runestone_Bison,92187781,1666
1445,rocklee9999,94036828,1666
1446,fangyhhh,97799419,1666
1447,SunYuan,97574331,1666
1448,68870070,98320879,1666
1449,630867534,96561957,1666
1450,mdlzg,97917550,1666
1451,Grand_Blue_Lore,96732187,1666
1452,SickMaster,94340123,1666
1453,lywai,96056953,1666
1454,Hoffmeister,95105035,1665
1455,Lilly the Pooh,96545816,1665
1456,Illidanb,95477077,1665
1457,woodenbox,92893596,1665
1458,Slevix,84636650,1665
1459,soulist21,94436238,1665
1460,EthanGTO,98271416,1664
1461,kers199010,95342151,1664
1462,Rysiuvg,85715505,1664
1463,goraewang,96930936,1664
1464,Tynie_02,100185011,1664
1465,brave-goose131,97698023,1664
1466,hieu9102002,99693815,1664
1467,amazingrobot,97816705,1664
1468,Matt0623,92777397,1664
1469,Ananwenwen,97178023,1663
1470,JohannV,95069929,1663
1471,RHM4,98149079,1663
1472,dehua3608,99337373,1663
1473,Merchinator,91861982,1663
1474,nuowei zh,97133786,1663
1475,zycccccc,95632620,1663
1476,whillg,96298248,1663
1477,jan dc,86016907,1663
1478,Speedykat,98335056,1663
1479,yingh1202,98805630,1662
1480,Ulfang,85388839,1661
1481,chenhx,96271878,1661
1482,Atari94,91219981,1661
1483,Michael23Jordan,96799954,1661
1484,OzyOsterman,84319551,1660
1485,Taiki302,96915742,1660
1486,DVDvDVD13579,92484270,1660
1487,facegood521,93486547,1660
1488,Clairex,94358441,1660
1489,HeirOfFire,97865241,1660
1490,313hhy,97742808,1660
1491,fed761,99277354,1660
1492,illion yang,97493017,1660
1493,Roonan,95670141,1660
1494,zzzz123439,95952744,1660
1495,TCV100,98819653,1659
1496,chenhenry003,95112378,1659
1497,DJ_Borj,95511538,1659
1498,BPSwagner,88858078,1659
1499,2021ivan,89916269,1659
1500,qianyeluofei1125,96282749,1658
1501,pmloikjuyhbn,92415080,1658
1502,mch254,97869457,1658
1503,CL0UD CL0UD,97338849,1658
1504,TalentedOwl,97258339,1658
1505,adoring-gerbil428,99120029,1658
1506,ntjingjing,92498820,1658
1507,RicardoLu,97765460,1657
1508,zachgarcia,94382064,1657
1509,Jones1984,40409177,1657
1510,Darkbright6,95310057,1657
1511,whelmking,97332620,1657
1512,chungypoo,95282411,1657
1513,Jabberwock3,84322115,1657
1514,Vento1000,93232586,1656
1515,Yumihei233,97459760,1656
1516,TheFlyingArcher,94531650,1656
1517,ksheppard23,95279508,1656
1518,Risneyrc,94680049,1656
1519,Fettfjes,84298491,1656
1520,Qower,93018899,1656
1521,Shiny_Charizard,85747932,1656
1522,gzj5661,98042527,1656
1523,jolly-rhinoceros117,99300117,1656
1524,Igord Kanoots,88353096,1655
1525,evan013,99922246,1655
1526,Krovax27,84773688,1655
1527,deman13,92420655,1655
1528,f0urchette,94448165,1655
1529,Mon-Key,97223522,1654
1530,7708801314520,84460236,1654
1531,zufours,88203018,1654
1532,mathtiger2005,95487093,1654
1533,AWu,83864699,1654
1534,classroom078087,97366499,1654
1535,1787428500,98127919,1654
1536,Arm7n,99492662,1654
1537,Dizzja,89938180,1654
1538,FélinAgneau,94344434,1653
1539,117032585,97123851,1653
1540,KUNAGVERO,98584471,1653
1541,hys1213,97117212,1653
1542,PookieFoster,96222616,1653
1543,lihuo,94310243,1653
1544,hidonbush,98011407,1653
1545,loafycattofu,99369364,1653
1546,Sheldbarn,85239067,1653
1547,lee26281,97097097,1652
1548,wizardly-kangaroo978,99440879,1652
1549,cwang27,84213420,1652
1550,Daniel1234567890,89493343,1652
1551,evelynz489,97632447,1652
1552,rainlovecc99,97672370,1652
1553,ali-85,97549217,1652
1554,dprise,95996437,1652
1555,Paumenn,93898902,1652
1556,haodashen110,94338457,1652
1557,VicVic1995,95673859,1652
1558,tuschba,95835490,1652
1559,superCMR,96612132,1651
1560,ROTHSCHILDLEE,99814816,1651
1561,yangzu22,88083093,1651
1562,Terminator Thomsen,95773389,1651
1563,LYHDoc,96075533,1651
1564,sjtuxiaowei,94429868,1651
1565,szddg,95203686,1651
1566,kelkoo,84424523,1651
1567,yeason,94434339,1651
1568,Huaqianshu,96227896,1651
1569,egirel,97747345,1650
1570,friendly_18560673361,99931674,1650
1571,paxx075498,96195657,1650
1572,thigya,90750695,1650
1573,HuutisMint,98645210,1650
1574,selwyth,85072583,1650
1575,TaburissWebster,57827867,1650
1576,Haohand,98533410,1649
1577,2isopropyl,85238302,1649
1578,guaixi,97945788,1649
1579,yp1244,95327691,1649
1580,LeeCloud,88351661,1649
1581,utopia15,95429084,1649
1582,ACKnowledge,95958603,1649
1583,shooooooooooot,95094577,1649
1584,anonaddict,91267239,1649
1585,Montu,83829111,1649
1586,general_panda,92073775,1649
1587,auru1333,99702889,1648
1588,yuyuwan,99178533,1648
1589,Time-to-fly,100060854,1648
1590,Caviar Rain,97286352,1648
1591,1253320228yhd,97387532,1648
1592,Xiao93,89107474,1648
1593,Xenath09,95094659,1648
1594,gie ter,94892161,1648
1595,rabbitgeorge,93492999,1648
1596,gman66,88414611,1648
1597,blind2,95341083,1648
1598,jvdv,86340033,1648
1599,Bythebook,95997674,1648
1600,elated-eagle756,100022895,1647
1601,vigilant2927,99818056,1647
1602,yunchetuo,96281150,1647
1603,aszi21,88103921,1647
1604,mcboyes,84460077,1647
1605,schnoukomz,96245312,1647
1606,kiblov86,96537972,1647
1607,a6971z,84909384,1647
1608,eloquents90630621,99368313,1647
1609,wangxiaowei,96401875,1647
1610,wwwchenxin787,97941017,1647
1611,zhubadedidi,97545006,1647
1612,XZXX,85860036,1647
1613,misplaymaker,97759070,1646
1614,anagga,84973949,1646
1615,RickyRacc,95491363,1646
1616,shtStorm87,95968404,1646
1617,Velotrampler,96406259,1646
1618,igorer,95342852,1646
1619,Young0820,99097704,1646
1620,sweet-clownfish,97057619,1645
1621,shinyonghyun,95582827,1645
1622,Selky Rose,98005356,1645
1623,ANT-Vittorio,95643167,1645
1624,Frozen_piaaa,98855368,1645
1625,dylyg,96350159,1645
1626,creature72,96213388,1645
1627,Hank1426,96586974,1645
1628,vvv1104,98055534,1645
1629,The Kuan 2,99822261,1645
1630,vanzep,99447351,1645
1631,ezeeckiel,86537638,1645
1632,zutomayofans,98364528,1645
1633,ThrabenInspector,99354071,1644
1634,bl4th,93497533,1644
1635,chooooovy,98201848,1644
1636,munpoi,96703210,1643
1637,ytzallycat,98416673,1643
1638,great-sheep384,99974966,1643
1639,yucky-nante,90047894,1643
1640,r1hcgo,97577302,1643
1641,Paulie Garand,98679101,1643
1642,Tawanda21,93049181,1643
1643,ProfSupport,93935204,1643
1644,MB812,85902347,1643
1645,Mengxi0305,99420352,1643
1646,donggone,92615273,1642
1647,Yan Huanting,96979043,1642
1648,RoyceLin,84152435,1642
1649,bxbxbx,97145138,1642
1650,Skylar,98731422,1642
1651,sleepyist,92854547,1642
1652,ryanechternacht,86046658,1642
1653,sr4444,94822168,1642
1654,ReCooperative,92708622,1642
1655,felipedsp,100124640,1642
1656,HuAerr,94227716,1642
1657,Moe100,91190326,1642
1658,angel2121,84850475,1642
1659,oli35,72618899,1641
1660,Rymor27,95151558,1641
1661,Rick Muus,85760343,1641
1662,Lucky_zzzZZZ,93377253,1641
1663,flyingmuskrat,86237008,1641
1664,magoplayer,94530210,1641
1665,dvan21,96158795,1641
1666,Leafly,84349711,1641
1667,EquilinT,94160543,1641
1668,wbn534,98554846,1641
1669,acquittance,92425054,1640
1670,Xoth2,92905462,1640
1671,Maven,99319969,1640
1672,752257324_LQJ,99086866,1640
1673,HanzyEZ,97241388,1640
1674,Asgaut,98248963,1640
1675,F4br1c3,93679437,1640
1676,Djuhan,95798015,1640
1677,Ramonsterchen,87623428,1640
1678,ultradespairius,99419207,1640
1679,pjtseng620,90866595,1639
1680,miyanaga saki,97746297,1639
1681,Chairman_Marv,87840567,1639
1682,sugarife kiriki,96717433,1639
1683,kind 1524490286,98082572,1639
1684,Junning,97955984,1639
1685,Mihai016,87386648,1639
1686,micng066,94659393,1639
1687,infallible-sheep-man,98250544,1639
1688,HZLSSB,97803205,1639
1689,shrubs7,88055331,1639
1690,Fanta sky,96539967,1639
1691,wouter106,98232902,1639
1692,233ssr,98700027,1639
1693,Jsmallp,96040459,1638
1694,Bananenvla,100013964,1638
1695,Raphe22,95580809,1638
1696,pandax42,94711042,1638
1697,Doppelgang,98873832,1638
1698,Ice_change,97473948,1638
1699,Evanescent,99181529,1638
1700,qoc967,98128343,1638
1701,Beammeup87,95056415,1638
1702,mjourardarena,98958034,1637
1703,Stoic-Sloth,97194516,1637
1704,u_u o_o,95974025,1637
1705,Chicobing23,97249641,1637
1706,Luciddream08,94532497,1637
1707,dxv031,98105312,1637
1708,Thunder1619,88232488,1637
1709,bartvk1,94117069,1637
1710,ericlpress,93194072,1637
1711,OnlyBirds,96249741,1637
1712,eric3977,98583482,1637
1713,Ttmanm,94987436,1637
1714,tamakoko,85275387,1637
1715,KKAss,98624218,1637
1716,SunXiaoChuan 258,99214246,1637
1717,maurice386,97343142,1636
1718,donkeyearshoo,96706649,1636
1719,chihuaihuai,98857363,1636
1720,Zoosis,96051655,1636
1721,Djemba_Djemba,94348756,1636
1722,Nidd Pomme,91807261,1636
1723,Malekbonnudd,90105801,1636
1724,ASDFasdf,92076098,1636
1725,xupengzhi9688,98546878,1636
1726,shizhao211,99038719,1636
1727,MasterMystery,66074417,1636
1728,TheNights7,96407081,1636
1729,Manrick,95089440,1635
1730,mal514,99257553,1635
1731,Linkangel,92438556,1635
1732,Roobid,85429639,1635
1733,Dallu,95646213,1635
1734,Haetr,97920810,1635
1735,bgz544,96161121,1635
1736,Underwater Citizen,87781727,1635
1737,Anthem,98362103,1635
1738,sepkor,91996028,1634
1739,CHKIM1,85605679,1634
1740,luckyHanzo,95348598,1634
1741,Tyrian,28976494,1634
1742,Dagstaff,94134337,1634
1743,jfr33zy,97314856,1634
1744,lyyyyyu,89977038,1634
1745,als593,88589486,1634
1746,SIU14,93768123,1634
1747,sandnfire,92079545,1634
1748,Vali1590,85604495,1634
1749,phlying,94488927,1634
1750,gergosz,92726269,1634
1751,Lux6556,95839725,1634
1752,SPZDestro,95147854,1634
1753,angry jay,88658213,1633
1754,xizilu,97103821,1633
1755,Djugdish,89700657,1633
1756,JJAppleBear,93759203,1633
1757,bjornanders,98026947,1633
1758,ComplexMuffin,85854492,1633
1759,WangZaiG00dEnough,99467819,1633
1760,Nocilo,96340845,1633
1761,harut00,95821381,1633
1762,zuiaipaoJ,90903235,1632
1763,Simon_0ne,92542635,1632
1764,woshixiaofeng,95947269,1632
1765,ukc313,98902635,1632
1766,ljxngift,30612112,1632
1767,KalecgosK,91130553,1632
1768,yoz933,97455775,1632
1769,feifange,96751895,1632
1770,ginger-tabby,98912280,1632
1771,12270110,89644742,1632
1772,374714001,93218098,1631
1773,Kanggu,94866706,1631
1774,danimalk6,95177231,1631
1775,Strange-Loops,95533566,1631
1776,Whippet11,86327878,1631
1777,Aristai,95065204,1631
1778,nerdindisguise2,95107700,1631
1779,homuraww,94575560,1631
1780,crusader-san,97783908,1631
1781,davidb9,84441130,1631
1782,toraratora0704,96742109,1631
1783,Mingyy,92454950,1631
1784,Euphoria6657,100030356,1630
1785,islxyqwe,96891744,1630
1786,tsj7,93976058,1630
1787,-ZAAKSAN-,93021055,1630
1788,Jollyman6,85661077,1630
1789,843494588,97834763,1630
1790,ytk118,99135261,1630
1791,escapellar,90567989,1630
1792,Leemzz,90596488,1630
1793,hohighb2024,96987567,1629
1794,pawelgaming15,99532844,1629
1795,mikechike,85159195,1629
1796,lazieast,97486222,1629
1797,sayoi07,99647812,1629
1798,sunindoor,94982532,1629
1799,XDK96,87931704,1629
1800,stc12250715,84304883,1629
1801,fk3swgbu,99923900,1629
1802,YetiJust,85455513,1629
1803,ly3472,95574012,1629
1804,_cult_,97022256,1628
1805,bearhunter996,98003026,1628
1806,Leenye,98995848,1628
1807,GustatiK,98137139,1628
1808,charming-duck452,100005932,1628
1809,HBom,89020983,1628
1810,gombakery,98592035,1628
1811,Steammachine,85146292,1628
1812,myqg,94308133,1628
1813,Turtledude3333,94157812,1628
1814,LetsHaveFun82,96307285,1628
1815,mushui19,96556648,1628
1816,AAgtin99,95985077,1628
1817,angdavid,96091652,1628
1818,Re_Load,91281677,1628
1819,fish124,99402106,1627
1820,klmgaaa,98277795,1627
1821,EdsonDu,95833972,1627
1822,svs149,95663247,1627
1823,smars9,98978031,1627
1824,xiao shao,98267089,1627
1825,zhengyixianyu,95430601,1627
1826,vengeaxenon,87914167,1627
1827,Guojiiii,96813295,1627
1828,gtgt410,96740318,1627
1829,Cruesli,99495310,1627
1830,SometimesRaining,94957718,1626
1831,su594628025,97521360,1626
1832,HassyHH,96546809,1626
1833,Oelephant,95127754,1626
1834,7king,96361021,1626
1835,problematiq,92545197,1626
1836,HYH3492,98381286,1626
1837,dtien,88035313,1626
1838,Arrigo II,85843781,1626
1839,whiskypedia,95480765,1626
1840,Stormpp,96024723,1626
1841,jiaoyancoke,97641240,1625
1842,House Goat,94028404,1625
1843,ioesa,95041562,1625
1844,Porassu,92809159,1625
1845,cultry,93245505,1625
1846,17burger,98629078,1625
1847,migu89,94367436,1625
1848,LONGJUAN200,99095070,1625
1849,K uro,85081375,1625
1850,PierreLGL,94304672,1625
1851,GrandBlueLore,96735201,1625
1852,focused-cow808,100023933,1624
1853,frank030,96610974,1624
1854,EliCavalcante,84333610,1624
1855,ModdashG,92768003,1624
1856,Luluaxinxin,95893320,1624
1857,Cat Cat Cloud,99977633,1624
1858,dingga11,94068967,1624
1859,MrKookaburra,100039191,1623
1860,crmj,97985939,1623
1861,Agatebeo,85223927,1623
1862,oceanxlwang,99143601,1623
1863,sirius4408,90947391,1623
1864,Rosanna0925,95034180,1623
1865,Dr Kira,95435106,1623
1866,DerTodgeweihte,98088756,1623
1867,SenileBear_,96935112,1623
1868,ooltje,88803089,1623
1869,amazing-comic,98941029,1623
1870,Maxbot10,93924785,1623
1871,whale player,95858109,1623
1872,azzzhh,95764182,1623
1873,yangmalou123,96626231,1622
1874,xiazhi,92342151,1622
1875,Daviddv,87879494,1622
1876,Kidy17,95510147,1622
1877,renren15,98860836,1622
1878,shyunju21,97225028,1622
1879,bangi12,99697938,1622
1880,ebn703,99425181,1622
1881,smoothziwi,96311476,1622
1882,meizhizhi,97745822,1622
1883,541968416,93935179,1622
1884,remilstl,94587394,1622
1885,Lester Burnham,92969515,1622
1886,victorioushermit,95438390,1621
1887,bigseven,99057270,1621
1888,0NYE20UT,96009605,1621
1889,lyan4158,98882869,1621
1890,guatai321,94362339,1621
1891,ultimate_frisbee,99104672,1621
1892,KlopsKlops,87930126,1621
1893,Faavy,98059384,1621
1894,Eurusxxx,97637291,1621
1895,GregPL,90706192,1621
1896,botsur,85186774,1621
1897,hansdampf,94808305,1621
1898,sy-hubao,98301356,1621
1899,lyfgsjaignpjsadkcw,99509557,1621
1900,llxllx999,94184206,1621
1901,bytoo,93120853,1620
1902,sinarmed26,97590396,1620
1903,LCerr,95887137,1620
1904,da0220,97555834,1620
1905,puizeru,91412542,1620
1906,Nansouu,90849435,1620
1907,Zebraherde1902,97947226,1620
1908,bbk821,96394793,1619
1909,castelano_samp,93063380,1619
1910,ELwinda,92519370,1619
1911,Frank66zhende66,95579839,1619
1912,xiang_0,96669679,1619
1913,shizhishuangmou,95418772,1619
1914,darlinepope947,99339348,1619
1915,Niggovic,94351070,1619
1916,ZzReborn,95656596,1619
1917,Shaola_cn,96132405,1619
1918,johnny_s,98382042,1619
1919,rice_wine,96891460,1618
1920,erdengbinggan,99204632,1618
1921,Celebella,96139585,1618
1922,infinie-world,97104351,1618
1923,czx1992,96741590,1618
1924,NicoEscabo,95236314,1618
1925,Gleikara,96328313,1618
1926,qiangda,98336968,1618
1927,qosashvilig,97208937,1617
1928,Nomoral,93126668,1617
1929,Tiffzzz,95240783,1617
1930,QHZJ,98204824,1617
1931,Lollipoper,96924581,1617
1932,soyeon_12,94868984,1617
1933,darreljnz,84479654,1617
1934,JerBu,85835357,1617
1935,jeffrey13250,94305448,1617
1936,euq115,96719552,1617
1937,J-boi,87800502,1617
1938,taruntheo13,97991294,1617
1939,DeVante96,97924529,1617
1940,ruru52,94778750,1617
1941,jlcqrlqwisk7b,99724567,1617
1942,ARK - Totoro,97656676,1616
1943,ZZZWF,97627027,1616
1944,cby379,96360876,1616
1945,Shin Ramyeon,84849625,1616
1946,TZHei,92569946,1616
1947,Lularge,92413986,1616
1948,RemusLZY1023,92913798,1615
1949,fengzhuzhu,97649537,1615
1950,wc472051748,97769804,1615
1951,lack,5110256,1615
1952,babouche_babouche,97243337,1615
1953,82-,97789428,1615
1954,AaronBE85,85499118,1615
1955,TinyFAS,92316292,1615
1956,Emil90,94854600,1615
1957,Gen Powell,96689538,1615
1958,italiandonuts,96408204,1615
1959,4399MM,98011549,1614
1960,Jinyao2333,98116195,1614
1961,runhaags,97093588,1614
1962,ToastyMarshmallow,84443040,1614
1963,karnokrat,95456491,1614
1964,weiansaber,94512867,1614
1965,lddbddam,94988802,1614
1966,l1kkr1t,98486163,1614
1967,Tsirimourdios,94365084,1614
1968,boardgamecafeone,92352931,1613
1969,fanciany,99848403,1613
1970,BearsAndEagles,96072128,1613
1971,m4irintadenise303,98521845,1613
1972,KaijuYeager,95010957,1613
1973,ainzzzzs,94240600,1613
1974,arnoldpower,97478764,1613
1975,Bucuo,97707659,1613
1976,talentdeficit,94626374,1613
1977,Dinandino,6894032,1613
1978,alinna621,98081023,1613
1979,Kraznew,99886634,1613
1980,badnetwork,96287208,1613
1981,BraveDaddy,95250853,1613
1982,aRT_shok,95523604,1612
1983,kafuuuuu,85183956,1612
1984,houzi0209,84396877,1612
1985,giraff1,95590656,1612
1986,lobster 91,99119632,1612
1987,XAShadowFreedom,97095659,1612
1988,Gipsos,94481700,1612
1989,ShrimpBuger,95753538,1612
1990,lupinxdt,84175245,1612
1991,zaoshui081,91592721,1612
1992,aurepaul,86823643,1611
1993,FKorsvik,94538001,1611
1994,Isaacdnt,94001984,1611
1995,HLW22,85296245,1611
1996,XGHJ,97466547,1611
1997,ziling601,97982723,1611
1998,Baihechou,99374976,1611
1999,ruimorgado,98652545,1611
2000,dangerock,38770469,1611
2001,maxaha,90718942,1611
2002,xhsbhh,95620771,1611
2003,dk_for_game,87743662,1610
2004,Capcanopy,94455993,1610
2005,manee135,94480877,1610
2006,305387106,97084023,1610
2007,tsondger,85635584,1610
2008,Mr80_real,97846885,1610
2009,per753,99282898,1610
2010,nemi_5,98982458,1610
2011,Forthewind,96924913,1610
2012,9gin,85364199,1609
2013,17858667668,97535535,1609
2014,chen-hf,99229550,1609
2015,juice hua,93134604,1609
2016,duck yong,94165707,1609
2017,eager-giraffe72,98469988,1609
2018,esecan,94606198,1609
2019,Ohrmazd,97178519,1609
2020,Pitufitoo,86871207,1609
2021,Doomgate,94955294,1609
2022,ahafreshmeet1,95195207,1609
2023,yongqidon2393,98245499,1609
2024,Dark_Tweek,95439778,1608
2025,Night-dyeing,96599535,1608
2026,TheAmericaExpert,97217382,1608
2027,415180100,97053244,1608
2028,bodof1,95237219,1608
2029,jackykb1017,89121471,1608
2030,DogHoney-_-,92563698,1608
2031,RenarinFansOnly,98914358,1608
2032,PaulStupka,92100380,1608
2033,ppky000,97581593,1608
2034,PrestageHolmes,94489766,1607
2035,delirious_kakapo,99210581,1607
2036,senkutrpn,91995213,1607
2037,tatakai1,95635570,1607
2038,AJCIII,95943391,1607
2039,squidwardhhh,94429629,1607
2040,Obnoxious_Ostrich,94664889,1607
2041,postmans,84315928,1607
2042,Killvil27,94414109,1607
2043,surfer890c,95485490,1607
2044,Vigfus,84018978,1607
2045,daladala45,89840959,1607
2046,Treyjonji,93680247,1607
2047,chun geer tai,94169485,1607
2048,Imsoanimal,98099832,1607
2049,T Street,93256427,1607
2050,AdamHorton,83877945,1607
2051,lichall,96676548,1607
2052,KasuganoKinne-Re,97553041,1607
2053,dyzqua8tx,98924742,1607
2054,fleeting water,97072840,1607
2055,Savke,87301732,1606
2056,QllQ,95047217,1606
2057,zbaiter,96529172,1606
2058,goldpizza,94774654,1606
2059,choifah,94102744,1606
2060,ericsabee,83873230,1606
2061,gallant-robin98,98733414,1606
2062,kaibail,96902432,1606
2063,0mmx0,93123242,1606
2064,Phenozouer,92444451,1606
2065,asd12789,99325099,1606
2066,jergal98,91379040,1606
2067,InsightT,96889768,1606
2068,ravelstein,98272374,1605
2069,thoams,84173338,1605
2070,zyh3,95458957,1605
2071,xxsilent_strike,95789672,1605
2072,ShangXY,96057258,1605
2073,jalboj,95886756,1605
2074,jiangxiaoyu,96586344,1605
2075,Serenity__,98693356,1605
2076,mrtehee,91572730,1605
2077,Springzzz,97946840,1604
2078,Oni Shawe,99451385,1604
2079,colawhale,99368708,1604
2080,AGGRODA,94230903,1604
2081,shierbushier12,98141300,1604
2082,rinse99,93713716,1604
2083,ryo64,94632944,1604
2084,molotovcow,94687222,1604
2085,happyge,91600993,1604
2086,aleixpujades,97568843,1604
2087,Illasos,96137892,1604
2088,wdx19972010,98381319,1604
2089,zhushen66,96160038,1604
2090,gamergirl1994,94572698,1604
2091,Wander_lust,96864050,1604
2092,Cow 9505,93922871,1604
2093,Blood_Stone,97320620,1603
2094,HaskyFDU,90651844,1603
2095,iirosss,96977074,1603
2096,IAMKCHINA,98352091,1603
2097,BeXXs,89844096,1603
2098,m0n3,93901102,1603
2099,TTCC MM,98462733,1603
2100,MirkoMirkoMirko,88348816,1603
2101,doriczhou,96853802,1603
2102,BestofSNU,92976064,1603
2103,uep560,99263302,1603
2104,Cameron Tucker,95867177,1603
2105,KEVOHXY,94294894,1602
2106,Illu333,91544252,1602
2107,FishLifi,91417584,1602
2108,petereg,91900088,1602
2109,Wylaryzel,84287320,1602
2110,Z-Type,54370796,1602
2111,prajmus_,94159758,1602
2112,runxiao,97053343,1602
2113,onlyMapA,98950576,1602
2114,time out you die,92493564,1601
2115,rockmanx2021,93551947,1601
2116,Masnonet,85516982,1601
2117,J A Frederick,95056203,1601
2118,657417037,97090321,1601
2119,xdv721,98891064,1601
2120,supersoupcan,91776428,1601
2121,evil7683,97460074,1601
2122,1010jjqqkkaa,94796494,1600
2123,litiany,94950295,1600
2124,yuyu2424,93821681,1600
2125,ComoCake,87148418,1600
2126,huayanxing,95265028,1600
2127,furion89,96519941,1600
2128,zyx1005,91120675,1600
2129,AAAllen,95828140,1600
2130,xRicardo,97770188,1600
2131,RavenDavy,92320931,1600
2132,Dymension,84563034,1599
2133,837711354,97743210,1599
2134,markustischer,97278522,1599
2135,SquirrelDoingMath,96288408,1599
2136,Masschy,30189720,1599
2137,hiro17,84618025,1599
2138,buk601,97990134,1599
2139,167333096,99256082,1599
2140,yymh,94389561,1599
2141,ZooCreeper,94463831,1599
2142,Caelestral,84637273,1599
2143,blanket manager,93728906,1599
2144,yhs18544415,94072884,1598
2145,adsaxzcvqwe,96866138,1598
2146,keep dreaming,98880364,1598
2147,schwagtastical,97524990,1598
2148,StArvid,84569546,1598
2149,gimcheolsu778,99359271,1598
2150,fyc933,99134626,1598
2151,Vivian8210,84799166,1597
2152,vasean,97562048,1597
2153,Kaijisama,85401065,1597
2154,JakubNa,98897196,1597
2155,jahHao,85237330,1597
2156,1012k,90102316,1597
2157,Digidong,94343112,1597
2158,sbk006,86580306,1597
2159,banan,92489292,1597
2160,zimensik_16,97988982,1597
2161,184290480,98682652,1596
2162,ResyreV,83896577,1596
2163,lee902,93094884,1596
2164,sad_gabi,99520653,1596
2165,SuperJi,96160824,1596
2166,laynewebb,88376997,1596
2167,pddk1,93170253,1596
2168,zhanghongyang239,99639251,1596
2169,Deadfsih,98299529,1596
2170,AlexRTZ,91179382,1596
2171,BoyuLBY,95613852,1596
2172,dada623,83841975,1596
2173,DZJ945,97059294,1596
2174,honghuanjiang,98882299,1596
2175,piomoc,94819504,1596
2176,Ondra12345,89592614,1596
2177,ROSEALLENzwt,94453618,1596
2178,aweakman,96283564,1596
2179,nihility7,98784121,1596
2180,forist,93536913,1595
2181,lavoia,97992984,1595
2182,HeavyKladdkaka,94947404,1595
2183,asiagrubas,84333449,1595
2184,lyizh,98549713,1595
2185,quarantine25,88846193,1595
2186,inspiring-lobster590,100152420,1595
2187,54321048bigi,98683799,1595
2188,Enrique28,95916480,1595
2189,withmaple,96597290,1595
2190,Cindy1228,99364422,1595
2191,haikesi,99193799,1595
2192,AlexSK06,96081266,1595
2193,chomkrengkrai,84432648,1594
2194,877349245,99014364,1594
2195,smoothduck15,84725614,1594
2196,JustKinsilm,96622138,1594
2197,Halli_Hallooo,96122704,1594
2198,gunners009_octopus,100094756,1594
2199,Macaaron,84212443,1594
2200,shogi_neko,90981707,1594
2201,zytasdf,98497740,1594
2202,shadowdancergr,95556688,1593
2203,quirky-flamingo170,98933605,1593
2204,tooimichi,97901556,1593
2205,k4r,44186487,1593
2206,sharonSS,95828792,1593
2207,LaLanan,94625441,1593
2208,irtranquil,30576691,1593
2209,socoldwood,94838994,1593
2210,HopeMa,97725938,1593
2211,ZZM6191,96464794,1592
2212,zafy05,95897652,1592
2213,jakhollmann,86138009,1592
2214,Burgos,85044413,1592
2215,741030974,99665954,1592
2216,sholkk,99045104,1592
2217,uil685,97473739,1592
2218,KousukeKun,86160271,1592
2219,peti920820,95586869,1592
2220,523914354,97274606,1592
2221,kdr234,97653516,1592
2222,foger,94618576,1592
2223,Zsgergoe920607,95847800,1592
2224,yangdan,90019590,1591
2225,yangyishen21,97170473,1591
2226,BushyyDoc,98872149,1591
2227,tomxu1,98480062,1591
2228,0melette,95560051,1591
2229,SteveTheOrca,87139668,1591
2230,Jukut,91596966,1591
2231,coastline-go,94385799,1591
2232,BasaranAC,85089891,1591
2233,amazing-gorilla998,98220016,1591
2234,Gucizhou,96065032,1591
2235,Mandian Zenmele,96550858,1591
2236,pns703,98823772,1590
2237,Zhou_ker,96656250,1590
2238,jmdrexler,98006450,1590
2239,q1617625128,97801706,1590
2240,tpig,86372262,1590
2241,gifted-toucan891,99989815,1590
2242,T_Rex,41714449,1590
2243,Lovinho,89481879,1590
2244,FINGLAVINAA,90768079,1589
2245,Akirame,91226172,1589
2246,dnyrcjhohdqzdcgitn,100029205,1589
2247,wonderfullibra,99252923,1589
2248,adkotrla,96068015,1589
2249,Sist,88530582,1589
2250,kim goguma,95183439,1589
2251,crush one,98337101,1589
2252,Castle_MS1,98017277,1589
2253,j3xr1,95588961,1588
2254,Momo-ring,98337773,1588
2255,WXsama,94628041,1588
2256,beibeikiss,95802008,1588
2257,rj645,93540622,1588
2258,nanodesu13,88350706,1588
2259,YQ play,96755884,1588
2260,liuqytjueducn,96240021,1588
2261,Expert in herbivores,99578171,1588
2262,sleepy z2867571095,98388809,1587
2263,zhanx,90951086,1587
2264,Bluewind0102,94309896,1587
2265,K4KI_P,96215996,1587
2266,DurdleGerg,86875937,1587
2267,chisa_fan,98161375,1587
2268,instantdead,98969067,1587
2269,huaishi_9597,91707515,1587
2270,fireflys,95240074,1587
2271,Noarsark,96199999,1586
2272,haneul-so,84060632,1586
2273,Oxazepam,89414228,1586
2274,BroadSean,92708731,1586
2275,yuan020209,97939913,1586
2276,UnluckyMonk3y,99297110,1586
2277,riannel,91932005,1586
2278,Rekulati,95108895,1586
2279,salfaa,98192564,1586
2280,Jobberwocky,89521848,1585
2281,atnino,97180083,1585
2282,MaximilienLeblanc,96862178,1585
2283,bold-fish670,99906068,1585
2284,zhen_w,94475257,1585
2285,takoyakikorokoro,93221979,1584
2286,vxc606,99122431,1584
2287,kongbaizi,95787042,1584
2288,DamiSoldi,96903883,1584
2289,ACR85,86802162,1584
2290,asdswsxs,88983874,1584
2291,gg237q5,96850802,1584
2292,FAE44,92461793,1584
2293,Yavyy,97125473,1584
2294,HououinOrange,94354619,1584
2295,Tu Sai Chi,85255566,1584
2296,akaReject,93847723,1584
2297,ybj0309,91903691,1583
2298,Larisa-03,95492671,1583
2299,Theerathatja,92624266,1583
2300,OvOol,96959137,1583
2301,farhanav,91407072,1583
2302,Savancosinus,95100489,1583
2303,DevilHasHorn,98592365,1583
2304,Il_Paninaro,85282119,1582
2305,Byggemandbob,94989249,1582
2306,Sunna0718,99064075,1582
2307,urk632,97196011,1582
2308,zeitgeist0,94882704,1582
2309,gohongohon,2005114,1582
2310,suxiaoqiao,98438227,1582
2311,Yadirf,89132518,1581
2312,SonShark,85137217,1581
2313,joshmo65,84130489,1581
2314,Boborockt,94364013,1581
2315,Schizofranz,85837660,1581
2316,azsxy,95807369,1581
2317,Mr_salto,98098491,1581
2318,H0jun,97702634,1581
2319,rbe414,98611629,1581
2320,RAKHIM,84374657,1581
2321,hoyungkhy,97983820,1580
2322,Australian Quokka,100049619,1580
2323,HIHI HIHI HAHA,95848356,1580
2324,Mr79,97862392,1580
2325,eason_1shen,96632445,1580
2326,Jaded_Kronos,95716162,1580
2327,Tatertoteatalot,95529184,1580
2328,Kareu,94139574,1580
2329,hushwo,96138126,1580
2330,Shell_Z,97606580,1580
2331,walterwhite79,99402152,1580
2332,BenjaminXie,95105237,1580
2333,FGXKK,94604527,1580
2334,GilgameAsh,98474601,1580
2335,losingreallybadly,91881120,1580
2336,QUEYANG,97728558,1579
2337,D0ughnut,95560252,1579
2338,Nabalt1,91986124,1579
2339,deepha,94867078,1579
2340,dengziyan99,97704613,1579
2341,782618517,97573096,1579
2342,ma lai xiong,99707600,1579
2343,bgk132,95479519,1579
2344,just a peasant,89474426,1579
2345,vikkeer,97068945,1579
2346,Tokai Teio 945,95561586,1579
2347,a220172555,97540939,1578
2348,supercoolbrianD,95731029,1578
2349,cakepopdance,97239408,1578
2350,reborn8787,95298213,1578
2351,DolceFireBlast,85912313,1578
2352,trickbreaker,92103022,1578
2353,xy952700,96500284,1578
2354,-Ley-,98163097,1578
2355,seth2311,84345517,1578
2356,Abenteurer 86,89640771,1578
2357,petrichor_bo,94493997,1577
2358,Membochka,94073594,1577
2359,VanCity,84584019,1577
2360,Robyn Hood,94057549,1577
2361,Paracetamolol,100102272,1577
2362,leafleafovo,96087072,1577
2363,Gusty_1,90657525,1577
2364,fire and ash,93918294,1577
2365,pimdoodkorte,98151644,1577
2366,Capitalist Norbi,98657386,1577
2367,yuiyin,44156965,1577
2368,Xuerden,97068323,1576
2369,josiemyj,97258761,1576
2370,amaama10,85207263,1576
2371,rrosulek,94621639,1576
2372,halabalala,84073519,1576
2373,miniPENG,91228652,1576
2374,Lucky-boy,97920687,1576
2375,yakult-,96843470,1576
2376,Inxoteb,91160005,1576
2377,chris778898,95463214,1576
2378,mikadukiruri,96851283,1576
2379,Kamcyk,85135796,1575
2380,slyrei,94410656,1575
2381,kof2076,95615296,1575
2382,funny-pelican350,99605817,1575
2383,jakereiter11,97528288,1575
2384,kerrybgg,85312674,1575
2385,arielschvartz,93915477,1575
2386,trexchard,96230166,1574
2387,CountCoconut,95386082,1574
2388,justamjd,95826739,1574
2389,LauranceZ,96642136,1574
2390,hieu1998,94037868,1574
2391,jfbus,94841914,1574
2392,nds_dc,86732331,1574
2393,229133119,98339822,1574
2394,fthuning1,89079774,1574
2395,Jonuique,96097655,1574
2396,ch68ocgj,96621388,1574
2397,Legi30,92244333,1574
2398,DirtydDd,99373607,1574
2399,cj4JC,96696050,1573
2400,priceless-horse251,98497455,1573
2401,cuberner,86668551,1573
2402,Tuangcan,92738907,1573
2403,js844,97613621,1573
2404,heiqiqi0822,94468175,1573
2405,ctree_4113,97772480,1573
2406,Loki 88,98451048,1573
2407,Kyuuka Setsuna,95195176,1573
2408,GrandDed,95584568,1572
2409,nanyuanyiai,96933359,1572
2410,Devotion,84018089,1572
2411,ambroisemarche,97150713,1572
2412,Red Scare,99363968,1572
2413,yusongx,92505088,1571
2414,tuoas,84169556,1571
2415,Dong-Fang,93363452,1571
2416,vft811,95812462,1571
2417,Jupe15,94649999,1571
2418,juno jin,98706165,1571
2419,LTLLLL,90690116,1571
2420,BGlajiA,97814508,1571
2421,Jecoluce,94865522,1570
2422,Wifrules,85059154,1570
2423,lhuix1,94593269,1570
2424,BarneyRubals,86787244,1570
2425,Gedutis,85180490,1570
2426,Boondizzle,93147236,1570
2427,yhc9527,96421428,1570
2428,hedgehoooog,99190965,1570
2429,bukaxiaobai,99415128,1570
2430,LoudLouse,99969816,1570
2431,Countercurrent fish,96196158,1570
2432,yanzw4,97546377,1569
2433,gorgeouseveryday,100050138,1569
2434,qkn791,97365737,1569
2435,tqy2101,95377504,1569
2436,Yal1shanda,97142381,1569
2437,zis300,95972088,1569
2438,LuckyDuke266,97999038,1569
2439,mzagrabe,97773758,1569
2440,LOVE JIEJIE,97692012,1569
2441,Ailsa18,97436922,1569
2442,AugustSomebody,90201062,1569
2443,gabstuk,99154683,1569
2444,Yunch123,96258150,1569
2445,pack_,98450344,1569
2446,ExpertInPredator,100013091,1569
2447,Jacky He,94313073,1568
2448,heroofevil,38375601,1568
2449,Vinznx,94869209,1568
2450,NeilF1,89818176,1568
2451,ru1chong2zhuo2,97594602,1568
2452,xifeng,97915026,1568
2453,trondurt,96947059,1568
2454,stillwater_bg,96055184,1568
2455,saltandvinnychipies,95591364,1568
2456,zzybest,97856834,1568
2457,jun73669,85459301,1568
2458,AlphaTong,93086446,1568
2459,clemente96,95840152,1567
2460,FancyNancyPepcy,94085203,1567
2461,allredx2,94444918,1567
2462,crixalis_su,98509628,1567
2463,pattonhelman,92237877,1567
2464,tspintetris,88259733,1567
2465,kw64,99415486,1567
2466,xyq00222,98009018,1566
2467,TOEYKUBB,96863249,1566
2468,qkn626,97473695,1566
2469,qoq603,97111361,1566
2470,jegi,14902696,1566
2471,charming-turtle503,99335022,1566
2472,huc289,97190307,1566
2473,lujian520000,94308336,1566
2474,t_ja11,86318524,1565
2475,Lka1,97771476,1565
2476,PolarBear1997,98939712,1565
2477,2591623607,99119750,1565
2478,thewrewkcs,93190494,1565
2479,aidentft,97320195,1565
2480,MalibuOrange,93746170,1565
2481,Immopp,84530029,1565
2482,sybtom417,97256819,1565
2483,zjs2025,98754833,1564
2484,xushijiepupu,91961920,1564
2485,motimoo,95525103,1564
2486,nacholordius,93523863,1564
2487,Linneberger,98855165,1564
2488,YUNYING2025,97048844,1564
2489,cyu255,96674637,1564
2490,Jacck Bauerr,85981990,1564
2491,Ord1n,88733000,1564
2492,ShroomLover,97743829,1564
2493,Gaandalf,88883422,1564
2494,mightygerm,92682689,1564
2495,dayfla,90753401,1563
2496,ohkub,94768339,1563
2497,Epeius,90231693,1563
2498,wahaha913sky,94893379,1563
2499,laosun,94396927,1563
2500,WilloSdaddy,98046583,1563
2501,Shhmanduh,88386282,1562
2502,Belmarti,84000438,1562
2503,ravenpeter,94532715,1562
2504,LINGKING2010,94474765,1562
2505,U5712000,94763606,1562
2506,linshouteng,95362084,1562
2507,sweet-manatee278,97658814,1562
2508,NieHell,87006146,1562
2509,teacherSan,97477840,1562
2510,dodo773,97602433,1562
2511,thatiseric,90644530,1561
2512,xxmm99,98494455,1561
2513,Ghost8472,94119769,1561
2514,hru150,95879720,1561
2515,nirwan,86011752,1561
2516,yanhuayishi,94930870,1561
2517,Albert528,96525737,1561
2518,Poruchik,83888026,1561
2519,807812659gerbil,98672219,1561
2520,TanmieZel,95391693,1561
2521,Hatesnows,94191828,1561
2522,whippersnapper,97562773,1561
2523,Corwin007,84493122,1561
2524,Mitochan7,97019259,1561
2525,yezi777,97521197,1560
2526,kaya0729,99887265,1560
2527,GeekGirlGrace,94565170,1560
2528,wwwwwwooo,97662185,1560
2529,zhanchiaoxiang,97929176,1560
2530,Buksy,84762717,1560
2531,Sakura13495,96717109,1560
2532,lets_do_this,99083086,1560
2533,ArknovaJY,99689824,1560
2534,suuperrnovaa,93921911,1560
2535,zxnb,94215578,1560
2536,Rokafuchs,84307670,1560
2537,mywife msh,100010347,1560
2538,fsf586,99144701,1560
2539,LS85,17524426,1559
2540,Valdebum,95422739,1559
2541,aoaoao-,98297026,1559
2542,wingspend,96468264,1559
2543,AvaDDon,85779908,1559
2544,Myshkin90,98228721,1559
2545,infallible-tiger198,98497158,1559
2546,ThreadPacifist,88368905,1559
2547,joshp0407,92707612,1558
2548,MSTstar,97478582,1558
2549,Mbkristiansen,95746209,1558
2550,toptipper92,92673654,1558
2551,dafeiaki,95326217,1558
2552,towey,98263739,1557
2553,kittywink,93718088,1557
2554,X_alter,95935953,1557
2555,Jams39,88241667,1557
2556,SuperRich,93735987,1557
2557,ztp280,99241256,1557
2558,twotwo_0222,97663291,1557
2559,jordis,85229407,1557
2560,mengbidelaoshiren,94916054,1557
2561,Mykadlo,93013301,1557
2562,Shelter9527,91224035,1557
2563,Fabian154,89030427,1557
2564,moromi115,87165810,1557
2565,1010189800elephant,99178193,1557
2566,shaka3,94470069,1557
2567,Eetuliitu,94554034,1556
2568,dazzling_ww155843997,97506590,1556
2569,Matindo64,95019543,1556
2570,ajonk,96049949,1556
2571,reidbusiness421,97924357,1556
2572,luminouslore19,97789210,1556
2573,ritterboehs,97249970,1556
2574,InnocentKoala057,99426329,1556
2575,diluvien,91764064,1556
2576,Tinchodin,85040524,1556
2577,oli360,97104405,1556
2578,Joe Orser,94983628,1556
2579,gmoneyt1me,94323200,1556
2580,lIIlIIlllI,99154885,1556
2581,shaharbn,98185352,1555
2582,Bertrand_,85531270,1555
2583,SGo23,87309025,1555
2584,beixiazhi,100134623,1555
2585,lidawuqiong,92538705,1555
2586,plzbepatient,95080857,1555
2587,ItIsRickyAgain,96943599,1555
2588,imllkxs,92541257,1555
2589,1171449953,97857416,1555
2590,JeSuisMatt,89366854,1555
2591,Angelady,84253168,1555
2592,motyapa1,93925077,1555
2593,huy070,97132652,1554
2594,randomness0,93505921,1554
2595,YY114514,92326858,1554
2596,jbg442,96341046,1554
2597,kurohailo,94101510,1554
2598,FisherERROR,96934139,1554
2599,TheFlyingBoat,90286916,1554
2600,Alcanic,97207791,1554
2601,Ljffy,94154090,1554
2602,Kyshantry,84033406,1554
2603,reverent-bat736,98151226,1554
2604,Coolfanjack,95035064,1554
2605,linxun918,98806216,1554
2606,Elfbuster,93169903,1553
2607,TrinitSSN,92683604,1553
2608,KimOSung,92646503,1553
2609,mingzizi,86242075,1553
2610,Paul F,84375276,1553
2611,Emmanuel321,96880210,1553
2612,HTommy,96370058,1553
2613,channelish1,95553868,1553
2614,Lin_lindaa,97771078,1552
2615,hydralisk_896,95119136,1552
2616,jratana1,861402,1552
2617,xhm2004528,96248626,1552
2618,i7mago,99640355,1552
2619,dr_cdr,95588353,1552
2620,PandaStride,97552671,1552
2621,WesleyLiu,98461480,1552
2622,charlesthedog,97753714,1552
2623,revamaxx,85732442,1552
2624,vinny172vinny172,41224105,1552
2625,akuai,94255226,1551
2626,sad-bison100,99228540,1551
2627,lv3curtiss,84335732,1551
2628,Urb_Allycat,93062001,1551
2629,slsmith,96118560,1551
2630,ccczy,95832141,1551
2631,406347877,100013131,1551
2632,Tamedknee,87871231,1551
2633,alunl,88393344,1551
2634,Groovenstein,92746874,1550
2635,MPouf,96764903,1550
2636,fennudemianbao,91394389,1550
2637,Convanek,96522974,1550
2638,william80609296,96990532,1550
2639,NeverSaidAWord,94122943,1550
2640,ClimbingOtter,98489875,1550
2641,holyhunter1,97484136,1550
2642,kruyraisud,99529727,1550
2643,qiuqiu66,97477827,1549
2644,naoking_EX,98068472,1549
2645,Kai Der Grosse 42,92429835,1549
2646,eluvk,96393189,1549
2647,ppoiu,99693589,1549
2648,Lier,99635110,1549
2649,nice_houyx,97456799,1549
2650,430105squirre,99158060,1549
2651,jimbojimjim,94240387,1549
2652,dfistric,97591562,1549
2653,3092502902,98969540,1548
2654,Pumpds,84791061,1548
2655,TonnyRosK,11567916,1548
2656,Mic_thu,95649831,1548
2657,runetraeholt,89376980,1548
2658,Cpt_Pingu,95589715,1547
2659,Suzu_XIII,97741231,1546
2660,nengbengbear,94534456,1546
2661,roichenko,83994266,1546
2662,helpme-,97983704,1546
2663,thesmartnik,97854916,1546
2664,sleepy-hedgehog608,99664031,1546
2665,Vova_Korobka,23324802,1546
2666,Flinky1,93149448,1546
2667,Time machine 1991,96983350,1546
2668,FerIzara,86048193,1546
2669,rvy023,99172181,1546
2670,forestowl,94331439,1545
2671,domagoj475,99084943,1545
2672,Skier70,96043106,1545
2673,Fiebster420,96324926,1545
2674,jinkser333,86922317,1545
2675,6a1u5Mar1u5,87263676,1545
2676,fervent_tc_michael,99429639,1545
2677,InstaNomadic,88413292,1544
2678,Nhson,85104186,1544
2679,chagaman,83838150,1544
2680,CAN drink water,94945675,1544
2681,Kermit77,94580400,1544
2682,hon__,84659758,1544
2683,Traedorf,96386406,1544
2684,supealen,93766767,1543
2685,Latroiv,94701258,1543
2686,Iaranator,91069574,1543
2687,zyar14,98990709,1543
2688,Si1via,96530368,1543
2689,AliceBRabbit,97920872,1542
2690,JackyDS,97547360,1542
2691,HamabeMinamiDaisuki,99086894,1542
2692,havdalabills,90131528,1542
2693,koinegauhito,95748083,1542
2694,rikkiranger,91955175,1542
2695,Theoraft,91366217,1542
2696,HeKooro,85031087,1542
2697,7bc9rs,99040099,1542
2698,JunJunOwO,98569242,1541
2699,Love guogaimian,99961801,1541
2700,noveltysock,95597016,1541
2701,GehLordT,96448129,1541
2702,sshure,93088903,1541
2703,alexc883,95807938,1540
2704,King Ram,97194506,1540
2705,C D B,99667169,1540
2706,WindHunter3721,92209705,1540
2707,StrikeFreedomXA,97109383,1540
2708,marc323,94924868,1540
2709,arkalex,95683273,1540
2710,TreeFan,93469768,1540
2711,Icybone,93209560,1540
2712,medlo30,97994010,1540
2713,fusefusefuse,99148330,1540
2714,KyleCoyle,89240078,1540
2715,2213612705_robin,100122477,1539
2716,ohehehe,96215419,1539
2717,Lauta,92904261,1539
2718,jmad,85810509,1539
2719,AgentSmith09,96040853,1539
2720,Kamaza,93005840,1539
2721,Latsyrc129,89461192,1539
2722,cjnaigis,97129056,1539
2723,mojiang-xiaoxin,96249479,1538
2724,Xyw99,99207830,1538
2725,amber35678,94333678,1538
2726,stevewithaj,94086228,1538
2727,k4k3s,96559112,1538
2728,ljw-123,97275703,1538
2729,ken625,96530984,1538
2730,godblack,85266212,1537
2731,Normannnjr,94938662,1537
2732,Moonstone999,95085604,1537
2733,cupinseemoon,95598022,1537
2734,PontusQM,91997048,1537
2735,rcollegari,85872988,1537
2736,Markus_12,90767965,1537
2737,weiweiC,85477744,1537
2738,Sacrifar,84832745,1537
2739,M3ggo,99264975,1537
2740,Barkake,96107421,1537
2741,SubtrexX,99694949,1536
2742,Semic123,98905987,1536
2743,El9noz,95519190,1536
2744,boihand,98344193,1536
2745,Viceroy,9491185,1536
2746,MartinD,85846386,1536
2747,tky9933,99808320,1536
2748,ylang824,95753189,1536
2749,buncheese,97049867,1536
2750,Daanotello,93882185,1536
2751,bluefreez13,95582748,1536
2752,oresushi,98828138,1536
2753,xyj826,99555958,1536
2754,OnlyArenaMode,99669685,1536
2755,Aladinskii,93700314,1535
2756,Pomegranada,85245217,1535
2757,Hixsept,94285897,1535
2758,madsovich,95112503,1535
2759,Pin eapple,96125654,1535
2760,thefirstplayer,95038383,1535
2761,PiliTommy,96854480,1534
2762,bakalaka,98157260,1534
2763,TerrorCrew,95795630,1534
2764,Elias Rosted,89715923,1534
2765,DBerglund,89874381,1534
2766,RivaIIs,95160327,1534
2767,Henry_TW,93001733,1533
2768,schwame,86116771,1533
2769,logiclover512,94078577,1533
2770,NickyLarson,84879830,1533
2771,iriszzzz,97263329,1533
2772,wuli333,98293361,1533
2773,follow_chen,100086891,1533
2774,Chupparito,96295011,1533
2775,jess_i_ca,93749251,1533
2776,czh530,93294753,1533
2777,2022302050124,98326145,1533
2778,ury057,98837966,1533
2779,Mongoose01ca,85451811,1532
2780,tinchoacade,97518613,1532
2781,powerwise22,85067832,1532
2782,Joe Steele,94330942,1532
2783,Vegamon007,87604735,1532
2784,theophilos,94101427,1532
2785,Glossen,100023583,1532
2786,saouldure,89319747,1532
2787,nice-lion736,97615424,1532
2788,Haibara_ai,94544363,1532
2789,accorter,92182601,1531
2790,goakaki,96334474,1531
2791,Bohort,84828172,1531
2792,tyco7,94975493,1531
2793,grossi202,99105883,1531
2794,bobosunny,97553906,1531
2795,Tessie_Of_Winters,98925514,1531
2796,godpepper,86109422,1531
2797,Subbak,91298192,1531
2798,fish wu,95072691,1531
2799,Symbol0325,97509168,1531
2800,qingyang_,98380631,1530
2801,festive-sheep676,99823294,1530
2802,aHug2705,94402481,1530
2803,liaz37,98159727,1530
2804,sweet-aaron,98017169,1530
2805,ndot6,97902841,1530
2806,foringy,94535089,1530
2807,kevinling,83927272,1530
2808,Treasure chenxi,95689188,1529
2809,Luzzzzo,88756540,1529
2810,Tarish,96590513,1529
2811,Shadowmoonwalk,89136807,1529
2812,Kindfool,95867655,1529
2813,Cristian Caf,93517266,1529
2814,SebHau,93904856,1529
2815,jdog3000,87616480,1529
2816,RomeDubbs,96363014,1529
2817,byetmr,93613507,1529
2818,aefhiogaming,97753396,1528
2819,IzZI127,85256255,1528
2820,luckywagner,91185510,1528
2821,mmanch,95299209,1528
2822,innovation813,96664691,1527
2823,HuanTT,93854292,1527
2824,dididada,83836095,1527
2825,yke078,99219339,1527
2826,Lunapy,99504257,1527
2827,stefpenny,84889581,1526
2828,slayer202,99234924,1526
2829,paperboi03,83847533,1526
2830,bs_sms,98032872,1526
2831,RentonRaider,95237627,1526
2832,kazusanosuke0823,91111767,1526
2833,haoyunlai94,95534825,1526
2834,MatheusBra2il,97115168,1526
2835,wongpp,98226722,1526
2836,Earthlion,91580033,1526
2837,Shanna2023,94695684,1526
2838,Bai Zhe,98603107,1526
2839,MichuToJaChyba,88929743,1526
2840,kbuibe571,97839454,1525
2841,makasi1978,92354310,1525
2842,RichardPetru,96527341,1525
2843,CuiShuBingg,100030600,1525
2844,POPthing,98894092,1525
2845,lukmalin,98826425,1525
2846,ku0n0,92568046,1525
2847,cbaguette97,99969896,1525
2848,rhythnick,98353422,1524
2849,Arashikage,84087437,1524
2850,solitary4321,98273052,1524
2851,wwtaiqfj,95654253,1524
2852,Piierluck,96434977,1524
2853,smoogums,93208637,1524
2854,Tokuma081,95159434,1524
2855,davidlohovren,97172479,1524
2856,mrCAS,96662908,1524
2857,yujungx3,97083845,1523
2858,MrMaymay,94734537,1523
2859,baycpt,94595194,1523
2860,Ocunpitier,97789561,1523
2861,yuanpingu,98566888,1523
2862,Fizbobo,90642482,1523
2863,champhhy,96603600,1523
2864,laxiduo,98182952,1523
2865,heppeheh,98439635,1522
2866,protect route,97032683,1522
2867,Bruno Lap,88813503,1522
2868,BlueFlamme,94684072,1522
2869,Quattro,84568159,1522
2870,Malygos,84271702,1522
2871,cheesedoughnuts,97125090,1522
2872,unfresh yakult,96385106,1522
2873,McMax80,99194825,1521
2874,XxLöfflerxX,96388672,1521
2875,shushanyalida,95238827,1521
2876,singlecry,97731176,1521
2877,fynjy,84533865,1521
2878,Vinho25,88437158,1521
2879,Browserverlaufen,98354937,1520
2880,Snuckels,98936142,1520
2881,M4K,95280722,1520
2882,scooty11,95629348,1520
2883,ivanmmmmm,97696692,1520
2884,Ark Nova King TC,99177127,1520
2885,baby1123,94489379,1520
2886,shengbro,85753961,1520
2887,Djalina,3987138,1520
2888,JOKERSJOKER,98585306,1520
2889,Sheepinc,96828938,1520
2890,Jayray,86613266,1519
2891,focused-koala805,99888318,1519
2892,ErYeZi,95875285,1519
2893,BBuRingCheesebal,91180395,1519
2894,ChefY,97591380,1519
2895,2587149980,98162650,1519
2896,Hugg Tra,95386970,1519
2897,blue097,87392016,1519
2898,CONGW,95258487,1519
2899,M1nD,84467040,1519
2900,WNYwny123,92427923,1519
2901,Juomari,96162391,1519
2902,SIGChief,91171376,1518
2903,DiverJana,98783763,1518
2904,s384102104,97674656,1518
2905,Teacher_Li,95541553,1518
2906,tak0108,92897959,1518
2907,glup sheitto,96520173,1518
2908,poseidonskid925,95591231,1518
2909,TC-tang,96190831,1518
2910,NerveEnding,84218982,1517
2911,zj362478919,97083358,1517
2912,gegedoushirencai,95709734,1517
2913,ershu,96223139,1517
2914,NDIrishGuy99,95213175,1517
2915,AvanNan,96812640,1517
2916,sharkaaa99,96627041,1517
2917,Chyfdu,98763604,1516
2918,408340908,97631244,1516
2919,Boomer007,96099245,1516
2920,Shelly13,85258151,1516
2921,TrickNic89,94912236,1516
2922,woisdk,95599849,1516
2923,linxi1253,97288477,1516
2924,Hansanity51,98924569,1515
2925,dsd1701,99406931,1515
2926,cheval_raye,85578828,1515
2927,Eddos2,95345563,1514
2928,flannyflan,95889966,1514
2929,HikariMM,93727168,1514
2930,ZTG13,96223379,1514
2931,exn105,96390366,1513
2932,gomtaenging,98123289,1513
2933,JQ93,97666771,1513
2934,lulululudi,95041138,1513
2935,crazydanejones,95087493,1513
2936,CoreyD,97832864,1513
2937,whoopsie123,96435796,1513
2938,danielfang,99330977,1513
2939,Rendadur,96852941,1513
2940,owt726,99530469,1512
2941,krischaan,100143765,1512
2942,Ezoj0312,100205332,1512
2943,myyangshux,84514540,1512
2944,CUROSAKI ICHGO,97531448,1512
2945,JSutr,95943604,1512
2946,yurisakii mika,99868808,1512
2947,wxzjq,93864845,1512
2948,supermarioover,98269989,1512
2949,PotatoLord3,96940309,1511
2950,GypsyCockroach,94698637,1511
2951,Boomshanka247,97217297,1511
2952,Whywindy,97056158,1511
2953,AltairQ,95312214,1511
2954,VCtv_isnice,99862391,1511
2955,jiangzh521,97225006,1511
2956,FFGGRM,85439539,1511
2957,RS_knedlik,86393167,1510
2958,heingaichoy,99332650,1510
2959,Ajuiii,95426186,1510
2960,beyondgame,90131208,1510
2961,torinowang,97063317,1510
2962,xiaobai6,94946912,1510
2963,Ikcrow,94522083,1509
2964,axeworrior,84787722,1509
2965,kmarch82,97835982,1509
2966,tomtomsp,98682925,1509
2967,ChesterDeBester,88024028,1508
2968,menabda,96571034,1508
2969,CrvenaFronta,94640210,1508
2970,Hokorovi,97431184,1508
2971,fish11111,96558820,1507
2972,produce_guy,85854809,1507
2973,dengshouhang,94558890,1507
2974,kajajaki,92776393,1507
2975,TjorbenB,94045995,1507
2976,anti-wizard,98305420,1507
2977,BootsAM,97574611,1507
2978,HEBOHB,94967968,1507
2979,Pinco94,85450849,1507
2980,djudjudeb,85032496,1506
2981,Fabianchosky,93217048,1506
2982,Viscontinental,96235814,1506
2983,red123456lt,94482876,1506
2984,swxcy,96898515,1506
2985,XUDASH,98051798,1506
2986,ronniezl123,94287444,1505
2987,19max91,90041124,1505
2988,americandingo,96873740,1504
2989,842100855,97857900,1504
2990,zhuozhuoqihua,96326965,1504
2991,goobriel,98898824,1504
2992,2036760053,98205875,1504
2993,Fresh84,95776120,1504
2994,CoolGeom,88207868,1504
2995,Angry_huaji,97553867,1504
2996,CHC123456,97810714,1503
2997,ar12312,93933987,1503
2998,Thomas Hougaard,89574035,1503
2999,947762988,97044452,1503
3000,elwirfo,85528330,1503
3001,erlkönigin,95349776,1503
3002,KHun71,90330735,1503
3003,wcxxxx,96361720,1503
3004,CepafoPro,91165399,1503
3005,zean86,99779043,1503
3006,leonling,95991232,1502
3007,just9,85336437,1502
3008,Nylez85,96071274,1502
3009,xueqiu1202,96971488,1502
3010,chuckerace,91227313,1502
3011,DontChaKnow,96650304,1502
3012,pumicekitty,98742959,1502
3013,Thibautv,85983213,1502
3014,mimiwoh,93551206,1502
3015,YYLC,98047420,1502
3016,zjms,94489205,1501
3017,ClimbOn1,99859593,1501
3018,sjtufuhao,99414889,1501
3019,ptzhk,89212666,1501
3020,cranesflyhigh,95240579,1501
3021,MilkyK,95501945,1501
3022,HeeroChris,97261202,1501
3023,rothschildli2,96249551,1501
3024,Dinosaurinlabor,60651678,1501
3025,guyuanzhi,98272253,1500
3026,Jevy66,96515160,1500
3027,everythingbagel73,96624970,1500
3028,maxczz11,96334890,1500
3029,Yoloswaggee,87277272,1500
3030,paramaan6,95328408,1500
3031,damian422,99461772,1500
3032,Cocopug,91605331,1500
3033,Itegal,93472274,1500
3034,Killizor,89116147,1499
3035,Longinus7772,96300699,1499
3036,mimlef,99560443,1499
3037,azcats2002,43599321,1499
3038,Szentes Richard,93921018,1499
3039,jreisler,92258102,1499
3040,feizhouxiang,99823959,1499
3041,NO_SAFE,94502888,1499
3042,Henke79,88830068,1499
3043,Ocaludof,94345279,1498
3044,diudiu123,96751910,1498
3045,Birmingham Winery,96076752,1498
3046,Anuna8,94603579,1498
3047,FrankTiar900,95340344,1498
3048,NJUnameless,89919767,1498
3049,friendly_qingfeng681,99195269,1498
3050,wktkteiru,86899825,1498
3051,odeto1ocean,99790042,1498
3052,jinxiaozi114,98630723,1497
3053,Che42,85526611,1497
3054,TaicangPengyuyan,92180304,1497
3055,lazyWombat,91110787,1497
3056,Commonplayer01,94324558,1497
3057,Isolated,84250927,1497
3058,Fish96,96287050,1497
3059,Yulaofei,98091718,1496
3060,wuliaoderren,97150462,1496
3061,HyperJammy,98889628,1496
3062,ab960083,95103687,1496
3063,Wargraith,95584545,1496
3064,thisisadad,83862882,1496
3065,zombie0518,88763599,1496
3066,Mrgzzz,99106790,1496
3067,blissful-swan706,99886126,1495
3068,bbodung2,94380201,1495
3069,Lgtmvlnc,94444347,1495
3070,DannyT,78208993,1495
3071,xnu,85218294,1495
3072,hyd175,98637191,1495
3073,ywh027,99578309,1495
3074,lalia60,95017154,1494
3075,weisnayan01,94719444,1494
3076,KG Ice,87855660,1494
3077,jjomedosa,97061601,1494
3078,psippola,89716747,1494
3079,Krokmew,92113014,1494
3080,bebebic,88218409,1494
3081,festive-fish176,97040478,1493
3082,zzzxcv,98778373,1493
3083,ninigigi,92195436,1493
3084,jetetue1,93083321,1493
3085,Snafu58,93126527,1493
3086,Tge1,97759652,1493
3087,water123414,95328783,1493
3088,_Freestyle_,93436169,1493
3089,optimistic-chicken8,99186461,1493
3090,PinGouin,88870722,1493
3091,billbos,85094401,1493
3092,zaytesev511,87671083,1493
3093,Pozman,804216,1492
3094,Winni947,96361118,1492
3095,lanis,84533556,1492
3096,SailF,95663775,1492
3097,ThomasPoul,96237778,1492
3098,Dolcekit,95291118,1492
3099,mangomadman,94798731,1492
3100,astrotrudy,94369205,1492
3101,dobreczasy,97352806,1492
3102,13708009460,99472337,1491
3103,pangbai2b,90905311,1491
3104,Krazy_Koala,97421107,1491
3105,East_Sea,92351079,1491
3106,tetsu2,94483630,1491
3107,bakyy,97735523,1491
3108,Kingho,38270161,1491
3109,MorphlingK,94986942,1491
3110,Miisha77,93942476,1491
3111,Brangus,1456582,1490
3112,luffydude,96492712,1490
3113,dajacra,73980203,1490
3114,vicroth,97738934,1490
3115,smarts24,95538715,1489
3116,Zclzy,95000912,1489
3117,WhatAkraken,90451716,1489
3118,noyoho2332,96504305,1489
3119,PrincessRuth,88690841,1489
3120,Mamba23,85554306,1488
3121,lijin18175708034,97328493,1488
3122,EiskalterRegen90,95648915,1488
3123,kacangpanjang,88252041,1488
3124,Rebeccacacawang,96438809,1488
3125,ambush_raspberries,98883510,1488
3126,DonkeyBanger,94281596,1488
3127,slobodanbobo26,98869804,1488
3128,NahThatAintIt,98398547,1488
3129,catwihoutcoffee,98745939,1488
3130,joak1698,88438226,1488
3131,kinhokong,89978449,1487
3132,Cajun Viking,95415980,1487
3133,JPBa,37474582,1487
3134,bigJJking,95841839,1487
3135,oldfanold,96636150,1487
3136,ameliazx,94411690,1486
3137,timilon,95490866,1486
3138,Mekninge,99765107,1486
3139,Elvisko,92255531,1486
3140,Nythas,3905644,1486
3141,sc2forever,98294723,1486
3142,pahs-cat,94380029,1486
3143,yueshi,94448440,1486
3144,MingleGino,89244937,1486
3145,Meltapo,95793107,1485
3146,VanZan,84248102,1484
3147,Xgaming,99519922,1484
3148,asalasfdez23,98466258,1484
3149,Ellis12138,98275223,1484
3150,BlueSteel,35702251,1484
3151,RLrobot,91372060,1484
3152,Quinmu,96392502,1483
3153,Martin_Fu,85116586,1483
3154,jjcool2,95594315,1483
3155,diaozhiy,96953472,1483
3156,Erwinio,89928677,1483
3157,CurtainMaek,96590257,1483
3158,cxyou,96903626,1483
3159,Arkhamft,96876359,1483
3160,TundarStonehead,95636136,1483
3161,foreverars,94708652,1482
3162,toastduck,98052955,1482
3163,squaretree,88578988,1482
3164,Armand,83997233,1481
3165,F0rest,84292329,1481
3166,TheRizzzler,94301101,1481
3167,rconner,96804423,1481
3168,Aaberg87,94407141,1480
3169,MartoTom,84953013,1480
3170,AngelGG93,94673649,1480
3171,Diminouille,96457792,1480
3172,AemonCZ,97666796,1480
3173,NNMilan,95873106,1479
3174,J_hou,92750668,1479
3175,lilzuke,87981121,1479
3176,Galiquany,84203186,1479
3177,kapteinkreft,100043756,1479
3178,Kenji_red,94640686,1479
3179,gireeshss,96002876,1479
3180,Ulski86,91748713,1479
3181,Benny_Balboa,84298460,1479
3182,candersen1326,97866792,1478
3183,Badgamer10,97839801,1478
3184,747400472,98463559,1478
3185,Skyrios2657,87251226,1477
3186,relaxed-bull,98440051,1477
3187,Dragoonwildfire,95462968,1477
3188,joker-jake,97067279,1477
3189,yubaeng,93688099,1476
3190,Kamikaze630,95157883,1476
3191,gnojin92,99397117,1476
3192,wzw244,98451393,1476
3193,sanyuejuliang,97116256,1475
3194,EJ_____,97829048,1475
3195,KIPI00,95863928,1475
3196,gzyy,95082762,1475
3197,xzh233333,90804294,1474
3198,haipali,95289848,1474
3199,AaaaaaaaRrTtttt,94682844,1474
3200,ThorgrimThunder,83907724,1474
3201,Nihihi,86441861,1474
3202,table_thirteen_,97483619,1474
3203,RatedFKO,84631711,1474
3204,unponder,93987321,1473
3205,biar,88332745,1473
3206,JazzK83,94894271,1473
3207,inside_number_9,97393789,1473
3208,fvo650,98508502,1473
3209,FranHV,92080274,1473
3210,Guodong-,93058981,1472
3211,Sand_,98734971,1472
3212,elated-wolf270,98575826,1471
3213,wizardly-crocodil214,100084175,1471
3214,crazypyroz,95538436,1471
3215,zrd12345,91706328,1471
3216,jolly-elephant761,99478597,1471
3217,rokaz9,96512461,1471
3218,jgsc,100126932,1470
3219,Yutena,95270640,1470
3220,fantyz,92922795,1470
3221,NARU_BEAR,94748235,1470
3222,JJJiaaa,95624438,1470
3223,drake0802,96974673,1469
3224,beovam,98303977,1469
3225,Hermesssss,85137223,1469
3226,tyv394,97253988,1469
3227,maxgosse,86207997,1469
3228,dede17111,94571679,1468
3229,Demons2021,98466816,1468
3230,wariokart,95800882,1468
3231,bastieH,96527370,1468
3232,Amor_NaNa,97677342,1468
3233,Pfadfinder 1,97565777,1468
3234,ZY4121,98992143,1468
3235,ramiresu55,96841133,1468
3236,ssbranding,98073769,1467
3237,Stobbe2,89369299,1467
3238,Mystar,85066694,1467
3239,fitwappe,99883697,1467
3240,x0717,99052259,1467
3241,rookie boardg,97017558,1467
3242,ZzoldlerzZ,92420360,1466
3243,tank0201,83905681,1466
3244,SharkNova85,93228324,1466
3245,Gilgameshzero,92478873,1466
3246,arsss85,84791912,1465
3247,newssss,97929911,1465
3248,Yong17Lin,98431786,1465
3249,pajdo119,96010624,1465
3250,BuGaoxing9527,95701608,1465
3251,hellohello33,93830523,1465
3252,Kulvinst,83824468,1465
3253,emute,84207486,1465
3254,mehdij,99433076,1464
3255,marcusvcmagalhaes,98409538,1464
3256,chendamao,95536543,1464
3257,chupanebrae,94942529,1464
3258,The Bag Inn,95247425,1464
3259,capybara_ninja,98035054,1464
3260,holly2025,97151580,1464
3261,ShunShun48,93749515,1464
3262,yangjia66,99965177,1464
3263,grossq,92916452,1464
3264,Aliandro,96372888,1463
3265,Easonsixsixsix,92738692,1463
3266,crossingwalls,85536843,1463
3267,maffi217,96758337,1463
3268,yuanweilzy123,95817869,1463
3269,AutComeSerendipity,98410089,1462
3270,RonaldMcD,87749909,1462
3271,778976485-eden,99605220,1462
3272,noa12138,95653068,1462
3273,ian3ters,94651959,1462
3274,ThomasOmata,90369024,1462
3275,Claude826,93699352,1462
3276,sushi97,97840761,1461
3277,Anprionsadorcha,99301732,1461
3278,Kain123,95573808,1461
3279,XDCRichard,97506018,1461
3280,WarriorPaco,96673873,1460
3281,lyuchen0802,99697132,1460
3282,SleepwalkeRvK,85397503,1460
3283,lanerd84,96103368,1460
3284,luobo_Radish,96438974,1460
3285,dinonino1,94773985,1460
3286,supermaorios,96800340,1460
3287,frischesVeltins,93024653,1459
3288,Hugo De Michet,93079884,1459
3289,zebestt_coati,98570902,1459
3290,Gleb166,95201804,1459
3291,NicoNico_8,95644779,1458
3292,frankg_212,94635069,1458
3293,jjjjjun,94956930,1458
3294,byoungju,85003907,1458
3295,lucid-giraffe254,99102785,1458
3296,bkt529,99578344,1457
3297,19856405315,85282599,1457
3298,ironted,85406044,1457
3299,ASAP828282,94538373,1457
3300,Lj0123456789,95842234,1457
3301,salemome,41160,1457
3302,bobish33,2781842,1456
3303,1400866841,100150943,1456
3304,bigbadgoosey,95520577,1456
3305,LordOffTarturus,87884082,1456
3306,mongsik25,94712252,1456
3307,Altherän,85750348,1456
3308,Dazyz,91949753,1456
3309,Negroniii,85243694,1456
3310,star0824,94235898,1455
3311,WZY1647,96504594,1455
3312,Terrance,15860643,1455
3313,romance900,94254384,1455
3314,yuzuyuzupo,86674319,1454
3315,manaslu,96902469,1454
3316,peeverson24,94533337,1454
3317,hyc_gamer,96874554,1454
3318,jolly_hyeseon4786,99639683,1454
3319,SeiyaKou304,84640474,1454
3320,tarzansst,92169780,1454
3321,Gakata,94459454,1453
3322,firesoul-_-,96602077,1453
3323,Gaborpapa,94676053,1453
3324,bouvier,85808537,1453
3325,realitybytes52,87191062,1453
3326,Griff1n,97838669,1453
3327,bibifricotin28,93208357,1453
3328,NOTHING19999,94739149,1452
3329,agitated-penguin413,99936735,1452
3330,cbrugqj5oomdpp,98924483,1452
3331,Nurcio,89975372,1452
3332,shutzy,92223791,1452
3333,Joniwanno,95603434,1452
3334,fake_jd_fan,98386773,1452
3335,Ponlun,95848309,1452
3336,MottyPT,95167653,1451
3337,rockenwind84,97505934,1451
3338,zhenglinlu,99982978,1451
3339,super203,96077823,1451
3340,Thaiguer,95110790,1450
3341,yzlyx,95468015,1450
3342,maliu7777777,96096066,1450
3343,Mordecainova,94042942,1450
3344,matixcss,94498413,1450
3345,Pips_In_Profit,97066179,1450
3346,amnesiacDog,91975490,1450
3347,richgoldpizza,94767284,1450
3348,qng399,99008520,1449
3349,Takdani,94398525,1449
3350,DARDEN911,95782744,1449
3351,Secret Ga,91655846,1449
3352,BalloonFirm,86563408,1448
3353,pagyew,89796518,1448
3354,dimdoomm,87630706,1448
3355,inte,84278765,1448
3356,faulie,96231566,1447
3357,ryburdman,96769521,1447
3358,Meng Shang,94108197,1447
3359,masonhal1998,97809031,1447
3360,FloZ_7,96442864,1447
3361,Joel Sandström,90070148,1446
3362,moiya,94433155,1446
3363,zhiyue,87109596,1446
3364,markhall10647,99072347,1446
3365,ElJefe81,95447587,1446
3366,gaokai,96722771,1446
3367,flamboyant-gorill371,99647296,1446
3368,boardgamesmue,93909596,1445
3369,gonzoalfonzo,94800353,1445
3370,Pa3k27,91402757,1445
3371,Osmosmo,89591328,1445
3372,Mangogoo,97867921,1445
3373,mscylu_2024,98887692,1444
3374,Svarun,94257208,1444
3375,adhocmenagerie,94476035,1444
3376,Niclson,91396112,1443
3377,pedrillogdl,93256403,1443
3378,AL491,84563171,1443
3379,smsmath,93241688,1443
3380,swordholder,95686144,1443
3381,Dominionator92,86814225,1443
3382,faisodghisd,93284016,1443
3383,Pilouf74,92144320,1442
3384,fejsalmulic1860,97808037,1442
3385,DcnTom,86875226,1442
3386,ButterflyIntheOven,92461868,1442
3387,kay015,97189905,1442
3388,Constellati0n,91625401,1442
3389,dinokat,89095716,1441
3390,tasti,89587647,1441
3391,Dempseywang311,99012768,1441
3392,Jafar86,67615949,1441
3393,Big N Strong BaBy,98278364,1441
3394,worldanthemy,99276370,1441
3395,plrbr,98051582,1441
3396,liuning,95361544,1440
3397,PeachyHalf,95233033,1440
3398,polaris537,96302767,1440
3399,jeanvahisseur,86622392,1440
3400,schwadibo12,98525316,1440
3401,mickygame,94586823,1439
3402,Thundra Ghost,85748985,1439
3403,linchen_,99071216,1439
3404,uppel,96898807,1439
3405,Captain Qt,96524102,1439
3406,tyf549,98611551,1438
3407,Diana Sianodel,86126963,1438
3408,MikePrada,93616593,1438
3409,G0dOfTheCloud,95624024,1438
3410,Dreyfuss12,89098500,1438
3411,amazing-rabbit826,99420102,1438
3412,Kronsteen97,95508613,1438
3413,ddrew5441,93804323,1438
3414,legasteropode,86100915,1437
3415,krunx,87524804,1437
3416,Chielius,94202215,1437
3417,LutzLu,96841385,1437
3418,chenji98,97399030,1437
3419,tttanetane,95058749,1436
3420,xiaobizaizhi,96436671,1436
3421,B0llehenk,87437016,1436
3422,Watlersen,99554660,1435
3423,BoistArkBoist,98106840,1435
3424,toriten_,93391977,1435
3425,GoldieKC,86505068,1435
3426,chenchenAA,99147268,1435
3427,Captainpiet0400,100032619,1434
3428,Rommmmm30,98934009,1434
3429,Swheinix,97027999,1433
3430,Stefinelis,84416510,1433
3431,LINKFAN,97267576,1433
3432,QuinnVN,90658706,1433
3433,adamyangkl,97655929,1433
3434,BEX9,86029596,1432
3435,storik,86981194,1432
3436,Lelik,44199045,1432
3437,eastpopo,2025441,1432
3438,0oZKingo0,94478355,1431
3439,tudouya,96505225,1431
3440,ChioneWinterfury,90593489,1431
3441,sarahgal15,94829573,1431
3442,Pexxagon,95156866,1431
3443,jrhawk003,92989784,1431
3444,SmurfBois,98027540,1431
3445,viviola,85442375,1431
3446,swolpoll,90330864,1430
3447,Jo Camer,85828883,1430
3448,s redhat,83948108,1430
3449,w6508972,99372669,1430
3450,arnaulowry13,94451275,1430
3451,pkq0831,96957941,1429
3452,bebgui,91511523,1429
3453,Dadyny,94183948,1429
3454,Killing fat,99723589,1428
3455,HW2657,98269804,1428
3456,bluelok,88858438,1427
3457,412277191,99140798,1427
3458,luowei930410,96012773,1427
3459,dadadumb,97078480,1427
3460,matrox-op,99191425,1427
3461,MoesesBM,94506581,1427
3462,Roll a Die,99785580,1426
3463,boardgamedak,99318926,1425
3464,3235396383,97713326,1425
3465,Don Worry B Happy,95507248,1425
3466,ljaeger2001,84355091,1425
3467,Bogweasel,16722063,1425
3468,hyuki0808,98983181,1425
3469,uloHgg,93981965,1424
3470,Viscum coloratum,94536272,1424
3471,chopai_rj,97532164,1424
3472,shawn_ywy,98263732,1424
3473,zzzz1213,94125407,1424
3474,sjosteiner,95685916,1424
3475,PsychoDr,99144843,1423
3476,xingkongchaoren,94977477,1423
3477,awesome-flamingo967,99442846,1423
3478,2938197841-yh,98906417,1422
3479,Koming,83957409,1422
3480,ocw894584176,98272824,1422
3481,crazy-duck851,99155509,1421
3482,AADAMIEC,94890144,1420
3483,CraigG503,98419424,1420
3484,Nouko_,96631065,1420
3485,AGamehasnoName,95108461,1419
3486,schwadererjan3,100142926,1418
3487,WhereDidYouPrep,94611974,1418
3488,Aaricia-Thorgal,39360898,1417
3489,zerel21,91441444,1417
3490,DH76,88929861,1416
3491,SirCouchPotato12,95481035,1416
3492,tofu13579,92254888,1416
3493,Lets play summer,97068278,1415
3494,florentleopard,97766690,1415
3495,Polavski,93117249,1414
3496,cskpt,97815135,1414
3497,samimbaveily1379,98295824,1414
3498,jjjjjoy,98122352,1414
3499,svenSolingwn,93165330,1413
3500,Krozzee,88148364,1413
3501,danadana0813,96545749,1413
3502,da_Ruke,97841364,1413
3503,tjr_y,86210115,1413
3504,X Turock X,92511378,1413
3505,spy_,84860429,1413
3506,cecinico,91664237,1411
3507,KindIsPunk,98163589,1411
3508,A9da9m,94963615,1411
3509,1254573564,98301492,1411
3510,Orange,1140293,1410
3511,WinCentCompany,98352761,1410
3512,zhen_1996,91590219,1410
3513,buyixiaoyou,97441070,1410
3514,gBerggeit,85577605,1409
3515,vigilant clucy fish,99384119,1409
3516,Pedrolino,87311416,1409
3517,midar76,90290349,1409
3518,westcoastkevin,87442465,1409
3519,shladonkus,95548668,1409
3520,atx7541,27396869,1409
3521,xsxd001,91407453,1409
3522,Rojaz,85220751,1408
3523,otokim,85131185,1408
3524,AnzeA,95690171,1407
3525,Le Gabier,25130471,1407
3526,jaeman park,93577539,1407
3527,pluto2493,95641826,1407
3528,JJ is Game King,99147743,1405
3529,Donus,3044936,1405
3530,zalarg,29674631,1405
3531,AnteB,95118064,1405
3532,Devildez,96225067,1403
3533,XiaoFeiLie,98907091,1402
3534,BonzofSteel,87821023,1402
3535,Xocas,91402033,1402
3536,EmEv33,98586617,1402
3537,flow23,88474424,1402
3538,gojmih,98148156,1401
3539,0snowcrane0,94035409,1401
3540,HORIZONPIU,92405936,1401
3541,warieyemii,95939896,1401
3542,brendanm,12322052,1401
3543,thewizardsbaker,94509742,1401
3544,kat092,98915105,1401
3545,CherylMason,31245363,1400
3546,yw_jobby,88942101,1400
3547,melpomenni,95326469,1400
3548,denisnathanael26,97210978,1400
3549,Tine1802,95115048,1399
3550,Aquilon,85060986,1399
3551,BORIGGORIDARIMEORI,97364297,1398
3552,genya157,84311148,1398
3553,javamil,96293612,1398
3554,hulizhou,96679167,1398
3555,duchesse,60185620,1397
3556,BRIGHTY13,97266363,1397
3557,Knight_BJ,94522659,1397
3558,Mr_Wombato,94489479,1397
3559,Khaglanyus,86970580,1396
3560,Lambda503,85290543,1395
3561,nicolympe,84541005,1395
3562,LegendofEric,98335026,1394
3563,xiaoshiqi,96949527,1394
3564,litchi060710224,96729494,1393
3565,MrSophokles,94919312,1392
3566,SbabbaroX,85460172,1391
3567,Bestest04,95762833,1391
3568,coha97042,92741626,1390
3569,confident-goat482,99654360,1389
3570,beikeqinshou,84486675,1388
3571,mrbcrox,95645485,1388
3572,BWerg,95192907,1387
3573,seoyoon1,85240775,1387
3574,jasonberrier2024,97273373,1386
3575,DavidBadalona,63441048,1385
3576,Cuzquena,92483387,1385
3577,Foaksi,96487328,1385
3578,konish1,90652671,1384
3579,Kat5318,93532478,1384
3580,Masl00,86750658,1384
3581,Looperdooper12,98960493,1383
3582,borja68,88915223,1383
3583,Gorisennin,93095738,1383
3584,nam_meo,98638492,1383
3585,cysrabbit,90032150,1383
3586,Merlinkl,90875207,1382
3587,WarEagle53,94400489,1382
3588,TETSU88,92184852,1382
3589,nnjc,94607246,1382
3590,zxc564651,99037780,1381
3591,125530062,99544272,1381
3592,yukio08,93887298,1380
3593,_yujin_an,98145535,1380
3594,Tongtong2021,90274680,1380
3595,fiatfever,93070391,1379
3596,yuuki-11,87244395,1379
3597,MerluzaPotter,90968117,1379
3598,tatakaitatakai114514,98488722,1379
3599,crudo746,89254816,1378
3600,vibrant-goose,97120101,1378
3601,xiao xiao,99193998,1377
3602,SamuelLJackson2,96557492,1377
3603,TheBigBerge,98714313,1377
3604,DrewWilliams9,91062393,1377
3605,momi510,83955479,1376
3606,sinamu99,90884920,1376
3607,thedestroyah123,98919311,1376
3608,614424068,99509659,1376
3609,Rozqobets2,94354988,1375
3610,Elsiecd,94700635,1375
3611,momomomonica,91229690,1375
3612,Martin_49,94077727,1373
3613,fim936,98933870,1373
3614,Flying_Monkey,94246891,1373
3615,cjschinn,86792443,1373
3616,RhinoBro,95619157,1371
3617,Sunshine UU,97693115,1371
3618,elephantslag,97865806,1370
3619,TieFengCavendish,99447830,1370
3620,brave-octopus472,99694317,1370
3621,1768601249,98352351,1369
3622,TheJabberWocky,89436325,1368
3623,musti1012,98697431,1368
3624,akchardakovam,97621087,1366
3625,sergioalbertpelayo95,98254245,1366
3626,TheMeepleArt,85716725,1366
3627,TheoChase,97762462,1365
3628,BitterLemonCurry,84551583,1364
3629,tanaka705,90759909,1363
3630,suny03ua,88616973,1363
3631,Dries450,87567403,1361
3632,bryant895,99294671,1361
3633,Sönke1189,90705908,1360
3634,Sealseal,85073848,1359
3635,jknyc,89749375,1358
3636,Sommos12,95873616,1357
3637,Abraham_BAF_25,97899239,1356
3638,Final Devourer,97127734,1355
3639,DummerSchimpanse,95485383,1354
3640,msnman25,97582273,1354
3641,marcelsellems,99817372,1352
3642,RoublardChenapan,85591979,1350
3643,873974243,99611968,1350
3644,ahe8,97161621,1347
3645,839812917hamster3881,97987960,1347
3646,Temza7,94391883,1345
3647,Amorahl,86987284,1345
3648,GregorMendel,96503257,1345
3649,FedeFede90,95482452,1340
3650,BlumeJune,96525700,1339
3651,For The Night,95451858,1338
3652,nooks,87880290,1335
3653,L28731143,5342018,1335
3654,Huang_Boyi,88973523,1334
3655,Dopplegainer,95906794,1333
3656,TheTevis,95547143,1332
3657,SantiHM23,86182289,1331
3658,dotul,90956449,1330
3659,hjxga,97624350,1327
3660,Omelet_NAaT,87914743,1326
3661,dragonfly007,95401617,1326
3662,lingxiaowen,99167528,1326
3663,XDragoner,96535476,1326
3664,Alexia507,91247520,1325
3665,Rick-F,97685629,1323
3666,dho570,99434726,1323
3667,Xuliangliang,92438310,1321
3668,willou76,94346000,1321
3669,JaradWinter1990,94037143,1321
3670,wldns775,97959416,1320
3671,Xhaan,93611417,1318
3672,Tsunachev,96990979,1318
3673,vospeh,84823340,1318
3674,Elkadain,95460841,1314
3675,kira0083,88176061,1313
3676,daiki0527,95833007,1312
3677,fayss38,93685321,1308
3678,guiwie,97745596,1303
3679,Faceless_UA,94595842,1298
3680,smotheringtithe,97482594,1295
3681,arajago6,85462975,1291
3682,Cheesybreads,94858648,1288
3683,RaLaR,88018921,1286
3684,ldnxben,96490434,1281
3685,rastko,83923321,1281
3686,Yarina-Z,97041109,1269
3687,lingyunhl,98458566,1267
3688,Tohidfla,89800651,1265
3689,lily392281844,99402369,1264
3690,AnakinSkywalker_,97513888,1254
3691,akunamatat,97267512,1232
3692,malix81,96664598,1225
3693,Merystel,94625308,1213
3694,vittttt,89054733,1207