#,BGA Name,ID,Rating
1,heris89647,96208633,2149
2,JDansp,94308984,2076
3,duyanhcao,82653384,2070
4,DugongEnjoyer,95424407,2064
5,monkeydo,93896193,2050
6,BlanketAddict,90278947,2044
7,tobiko11,84390486,2040
8,Helbiii,90097742,2037
9,Darcelmaw,93481498,2033
10,Aluap Tsai,95130340,2032
11,What How,97462972,2026
12,LEOMessY10,95451879,2026
13,Sa-tou,91540369,2020
14,Sanctuary L,92928466,2018
15,makamaru,84320942,2007
16,Tsong Chen,94423370,2002
17,thumbean,91304283,2000
18,dwarvintime,94276826,1999
19,Fifty_grosz,85665517,1997
20,Snowyowl Tale,96392781,1992
21,sorryimlikethis,86346298,1991
22,skälding,94401618,1984
23,esddse1,96046666,1980
24,nj48,92750059,1979
25,Propaganda Panda,94936862,1972
26,lukeaura,97171501,1968
27,im only luck,97387436,1965
28,Gloriousbui,86523041,1964
29,JoeÜbergang,86370496,1963
30,dreamerkjh,93694645,1954
31,zhuozhuoqihua,96326965,1950
32,LDDDDDD,94343654,1949
33,M_kk_k,93584459,1949
34,Knight of Aya,95849090,1947
35,ryanechternacht,86046658,1940
36,Zoo1010,97004524,1940
37,auuu12,96565150,1937
38,Zuzannatuba,95583970,1936
39,HighwayGoGo,94565796,1935
40,Stan2137,89587860,1935
41,hinekoko,93813549,1934
42,AKNovaYYDS,96536721,1933
43,rudaZz,94569606,1931
44,daipengyou,84382806,1930
45,boomorava,94667924,1929
46,hardtounderstand,95740428,1928
47,ooltje,88803089,1928
48,extrazen,95137016,1927
49,adysk,84503166,1925
50,yunfeiyang90,92674329,1924
51,Faerch,92121387,1924
52,isenguard13,93310826,1921
53,nimoac,84658502,1920
54,jst526,89805652,1919
55,v6getab1e,95689571,1918
56,bsyraB,97130813,1915
57,CCU1211,97058663,1915
58,NowSituationChanged,96406220,1915
59,2win9,94328850,1914
60,Braid46,96408344,1913
61,Abiath,95350940,1912
62,jackochow,96364530,1911
63,Break5,97005969,1911
64,douganjin,95158777,1906
65,Blyb,93875195,1906
66,human_light,92255273,1906
67,lolgozer,93889313,1906
68,Cheese - 4000,90719758,1905
69,Bi6H01E,96444520,1905
70,ujhns,94037448,1905
71,stanley654321,84030537,1903
72,zhpls,90738010,1903
73,starkrush,90435237,1902
74,traine3g,95459839,1900
75,Willjo22,88982662,1900
76,strange radish,92879266,1900
77,net395,96360878,1900
78,Hisbe4948,89578751,1900
79,SQR_PI,94409075,1899
80,ScientistOmni,90480114,1899
81,wanggt,94206331,1898
82,The constant,96836394,1898
83,e-p-e,93935990,1898
84,Zeuthis,93171016,1897
85,Racer31,95018246,1897
86,bilibalaboom,91795917,1897
87,Andrewsmile,86610938,1897
88,RobinGuk,92499328,1896
89,YouYu_Ye,92683390,1896
90,yakku99,95727905,1895
91,chengzi9898,95625344,1895
92,quh683,97328570,1895
93,stofflappen,95173563,1894
94,portgard,83927465,1894
95,one_more_try_plees,95887845,1894
96,none404,95722729,1894
97,Yohan06,91158844,1893
98,Valscor,93980894,1891
99,Monkey Gang Rise Up,97095508,1890
100,Fool Klein,92425274,1890
101,uuop0212,96890267,1889
102,Hektorynka,94356861,1888
103,Kaite1028,94665533,1888
104,Window114,94851126,1888
105,chuanliu,95349251,1887
106,Lampler,94331264,1887
107,Tabouret2,90346973,1887
108,Laudanova,94430947,1886
109,TTP_,96768204,1886
110,GiiNN,92487233,1885
111,little butter fly,96727455,1884
112,TonyBegonia,91640596,1884
113,margin,84635265,1881
114,PectoralisM,95546867,1880
115,MonkeyinAround,96964879,1880
116,yzxcc,97602180,1880
117,nikonikosmile,93049325,1879
118,Echo_m,93827347,1878
119,kah778,96161131,1878
120,ChrisTao_0,94535476,1878
121,ahonyek,84789791,1877
122,boardgamedude2,94420091,1877
123,csong99,94065245,1877
124,ccc412,92898160,1877
125,randomronny974,92354598,1876
126,yunge11,94315627,1876
127,a14xt7j,96661076,1875
128,blessedgaming,95471737,1874
129,SirL,87238474,1874
130,vrl789,97446463,1874
131,yya927,95161897,1873
132,Enotingyi,93975261,1873
133,Midashood,95608713,1873
134,svs149,95663247,1872
135,Rival37,97568037,1871
136,howwow90,85948758,1870
137,BilBob171178,95876163,1870
138,Koala0113,92741874,1870
139,riptorius,93293963,1870
140,Rock_P,92912883,1869
141,calvaria,84401152,1868
142,colllllllar,96885412,1868
143,Christ Surprised,96227549,1868
144,Kyshantry,84033406,1867
145,INLL,94310059,1866
146,strong egg,97417621,1866
147,Teh_Zealot,84017922,1865
148,BHYO,96049356,1864
149,McRolando,95736503,1864
150,ViciousCyclist,89020074,1862
151,QBert,2658233,1861
152,Philo121,86919062,1861
153,songdeze,96566015,1861
154,Mattzord,89625809,1861
155,linglinghu5678,95582979,1861
156,Lucasbiao,96656609,1860
157,Nicolas21,84311582,1859
158,Incredible_indo,93879491,1859
159,Annabellla,96734674,1858
160,Oo042,94514126,1858
161,Ritter Karottelot,95965244,1857
162,fengye777,97611625,1856
163,ThreadPacifist,88368905,1856
164,mumchwer,90593162,1856
165,chenran,84315570,1855
166,Please_No_Injury,92259006,1854
167,dprise,95996437,1854
168,Yutenji Nyamu,97417984,1852
169,fengye555,95758486,1851
170,danitake,90017334,1851
171,snhju,97458785,1851
172,Gunor,96919064,1851
173,Moonstone999,95085604,1850
174,3Dragons,95425150,1850
175,inspiring-goat207,97251947,1850
176,facegood521,93486547,1848
177,Ghost____9527,95989081,1848
178,LeoTheLion,47631766,1848
179,f beef rice,94334051,1847
180,MortisVD,86303012,1846
181,greedisgood000,97140944,1846
182,TheRealKollaD,96901698,1846
183,LXYR,96155907,1846
184,Mostrom,94827315,1844
185,n2309,94913747,1844
186,Superjulo,92299024,1844
187,gergi,85599429,1843
188,JanaiLama,95017290,1843
189,shakers,93503297,1843
190,leaf_PKU,96409949,1843
191,Nemesis_zc,95688171,1843
192,Koudee,84640241,1842
193,stevenlhyeung,96715015,1842
194,Tawanda21,93049181,1842
195,vengeaxenon,87914167,1841
196,tamamushiiro,97487576,1840
197,bribribrie,96032319,1840
198,HotsauceWally,84773109,1840
199,scalpaf,16975607,1840
200,halailai2,97445786,1839
201,Rymor27,95151558,1839
202,retnuhmub,88617518,1838
203,Smoo,1066561,1838
204,lamawurm,95860033,1837
205,ShadowDragon92,95026422,1836
206,Target star,95331673,1836
207,angel2121,84850475,1834
208,DUNE111,94999323,1833
209,wenxin0409,96396334,1833
210,cun guang,97488087,1832
211,d0c15,88715524,1832
212,Kunizial,94991389,1831
213,Nocoodolf,95680752,1830
214,Milowitt,96135209,1829
215,Aggelito,95585274,1829
216,Luciddream08,94532497,1829
217,ngtriant,88282419,1829
218,MehpistoMiku,97036421,1828
219,AvaX,84958413,1828
220,Gospod_Medved,87602519,1828
221,JasonILTG,84029887,1828
222,rockstar18,95285472,1827
223,print_helloworld,97238324,1827
224,cwang27,84213420,1827
225,maxx12345,96100135,1827
226,ttbb,94350227,1827
227,JASON_BOURNE11,94774033,1827
228,theoldf,95629819,1827
229,perrylin,95602651,1827
230,Jollyl3EAR,88725051,1826
231,LorraineRC,88707360,1826
232,maltman,5026424,1826
233,Triplepigs,85410533,1824
234,ytmoony,96540298,1823
235,GenshinStart,94677195,1823
236,Banana__Fish,95558196,1823
237,gnoptar,92861765,1823
238,Qilian mountain,94556931,1823
239,sroconno,96754790,1822
240,Dracan,90066102,1821
241,Earl the pearl,97047673,1820
242,ss-uuz,94441741,1820
243,lanshalu,96379402,1820
244,harut00,95821381,1820
245,llamafia,97136100,1819
246,Duci9,94929538,1819
247,wangdaishu,96870803,1819
248,Just_one_time,97603160,1818
249,harryinconundrumkane,96571972,1818
250,ComplexMuffin,85854492,1818
251,Tarrs,94786622,1818
252,Sasheme,94937683,1818
253,23WithQ,97495343,1818
254,Victorique De Blois,95089660,1817
255,ploper155,94731772,1817
256,PXJQplayer,96885491,1816
257,Kaooruu,96124076,1816
258,hoodmidas,96505175,1816
259,Chan sey,94773986,1816
260,alxsmrs,96264435,1815
261,gamez shuffler,90749143,1815
262,LOCOSAA,97133609,1815
263,Chen233,89148114,1814
264,ZTG13,96223379,1814
265,Pawn38,83919620,1814
266,maxzli,94363011,1813
267,wcy710,91694654,1813
268,AWu,83864699,1813
269,BraveDaddy,95250853,1812
270,brendanjthomson,16308871,1812
271,ga877439,94175466,1811
272,sixriver1,95086205,1811
273,HeBwater,95274489,1810
274,ice wizard,91882672,1810
275,yz97,94020257,1809
276,gh1101,95458811,1809
277,Myoh,85265025,1809
278,FiloDePicis,89660444,1809
279,Employee_427,94319519,1809
280,MonkeyinAround6_9,96815284,1809
281,Borden66,94604358,1808
282,citazn,95426807,1807
283,ypz840805,84785627,1807
284,thinginitself,92484258,1807
285,gvball,88673231,1807
286,GallifreyFall,94401949,1807
287,17yanhuo,95724470,1806
288,BaseSig,3936472,1805
289,dl0v0lb,94984984,1805
290,ManlyBearPiggy,96964687,1804
291,tbu3k,93311473,1803
292,KORBOARDF,96730871,1803
293,MalyFarciarz,12490809,1803
294,asterteam,94607213,1803
295,Agenda Anaconda,97169765,1803
296,SzyBek,95583069,1802
297,Microsoft_,96167350,1802
298,werfmark,46907093,1801
299,derekhuo,94707613,1801
300,hwquidfwqhbcw2,85255659,1801
301,joon0sung,90321781,1800
302,nobody814,93561127,1800
303,EzalorX,95063524,1800
304,unz480,97422525,1800
305,hughieg1230,92970688,1799
306,rob3621,97131211,1799
307,Tacos et Nachos,95347854,1799
308,huanggaoang,95419239,1799
309,shikolenko,97092691,1799
310,djl07,94445979,1798
311,eaking13,93401066,1798
312,Chaussurettes,84370030,1798
313,tehimmortalking,94805538,1798
314,leiacats,93307784,1797
315,Xorazi,93987948,1797
316,rabbitgeorge,93492999,1797
317,sarore2,92277582,1797
318,FAE44,92461793,1796
319,Malygos,84271702,1796
320,ceejaex,87105665,1796
321,ReCooperative,92708622,1796
322,icefacez,95424534,1795
323,Maro97,89005777,1795
324,gua gua gua,91092202,1795
325,Kawnstie,95032053,1795
326,mushui19,96556648,1794
327,yskysk1029,96685646,1794
328,UndercoverAgent,95223667,1794
329,Nic11111112,89389346,1794
330,yauqisn,95500028,1794
331,djwdcb,95631239,1793
332,inDe_eD,96387337,1793
333,changpei98,97153653,1793
334,Grahamtasia,87821022,1792
335,jdmonn,95224489,1792
336,OscarLeo,92948972,1791
337,a1346,84268992,1790
338,Johnsoncccc,94634063,1790
339,BlankHand,94707078,1790
340,Rysiuvg,85715505,1789
341,csanbo,95661473,1789
342,hipalmer,92971061,1788
343,Hivaoa,84521096,1788
344,wehann,95389021,1788
345,Ohrmazd,97178519,1787
346,wsndnswe,96257466,1787
347,knorpule3000,92483308,1787
348,wijsiz,97370157,1787
349,kenchu1980,93517940,1786
350,Normannnjr,94938662,1786
351,ResyreV,83896577,1786
352,Wolf Ren,92800174,1786
353,haibaranash13,91697196,1786
354,Boardnomad,89026846,1786
355,tacoknut,90372219,1786
356,AminDiablo,94945724,1785
357,1998KR2019IAN,91110025,1785
358,fuyc,94109191,1785
359,TheFlyingArcher,94531650,1785
360,sergiyko16,94724540,1785
361,Cat_Food,94391749,1785
362,Thomas Hougaard,89574035,1784
363,r9ize42,95932092,1784
364,Monkeyunit,7261491,1784
365,lxt2022,93019616,1784
366,dzt_,88494685,1784
367,Carasama,95039054,1784
368,96945726,96945726,1783
369,wrdvdd,95429044,1783
370,jjboy96,91163694,1783
371,shova280,94650382,1783
372,JohannesMoth,94534737,1782
373,wumian233,96160748,1782
374,demyurge,84428955,1782
375,f9216iolxryu,96547231,1782
376,Fabricez,93746134,1781
377,Brongggggg,97594843,1781
378,Viccccc12345,95787691,1781
379,Wysnard,88746052,1781
380,hardyzhao,92147740,1781
381,DawnWhisper,92383957,1781
382,sirwilliam80,94739723,1781
383,yhc9527,96421428,1780
384,dyc601,96807897,1779
385,dekumelondesu,96921184,1779
386,Kagura112,92096970,1779
387,Angry_SSu,93750298,1778
388,DaDaDaTou,85123309,1778
389,szddg,95203686,1778
390,saysoTvT,95641800,1778
391,jhuano,95591308,1777
392,Philblink,96484446,1777
393,Mrhappiness,84153208,1777
394,zc2833,96554512,1777
395,demian83,33342302,1776
396,dazzling-parrot556,97562465,1776
397,Zaphice,97111031,1776
398,Sy1veon,96276096,1776
399,day001,95961187,1776
400,Doburoi,84038972,1775
401,Boisblûche,87475813,1775
402,mikechike,85159195,1775
403,WENYU0007,91542667,1775
404,hj1025,94719277,1775
405,coolsunday,84864189,1775
406,Dymension,84563034,1774
407,paul10liao,30440567,1774
408,FFGGRM,85439539,1774
409,dongdongz,93101083,1774
410,FFFFranKiee,94587537,1774
411,vikiyvv,96218967,1774
412,Orwellis,84088083,1774
413,shadowdancergr,95556688,1773
414,overdrinkgin,95140361,1773
415,Zlataneur01,96533685,1773
416,general_panda,92073775,1773
417,ah_lcg,97616549,1772
418,silentcj,83889975,1772
419,viitac,94921881,1772
420,AveMaster,94141880,1772
421,Leleland,95881581,1771
422,Ex_Swiftie,95501713,1771
423,MajimaOne,91858253,1771
424,ArtEntre,88207269,1771
425,Celeb93,95351455,1771
426,Thermopyles,97505774,1771
427,Joneyy,88803841,1770
428,Zucchini rosti,91354752,1770
429,BS_in_the_sky,97048616,1770
430,Tap3D,94625083,1770
431,harriproedersen,85648149,1770
432,Horst der II,89786431,1770
433,qwerv147,96685246,1770
434,anticapitalist97,91600656,1769
435,cuteg1301,92762023,1769
436,pppppdian,90883583,1769
437,seriously antisocial,94296684,1769
438,kongbaolong_gua,94761147,1769
439,GBLbeans,91121190,1769
440,Lichen4anke,95676183,1768
441,josephc00312,85134662,1768
442,aibi,95067277,1768
443,Holyland,86760336,1768
444,labrosafas,93522154,1767
445,F3nRir3,95216857,1767
446,JMatt_,96090096,1767
447,buldozer,85270584,1767
448,on9on92024,95278542,1767
449,pate de lo,94901382,1766
450,2223612456,96389103,1766
451,lion122333,95060888,1766
452,jinkser333,86922317,1766
453,czh530,93294753,1766
454,CerealAisle,86098176,1766
455,vuk246,97335860,1766
456,Frost Polaris,95108866,1766
457,sssTea,84316658,1766
458,NIMEONG,94780351,1766
459,CN_Azul,91718783,1766
460,Bin1010,92157988,1766
461,zakoko,91786129,1765
462,davidb9,84441130,1765
463,bigfish_yyy,95684653,1764
464,GenAaro,93702040,1763
465,darreljnz,84479654,1763
466,bgtrainer,95397753,1762
467,Stormamma1337,95996481,1762
468,cjflash76,86513304,1762
469,M a s q u e r a d e,96360250,1762
470,gergosz,92726269,1762
471,Superbowl Peafowl,93599764,1762
472,tingxi118,92454916,1762
473,Zeffirara,93007769,1762
474,myfish,94720386,1761
475,zycccccc,95632620,1761
476,polarxiao,95205458,1761
477,IPAMSTER,91323142,1761
478,tnikea,84069301,1760
479,kaldarr,85214664,1760
480,Yuno20220502,96222108,1760
481,Rincewind820,94403316,1760
482,allredx2,94444918,1760
483,TUNA233,95850632,1759
484,jc3635,92225434,1759
485,Keeefirchik,95310618,1759
486,LZL123456,93382615,1758
487,RazgrizChronie,95501593,1758
488,sinnyo,94566753,1758
489,sharonSS,95828792,1758
490,LittleAlpaca,95926827,1758
491,077cpw,97177585,1758
492,Montu,83829111,1758
493,Rust_,95777023,1758
494,Wardener,95364900,1757
495,Sandhunter,89581557,1757
496,tmkk,96613779,1756
497,CCCChen-1,96866373,1756
498,aloneintherainz,94823975,1756
499,007Br,90161849,1755
500,san yanguai,84666086,1755
501,angdavid,96091652,1755
502,g_glamdring,74313798,1755
503,PoPung,87244095,1754
504,93943846,95620055,1754
505,Getelbeuse,96311501,1754
506,8qb47ckngxJp,97071932,1754
507,s0mewhere,95467623,1754
508,jezzzzzz,88671266,1753
509,Grummmmm,88896748,1753
510,Sigmar Gabriel,95749984,1753
511,jhzed,95191209,1753
512,irohabito,95457821,1753
513,stc12250715,84304883,1752
514,vasynyt banaani,84390251,1752
515,Xlier,84192972,1752
516,piomoc,94819504,1751
517,Kaijisama,85401065,1751
518,quickskillscarlos,95690096,1751
519,OnlyBirds,96249741,1751
520,Arrigo II,85843781,1751
521,boulou2,76903586,1751
522,cultry,93245505,1751
523,MRQultra,85124028,1751
524,Davi Tsong,96931072,1751
525,hsady,90668598,1750
526,aluxorvin,84392942,1750
527,Escalir,94221049,1750
528,Evenkar,92853680,1750
529,erico0205,95902801,1750
530,chenhenry003,95112378,1749
531,Krokofant,95690037,1749
532,YBreen,96561950,1749
533,ezeeckiel,86537638,1749
534,pm2595,85487593,1749
535,nemorenot,94995219,1749
536,YRXL,95549442,1749
537,Daniel Boneless,85771614,1748
538,0mmx0,93123242,1748
539,itzyaboi_awever,95923773,1747
540,wuxuanwuyan,93308326,1747
541,Stanislavus,94099958,1747
542,Davylong,86761110,1747
543,House Goat,94028404,1746
544,sebinou,84297635,1746
545,Anti-sunshine,94444104,1746
546,ptswp,93366578,1746
547,buckeyeguy15,95472782,1745
548,STHaus,94573431,1745
549,JothY,84402656,1744
550,Dagstaff,94134337,1744
551,JoonPown,94391464,1744
552,oli35,72618899,1744
553,xCorey,94275041,1744
554,Druen88,91111167,1743
555,nhf816,97096161,1743
556,cplo42,95116606,1743
557,aakash,83846818,1743
558,Kraplok,96368111,1742
559,yunchetuo,96281150,1742
560,cby379,96360876,1742
561,jhzm,94579225,1742
562,Skurata,95562912,1742
563,zqgpj,93854435,1742
564,8laoban,96024091,1742
565,micklee705809,96598801,1741
566,JoeGaGa,96678424,1741
567,joldfield1000,95032615,1741
568,JoeyVong,94657280,1741
569,Hidolala,94976168,1740
570,bytr,85322625,1740
571,yayboardgames,83894592,1740
572,Pippocampus,96607599,1740
573,Sasha Lefevre,84227785,1740
574,TempleLin,96103249,1740
575,Lumin_S,84909925,1740
576,emu456,97601075,1739
577,OzyOsterman,84319551,1739
578,Stellere,95496754,1739
579,boardgamecafeone,92352931,1738
580,Inxoteb,91160005,1738
581,BarneyRubals,86787244,1738
582,XJCF,94618450,1738
583,ho1ost,96555588,1738
584,a_tan,92559622,1737
585,Musan,9417080,1737
586,Kharghurzarek,97144427,1737
587,Chefnavanfloripa,85385162,1737
588,xiaopengyou,85072549,1737
589,AdaidaiNo1,96470110,1736
590,Joooooshuee,88237026,1736
591,The cat fish,97180419,1736
592,q416234q,95657360,1736
593,Ngel2,95114102,1735
594,umegf,84727173,1735
595,lianhaoyu,91091997,1735
596,PilferingMonkey,97592472,1735
597,tuschba,95835490,1735
598,flyingmuskrat,86237008,1735
599,MiangMun,94944752,1735
600,MeatScythe,92425920,1734
601,shagen,88490540,1734
602,ArimakanaF,94630305,1734
603,watermelon5730,96094578,1734
604,ecnerwal,29017383,1734
605,gzlin7,92697604,1734
606,zhengyixianyu,95430601,1733
607,Glassye,95110576,1733
608,Hanzibal,86374828,1733
609,Hauru57,86363981,1733
610,SvenBeijing,97177819,1733
611,sushimekabu1,97555423,1733
612,asdswsxs,88983874,1733
613,Phulla,35959401,1733
614,rRoooooc,91801048,1732
615,esecan,94606198,1732
616,Jukut,91596966,1732
617,Flipper007,94483287,1732
618,ffbb1118,94570915,1732
619,HZLsDaddy,96708592,1731
620,dreamandpoet,93495842,1731
621,yuuri_riri,93887667,1731
622,Hashimoto__kanna,94069236,1731
623,MadCassowary,86539803,1731
624,Gerardguibe,12402500,1730
625,theroarin,97355952,1730
626,Kawasaki2933,97517850,1730
627,Carolyn4,94444118,1730
628,BS_,94623704,1730
629,razriv4tel,93208468,1730
630,a6971z,84909384,1729
631,Renan112,95881415,1729
632,Leech2023,94607409,1728
633,SoAmazinglyBad,84203336,1728
634,Midaaaas,96932679,1728
635,papkotruAtec,88736783,1728
636,Sekiyaki,94109427,1728
637,Vincent Koh,95507488,1728
638,Jams39,88241667,1727
639,The_Speaker,96358031,1727
640,giraffe_hannah,94077672,1727
641,XZXXZXXZX,95482868,1727
642,RoyceLin,84152435,1727
643,xxnm,94540253,1727
644,zealotcharged,84763333,1726
645,NeKoMiYa Ocha,96317127,1726
646,financial,93928005,1726
647,yuigahama1997,94526179,1726
648,litiany,94950295,1726
649,SoEmpty,29133975,1726
650,AGeryCat,96885459,1726
651,yp1244,95327691,1726
652,chicken512,92493564,1726
653,m2u282,96908645,1725
654,Ashonga,96292383,1725
655,Albertzxc,93704722,1725
656,BMOv1,86633716,1724
657,TiamatUA,84277005,1724
658,yuandong,94355554,1724
659,shiren157,89623481,1723
660,Moe100,91190326,1723
661,Berthelsen,34368722,1723
662,GeoPiglet,93802295,1723
663,summer66,94892221,1723
664,trippdup,95628579,1723
665,AlexandriaBAbuser,92970165,1722
666,17-Tree,94952640,1722
667,gtq222,95882114,1722
668,Melkyrios,94242584,1721
669,Daole,93289415,1721
670,Greater,93417550,1721
671,cccs12345,84873327,1721
672,BGLoveChannel,92012173,1721
673,chexmixes,91302888,1721
674,triangleforce,95997311,1721
675,gallinule,27807425,1721
676,yang654321,94938272,1721
677,solomission,95192182,1720
678,elephant542,97228214,1720
679,magoplayer,94530210,1720
680,jan dc,86016907,1720
681,Boswell21,89494210,1720
682,GO289,84885422,1720
683,Eetuliitu,94554034,1719
684,yiqiesuiyila,43502389,1719
685,DexterXX,94428512,1719
686,steven_y,95881961,1719
687,Do0oD,94704039,1719
688,Azhawa,86868503,1718
689,karleasdnaskjd,96975084,1718
690,Fettfjes,84298491,1718
691,Jay1110,89491942,1718
692,zrb057,97214073,1718
693,laneledge,87394516,1717
694,sanyuai2,94114859,1717
695,llxllx999,94184206,1717
696,Tharsis15731,94796767,1717
697,RealLife_,85011364,1717
698,Padrag,6931280,1716
699,TuggerNuts,94499511,1716
700,TurkeyTacos,92305503,1716
701,mj256,95301670,1716
702,re99,95380317,1716
703,TinyH,88485228,1716
704,Asuet,93479963,1715
705,Kanggu,94866706,1715
706,Bluewind0102,94309896,1715
707,weiwei9,93611355,1715
708,XodKaniom,85309072,1715
709,Linkangel,92438556,1715
710,handsomemessleo,95167205,1715
711,Mrqiu,84644105,1714
712,pummel,94854947,1714
713,xdxy502,96786401,1714
714,waytim888,96697847,1714
715,FlowwYote,94296840,1714
716,stuug,89645503,1714
717,lulu-ocean,94461523,1714
718,feedmm,93108057,1713
719,Kerubin08,84532848,1713
720,Pitufitoo,86871207,1713
721,Verena99,96412085,1713
722,ghostwolfbai,93189402,1712
723,Niclson,91396112,1712
724,scottvw,84430015,1712
725,JoMiStXY,94365327,1712
726,ukii0811,95544589,1712
727,alunhuang,94187459,1712
728,sisigier,97413758,1712
729,PookieFoster,96222616,1712
730,fish0608,96400558,1712
731,Leemzz,90596488,1712
732,algernon4,95205071,1711
733,so king,94310784,1711
734,amaama10,85207263,1711
735,sasebound,97483140,1711
736,luminous48,92663924,1711
737,AHliangZZL,94915258,1711
738,OlafderSchneemann23,95220969,1711
739,GaoEy,84484843,1711
740,welikepig115,87856169,1711
741,purinyama,86438593,1711
742,ichinoseharu,93147862,1711
743,escapellar,90567989,1711
744,Petra_J,95236088,1710
745,bgk_zero,90664461,1710
746,NBF00,94195914,1710
747,usunmet,97496016,1710
748,northland-SNOW,92909793,1710
749,LLMMYY,96573548,1710
750,tjh23,94970791,1709
751,kolishman,87762795,1709
752,Boondizzle,93147236,1709
753,kimimumu,97371917,1709
754,Panpohoda,92006971,1709
755,Moonant,95482427,1709
756,Morgrain,96633018,1708
757,AiMisteria,97380173,1708
758,Matt0623,92777397,1708
759,TomdevBE,92134536,1708
760,mikarnos,96416106,1708
761,Krokmew,92113014,1708
762,wu hen,96798497,1708
763,Nightingale71,89613566,1708
764,Krovax27,84773688,1707
765,Ruben-ii,88170309,1707
766,klusty,84004928,1707
767,hardco,88198489,1707
768,nengbengbear,94534456,1706
769,natongshi,97013166,1706
770,GregPL,90706192,1706
771,lodkristof,94739995,1706
772,46manjuu,95286106,1706
773,Whisper117,96006930,1706
774,zfs02,96326623,1706
775,J-boi,87800502,1706
776,zkfreedom,94408912,1706
777,LastActionNerd,31359439,1706
778,B0llehenk,87437016,1705
779,redber001,95064085,1705
780,big big monkey,97413303,1705
781,HappyClam73,96071015,1705
782,RichardWest,94985359,1705
783,Niall,1728322,1705
784,gtq2,96971334,1705
785,treetop70,527954,1704
786,boysClub,13757918,1704
787,nehzumi,96062601,1704
788,AdamHorton,83877945,1704
789,Djemba_Djemba,94348756,1704
790,saki7788,93586059,1704
791,L-ink,94760393,1704
792,Mercury321,95333345,1703
793,X_L,95925951,1703
794,Vorima1,95186165,1703
795,jppandas154,95165208,1703
796,MapleKenD,95996922,1703
797,spitfireharry,17145465,1703
798,Shinfay,95105404,1703
799,Nan2game,97261920,1703
800,vix084,97328571,1702
801,Sheldbarn,85239067,1702
802,SlothInSpace,90937482,1702
803,sbk006,86580306,1702
804,ArkLover,94358443,1702
805,zaky26,95892885,1702
806,abridge,84667880,1702
807,rdf240,88468344,1702
808,abc27965184,91308899,1702
809,ml514,93253317,1702
810,milo324,93328793,1702
811,Netopier,13536984,1701
812,Sibkin,95318545,1701
813,crosshappy,96544279,1701
814,Cyrus9630,95117964,1701
815,Zheng,30574650,1701
816,Michael23Jordan,96799954,1701
817,anonaddict,91267239,1700
818,DonaId Trunp,96735110,1700
819,sryforluckydraw,96281952,1700
820,Max_chan,94911601,1699
821,MolybdenumX,93469671,1699
822,xzc370,4269255,1699
823,WinstonWolfe,92839895,1699
824,dandusz,96468637,1698
825,Ciskesa,97072609,1698
826,qeqeracoon,95341929,1698
827,korosif,96195796,1698
828,xuyichen4,94540908,1698
829,avgjoe40,88518426,1698
830,Xoth2,92905462,1698
831,patrickwai,91266412,1698
832,iwantmykfc1,95607969,1698
833,Gucizhou,96065032,1698
834,Hedwig_Owl,97478990,1698
835,Pawl Patrol,94661120,1698
836,joramvdv,91860649,1698
837,kuba kale,91227287,1697
838,TOJE,95891217,1697
839,Mike Zulu 1,93857564,1697
840,Nikach,87877982,1697
841,wcy1024,89783447,1696
842,HeavyKladdkaka,94947404,1696
843,dannn,7054764,1696
844,sssss333,87164491,1696
845,show maaker,95192255,1696
846,LucidDaze,95033499,1696
847,MadLow,94762375,1696
848,wang857,87927050,1696
849,Paju_,93885418,1695
850,Dogtian0202,94806141,1695
851,Adkhi,95071482,1695
852,--blink--,94405559,1695
853,pinkex239,95085497,1694
854,lx_xlO--lo_oQl,94358490,1694
855,onlyone04,94593544,1694
856,MagicMaettes,88434413,1694
857,FGXKK,94604527,1694
858,thornsill,96481941,1694
859,IsaszeXyIlona,96209277,1693
860,leafleafovo,96087072,1693
861,Robyn Hood,94057549,1693
862,mochal,95296762,1693
863,hhhharry,85403455,1693
864,Mannhemer,88845638,1693
865,Daanotkle,96083604,1693
866,ArkNovaAtNight,97228956,1693
867,Liu XiaoBu,97009281,1693
868,woowoo01,94077674,1692
869,oph454,97442892,1692
870,JohannV,95069929,1692
871,Beeeater,95007152,1692
872,zzzz123439,95952744,1692
873,peisaugachi,95608914,1692
874,RoflsALot,95282076,1692
875,Bourrac,94753917,1692
876,victorioushermit,95438390,1691
877,Sisheen,95435988,1691
878,ntjj4,94073392,1691
879,ljxngift,30612112,1690
880,Gnarky,88611248,1690
881,zyd1994,96473771,1690
882,qsyyk,96325296,1690
883,TheDoktar,91987211,1690
884,forist,93536913,1690
885,VideoVandal,7203702,1690
886,wasabi3104,84312007,1690
887,wanpiqiu123,91549857,1690
888,NY Steezy,94471312,1689
889,ddubois,914385,1689
890,ZzReborn,95656596,1689
891,canadan1,97045143,1689
892,Abeeeeeeeeeee,94100933,1689
893,lihuo,94310243,1689
894,ToaoMT,85411690,1689
895,khoinm,91418243,1689
896,Falafel Waffle,95983082,1689
897,Blood_Stone,97320620,1688
898,PromiseIAN,92440452,1688
899,table_thirteen_,97483619,1688
900,AaronBE85,85499118,1688
901,Felipeod,89465683,1688
902,Fonnnnd,96050896,1687
903,donggone,92615273,1687
904,zhushen66,96160038,1687
905,daxiaojie,84164080,1687
906,97465622,97465622,1687
907,shixinbb,95626223,1686
908,leech2024,96531582,1686
909,lanchikiss,23377061,1686
910,Igord Kanoots,88353096,1686
911,kcm341,95940369,1686
912,MrYama,95308303,1686
913,KPTang,94760971,1686
914,LawSilver,95723478,1686
915,Seredic,94483785,1686
916,qizixi123,96380443,1686
917,sni848,96161135,1686
918,yuuuuuullll,96894561,1685
919,haiduk,86236054,1685
920,jolteon_sun,95597255,1685
921,msinohdd,97620751,1685
922,WorthlessPeon,97583994,1685
923,kplynch21,95543285,1685
924,TopTierReindeer,88288744,1685
925,Animalfriend,95604380,1685
926,lee20807,92078798,1685
927,whillg,96298248,1685
928,hjjmz,95658146,1685
929,BrotherKaramazov,97069772,1684
930,Shin Ramyeon,84849625,1684
931,PinQ,86485137,1684
932,CrazyMrAll,94479280,1684
933,a05170921,84792217,1684
934,paperboi03,83847533,1684
935,tubipa,85167493,1684
936,gold-monkey,94609195,1684
937,zitcob,85257822,1684
938,ebf970,97289257,1684
939,zszs5555,93239650,1684
940,logiclover512,94078577,1683
941,zvq346,97446434,1683
942,Vitalijus,85498916,1683
943,mad_max426,90429877,1683
944,Chewwy,85852390,1683
945,LittleSteve,95341800,1682
946,GWGY,92184632,1682
947,mjourard,96149394,1682
948,tatama02doi,95422657,1682
949,CowsGoMooooooooooo,96035731,1682
950,momo233142,97281739,1682
951,Kravchi,92799769,1682
952,kozaza,95289690,1682
953,zenkyleD,84321999,1682
954,Ibukilin,95135371,1682
955,lenkuwang,95019494,1682
956,jodash,94328424,1681
957,Lixdark,94711439,1681
958,Nushasmall,94807131,1681
959,DVDvDVD13579,92484270,1681
960,HonyHy,95495036,1681
961,w5w5,96848454,1681
962,Iris_catf,96405064,1681
963,luxorthegamer,84037029,1681
964,Rob6566,85122079,1681
965,HarpAttack,83902038,1681
966,shiny colors,96898692,1681
967,blind2,95341083,1681
968,beepzop,88424815,1681
969,brian790224HDO,96451215,1681
970,lildreamSun,97026298,1680
971,benzabill,86633776,1680
972,bizarbus,95498202,1680
973,Manerma,88096743,1680
974,Dr4matic,97011247,1680
975,pud331,97145183,1680
976,SYSXD,84197450,1679
977,Ontamu,83920777,1679
978,Kemme,92849567,1679
979,Scrastolo,83906954,1679
980,SamSkertzzz81,95688238,1679
981,Fireofheaven,89347135,1679
982,gegcac,97520720,1679
983,huangmincheng,95418892,1679
984,Supbro_Y,96834645,1678
985,Sale937,96880850,1678
986,EastBird,92972802,1678
987,quattro_85,85087204,1678
988,Shahar48,90131480,1678
989,begggah,95387138,1678
990,biekaw,97076203,1678
991,Wind Singer,94992898,1677
992,joelzzz,96244695,1677
993,wkccc,94929533,1677
994,ArsLoid,96824185,1677
995,UpperDecker,39460297,1677
996,YoungJae,85231119,1677
997,chomkrengkrai,84432648,1677
998,OverzealousMonk,90993215,1677
999,cooncoon2,96926296,1677
1000,rin yu tao,93086752,1676
1001,Pelirrojo1711,92166550,1676
1002,hustspy,89421460,1676
1003,Erdbeerstaude,96624667,1676
1004,nomoster,95159831,1676
1005,smoogums,93208637,1676
1006,OwOvOwO,89644128,1676
1007,ritterboehs,97249970,1676
1008,xhsbhh,95620771,1676
1009,qoq603,97111361,1676
1010,surfer890c,95485490,1676
1011,gxiaohan,96505568,1676
1012,mapleturk,89213147,1676
1013,marca64,87483373,1676
1014,Aegidus,84840877,1676
1015,huayanxing,95265028,1676
1016,lazy personality,94539372,1676
1017,Agentus,60242560,1675
1018,JongSeok Bae,85032190,1675
1019,Billy233,85389080,1675
1020,AvanNan,96812640,1675
1021,w5ht,96895242,1675
1022,XXXkidauniXXX,88062026,1675
1023,Confuc,92263568,1675
1024,Gugguru,94601931,1675
1025,Gabor421,84989824,1674
1026,seth2311,84345517,1674
1027,Isaacdnt,94001984,1674
1028,BraveChicken95,96394580,1674
1029,Legi30,92244333,1674
1030,speed_uppppppppp,97588678,1674
1031,warieyemii,95939896,1674
1032,Birdie_onwire,85072637,1674
1033,DDG1999,95879739,1674
1034,filip1a,91966450,1673
1035,zuiaipaoJ,90903235,1673
1036,Artisary,95036182,1673
1037,beibeikiss,95802008,1673
1038,last zealous jerk,93630648,1673
1039,Rambo Ramon Reiner1,96606640,1672
1040,Celebella,96139585,1672
1041,ericsabee,83873230,1672
1042,Reditright,97631886,1672
1043,ohehehe,96215419,1672
1044,smoothziwi,96311476,1672
1045,374714001,93218098,1672
1046,weiansaber,94512867,1671
1047,liyi123,93207208,1671
1048,Mbkristiansen,95746209,1671
1049,frisch-geduscht,90624374,1671
1050,PistachoPato,95116474,1671
1051,guatai321,94362339,1671
1052,dk_for_game,87743662,1671
1053,Cinfonia,94412242,1671
1054,BakGwangHoon,93679971,1670
1055,hieu1998,94037868,1670
1056,rune_2002,84575319,1670
1057,LeeCloud,88351661,1670
1058,Demonictutor,92161752,1670
1059,Luzzzzo,88756540,1669
1060,cheegg,96437125,1669
1061,ronniezl123,94287444,1669
1062,Lemmings,84048225,1669
1063,ykf034,97307271,1669
1064,realalien,92971477,1668
1065,Demosthenes88,88581393,1668
1066,acesythe,94227792,1668
1067,lulululudi,95041138,1668
1068,sa_ne_4ka,84620522,1668
1069,hgergo,87754464,1668
1070,ElMaggie,94875472,1668
1071,yuzukizulover,97251832,1668
1072,AnzeA,95690171,1667
1073,wilhelmfors,89948126,1667
1074,deadpoolx01,90895955,1667
1075,scritch86,90169775,1667
1076,Dwx1998,90569188,1667
1077,Andydoorc,94492682,1667
1078,jingaposs,97166268,1666
1079,mulqmook,85968997,1666
1080,Tu Sai Chi,85255566,1666
1081,MrMB,84379094,1666
1082,xeraqehdepera,84863500,1666
1083,COOList,85288480,1666
1084,pkding,95458786,1666
1085,sweet_pirogok,95418883,1666
1086,Sidesp,94528608,1665
1087,KiTCC,83839920,1665
1088,Webby,85521083,1665
1089,pkfsk,94944078,1665
1090,robgeibel,96133931,1665
1091,little meng,97392267,1665
1092,Roscoe_pauling,95444229,1664
1093,luckyHanzo,95348598,1664
1094,hogpog_98,97047863,1664
1095,hushwo,96138126,1664
1096,OrrBi,96413170,1664
1097,Redbuster,95132749,1664
1098,Kryel,84473114,1664
1099,HansDieGewürzgurke,92672256,1664
1100,matan,85243514,1664
1101,jimmydk,87221869,1664
1102,Awesimitus,24878560,1663
1103,shadowwing0,89467531,1663
1104,3nat,96326862,1663
1105,atx7541,27396869,1663
1106,axb980,96950023,1663
1107,kalipolis,93213835,1663
1108,ACR85,86802162,1663
1109,Chrisnizzz,86500165,1663
1110,asiagrubas,84333449,1663
1111,ddfan83,91696571,1663
1112,Pony Smith,96726829,1663
1113,shecon,75349551,1663
1114,Doorak,83903896,1663
1115,NemesisLD,96388128,1663
1116,Aaberg87,94407141,1662
1117,whutqiufeng,85267995,1662
1118,J A Frederick,95056203,1662
1119,Mariko2009,95769598,1662
1120,bjj195,96167575,1662
1121,HeIIo,87659869,1662
1122,vincents1994,92683795,1662
1123,Lord Business,92850653,1662
1124,Hydromel,85587017,1662
1125,selwyth,85072583,1662
1126,Gordon10,96275754,1661
1127,CurtainMaek,96590257,1661
1128,zhangjun226,96855302,1661
1129,saninecat,95631894,1661
1130,Whykecoakfly,86901055,1661
1131,livetune kz,96302590,1661
1132,Incognitoh,87442869,1661
1133,alunl,88393344,1661
1134,ThomasPoul,96237778,1661
1135,Neil003,97601822,1660
1136,EsqSnowBird,89562364,1660
1137,Last Pride,94370035,1660
1138,Hasssy-,88060864,1660
1139,PimV2,96115126,1660
1140,benzkungnarak,92614782,1660
1141,antaguilar,87906568,1660
1142,Mubai158y,96974438,1660
1143,cypresstrees,92136462,1660
1144,limnir,94428624,1660
1145,-_______________-,91255895,1660
1146,velveleh,95024088,1660
1147,Gen Powell,96689538,1660
1148,Blastobeer,84604161,1660
1149,alfinho16,95977802,1659
1150,havdalabills,90131528,1659
1151,HappyChild,96390330,1659
1152,colour pen,95169545,1659
1153,amitlevi45,94077627,1659
1154,JohnnyWin,94847523,1659
1155,OOooround,95783239,1658
1156,manee135,94480877,1658
1157,getpooped,94647572,1658
1158,Kev1nX,96940822,1658
1159,PierreLGL,94304672,1658
1160,Chimajmaj,94268048,1658
1161,Dashabie,97222965,1658
1162,le_asmo,91930865,1657
1163,Tryycks,39562274,1657
1164,Chupparito,96295011,1657
1165,Grianos,96788517,1657
1166,wooliss,84974454,1657
1167,DayiUSTUN,87812272,1656
1168,cammauta,84720804,1656
1169,usyu,88530691,1656
1170,SailF,95663775,1656
1171,Teddy Pancake,92056323,1656
1172,shi-nian,96436012,1656
1173,fennudemianbao,91394389,1656
1174,Martin_Walter,94432789,1656
1175,JustKinsilm,96622138,1656
1176,HassyHH,96546809,1655
1177,HydrargyrumDuke,91215768,1655
1178,DoctoR CoBRetti,96634300,1655
1179,LaoDA1,96597415,1655
1180,Seebax89,90783775,1655
1181,supu22,96784946,1655
1182,BuffDaddy5,96531468,1655
1183,gyu817,95621781,1655
1184,Ting86,97165720,1655
1185,explosion kitten,97542305,1654
1186,Buksy,84762717,1654
1187,Sicario9527,92350084,1654
1188,Psch8,96369415,1654
1189,Wakaba Mortis,97452120,1654
1190,Steinsson,95022170,1654
1191,spwinnnn,92805582,1654
1192,Icybone,93209560,1654
1193,9505 cow,96999784,1654
1194,Dean2333,91483439,1654
1195,heranm,94062718,1654
1196,cxxkxxm,91811048,1653
1197,reborn8787,95298213,1653
1198,davidjy,97584379,1653
1199,Glieken,96432735,1653
1200,tyc818,97349878,1653
1201,jeffrey13250,94305448,1652
1202,mbamber,92172849,1652
1203,pavelkra,94775106,1652
1204,Yideng,90042704,1652
1205,Mahjjima,34194283,1652
1206,joshp0407,92707612,1652
1207,Long0103,92102371,1652
1208,whiskypedia,95480765,1652
1209,StromSpirit,93992210,1652
1210,darki3,84793613,1651
1211,1010jjqqkkaa,94796494,1651
1212,pepealas,94382995,1651
1213,botsur,85186774,1651
1214,drsteelhammer,88837427,1651
1215,zhunandelong,8377958,1651
1216,Przemo_,94827384,1651
1217,Aaron Bartel,94531491,1651
1218,gamesliker,96291280,1650
1219,bgz544,96161121,1650
1220,itskins,94095093,1650
1221,chun geer tai,94169485,1650
1222,Erfthegreat,88187538,1650
1223,Pretpielman,95643655,1650
1224,MOLERO,86550451,1650
1225,Akimio,94663322,1650
1226,228730501,36143968,1650
1227,answer_uni,97503567,1650
1228,_serenade_,90651996,1650
1229,FKYS,96369213,1650
1230,xzz_xiaoming,95074130,1650
1231,nerdindisguise2,95107700,1649
1232,The Aristocrat,85027110,1649
1233,BlueSwan,84376365,1649
1234,Mikabuto,90038771,1649
1235,Pinecone222,84341816,1649
1236,stat5216,91828768,1649
1237,Alkene222,96051397,1649
1238,floyd_pinkerton,92062126,1649
1239,ChefMatt4,95951538,1648
1240,James1109,96674284,1648
1241,eason_1shen,96632445,1648
1242,bogbane,89062943,1648
1243,Newlife777,95179890,1648
1244,Blindair,95485965,1648
1245,k4tt,95088764,1648
1246,Iaranator,91069574,1648
1247,encens sacre,93180050,1648
1248,Hesriana,93111383,1648
1249,deman13,92420655,1647
1250,zzw89,94376267,1647
1251,slamsk,3314436,1647
1252,Augustail,85268038,1647
1253,Beakerdan,89094570,1647
1254,thoams,84173338,1647
1255,RivaIIs,95160327,1647
1256,kuneeee,96669880,1647
1257,512cjcj,97264267,1647
1258,MalcolmR,85139634,1647
1259,muninn,84983403,1647
1260,SPikeStaAr,94406053,1646
1261,revamaxx,85732442,1646
1262,thirsty380441579,97054054,1646
1263,crazydanejones,95087493,1646
1264,TundarStonehead,95636136,1646
1265,half awaken,93186377,1646
1266,sohan22,87852950,1646
1267,channelish1,95553868,1646
1268,cocoshot,89851583,1646
1269,NolsBerserker,85110315,1646
1270,Nuraxxt1ao,95222006,1646
1271,WannesVyvey,95763496,1646
1272,KAPTENENROTFRUKTEN,95929714,1646
1273,Manrick,95089440,1646
1274,HellaciousFlame,94975385,1646
1275,taleboy,84800002,1646
1276,Gornal,83901621,1645
1277,well-don,97360817,1645
1278,CXBCCC,92969731,1645
1279,Boborockt,94364013,1645
1280,hiro17,84618025,1645
1281,huihui11150013,94474587,1645
1282,CptHeff,84489424,1645
1283,Evanescence11,95500030,1645
1284,SnikendeTeppe,94345243,1645
1285,PhysicalHealthDamage,97038297,1645
1286,biggetje,83994342,1645
1287,zafy05,95897652,1645
1288,bamby07,97369282,1644
1289,Dramatisch,94833584,1644
1290,cyan0874,90639339,1644
1291,Yavyy,97125473,1644
1292,Link_hero,94718990,1644
1293,torbuchnew,94103415,1644
1294,koisandayo1,84194216,1644
1295,SpencerC,88552119,1644
1296,Louxor-ya,92739783,1644
1297,Climb_er,94599254,1644
1298,Alina Cute,95967738,1644
1299,Armax84,86226341,1643
1300,daniyuni,95511906,1643
1301,bwalsh96,95067090,1643
1302,ButlerKK,95761603,1643
1303,clobonionio,94965202,1643
1304,kevin5208df129494073,90680370,1643
1305,SoftChoco24,94525996,1643
1306,RozzaW,88586901,1643
1307,jarmz,86067665,1643
1308,Sharon1204,91108415,1643
1309,tuotuosi,94113746,1643
1310,EFcity,94492426,1643
1311,ppppppatrick,85065472,1643
1312,alonemaster00,94208179,1643
1313,luxusgerbiili,96442485,1642
1314,mihudajiebao,95506831,1642
1315,SS-LGD,96718094,1642
1316,gmmudkip,95618342,1642
1317,shinyonghyun,95582827,1642
1318,oddandordinary,93162814,1642
1319,ppky000,97581593,1642
1320,prajmus_,94159758,1642
1321,Harqalada,85652434,1642
1322,Manud73,91454232,1642
1323,blueiceix,94676126,1642
1324,Lux6556,95839725,1641
1325,qtakj2e,96735538,1641
1326,mathtiger2005,95487093,1641
1327,Flinky1,93149448,1641
1328,ruru52,94778750,1641
1329,Teita_Hastur,95589015,1641
1330,einBär,94017529,1641
1331,elwirfo,85528330,1641
1332,SteveHerbert,87706937,1641
1333,Pep zero sugar,94965862,1641
1334,Atopo,97146919,1640
1335,zc74560,89987253,1640
1336,LittleCatto,92907730,1640
1337,Isme Daglas,93965367,1640
1338,Kanarii,92243957,1640
1339,squidwardhhh,94429629,1640
1340,El_Hunk,90571252,1640
1341,Artichoke33,84528495,1640
1342,AloneInTheRain,93696406,1640
1343,Il_Paninaro,85282119,1639
1344,Yunch123,96258150,1639
1345,akuai,94255226,1639
1346,fanqie404,94954961,1639
1347,davidt23,51657213,1639
1348,JinnyF,95661267,1639
1349,HeavenB1rd,96872494,1639
1350,Fanta1999,83983702,1638
1351,jfbus,94841914,1638
1352,karlakas,84181418,1638
1353,DACATKING,91808333,1638
1354,xchnlng29,96129089,1638
1355,peti920820,95586869,1638
1356,K-Pistol,86138975,1638
1357,mesousa22,84723106,1638
1358,Kantian Duty,93317241,1638
1359,Guzzikin,95127623,1638
1360,AlainBardini,94275489,1638
1361,zis300,95972088,1638
1362,wudun12,97348675,1638
1363,chenjn2010,96940332,1638
1364,vikkeer,97068945,1637
1365,set2m,95889095,1637
1366,WatermelonHero,95212822,1637
1367,alanndlr,96326900,1637
1368,Lexxiii,90043148,1637
1369,wufengyuluo,93284227,1637
1370,yuanhe416fu,97483035,1637
1371,jjbond,95442065,1637
1372,lucas777ambi,97418150,1636
1373,Dallu,95646213,1636
1374,PirateDoDo,97122962,1636
1375,M_Grieves,96862068,1636
1376,MartijnTervelde,95601503,1636
1377,AgentSmith09,96040853,1636
1378,Dunnerkeil22,95349081,1636
1379,Mr Katze,90182544,1636
1380,akaReject,93847723,1636
1381,3phemer4l,96271937,1636
1382,12270110,89644742,1636
1383,woogie_D,93928774,1635
1384,sleepyist,92854547,1635
1385,Zajcu,88799451,1635
1386,idjuhan,95975924,1635
1387,Kazuma,15499147,1635
1388,magicfeng37,94290713,1635
1389,yuanhe417fu,97529144,1635
1390,kourepai,88432851,1635
1391,523914354,97274606,1634
1392,smoothduck15,84725614,1634
1393,Savke,87301732,1634
1394,amp_troll,94299537,1634
1395,kit0330,88536041,1634
1396,KEVOHXY,94294894,1634
1397,Guillaumito,86441635,1634
1398,miked1991,1003004,1634
1399,DaIinar Kholin,94859826,1634
1400,oneswordmantis,94472228,1634
1401,AAAllen,95828140,1634
1402,Clinchi,96866419,1634
1403,hoony92,95602082,1633
1404,jinwandalaoh,95949796,1633
1405,epoxid,96959062,1633
1406,mcknico,94661179,1633
1407,Titus-X,95195125,1633
1408,jimmygoodman,94562096,1633
1409,SirDragos,96002757,1633
1410,jimmy2718,4303215,1633
1411,vic8827,94695855,1633
1412,SchnittyGames,94851925,1633
1413,magsup,96960646,1633
1414,adx07,95535531,1632
1415,benbenzhu,96685421,1632
1416,yinwen,84858201,1632
1417,erisalke,92999685,1632
1418,Krakatora,96160264,1632
1419,mangomadman,94798731,1632
1420,XUMING,96628794,1632
1421,knbd,96557880,1632
1422,nikozzhw,95277568,1632
1423,Samuelis,92734694,1632
1424,Up2Iso,85517295,1632
1425,vinny_boy,93730884,1632
1426,cranesflyhigh,95240579,1632
1427,Vlaaaaaad,84714430,1632
1428,thuanphong,91163419,1631
1429,JosephLawless,87345950,1631
1430,brangbrang,93565062,1631
1431,moore,75874858,1631
1432,Eddos2,95345563,1631
1433,lifetaker3000,96560884,1631
1434,heejin_rabbit,96474146,1631
1435,Al_VeTaL,91228782,1631
1436,EnGoGubbe,95490149,1631
1437,blei_ffff,96941012,1631
1438,amirg,86114395,1631
1439,Redbeard77,92513764,1631
1440,hbid123,94688112,1631
1441,Vic___,96333121,1631
1442,honglongweng,92079732,1630
1443,lha123com,30652433,1630
1444,AlanWaP,96739583,1630
1445,nights1030,85261380,1630
1446,Niluk93,95487476,1630
1447,Hank-Man,88260393,1630
1448,Guojiiii,96813295,1630
1449,Jeremypha11,92510638,1630
1450,bl4th,93497533,1630
1451,Jabberwock3,84322115,1629
1452,ata_silver,92891656,1629
1453,736452236,97569321,1629
1454,I3raVo,92470954,1629
1455,Hitman 47,95535212,1628
1456,Pomegranada,85245217,1628
1457,ltanitanil,94602797,1628
1458,XiGua9527,96916614,1628
1459,peter-san,94509324,1628
1460,G0OD,97365132,1628
1461,Torfi Torfnase,90161166,1628
1462,SakkarinSuwiboonsub,96475506,1628
1463,Agiagi,96362634,1627
1464,wadewwwww,90974527,1627
1465,Alebaster,85270203,1627
1466,AlexShen,91061093,1627
1467,strollingstar,86761954,1627
1468,bawkbunny,91652110,1627
1469,yves_lanuit,94761989,1627
1470,AnselmJia,85214842,1626
1471,jajozh,94955120,1626
1472,lee902,93094884,1626
1473,KyleCoyle,89240078,1626
1474,ISKU11,94432912,1626
1475,Louis5151,92187781,1626
1476,manuoca,85560608,1626
1477,produce_guy,85854809,1626
1478,yuan1201,96584095,1626
1479,1012k,90102316,1626
1480,Szynki Sery itp,97033166,1626
1481,bigtudou,95609713,1625
1482,Emil90,94854600,1625
1483,xiangxiaoyu,96885656,1625
1484,NARU_BEAR,94748235,1625
1485,SplendaddyC,92956821,1625
1486,HaskyFDU,90651844,1625
1487,Roobid,85429639,1625
1488,chuansongzhiwu,93369103,1625
1489,wbjs,93210243,1625
1490,Smart Winner,94607102,1625
1491,qxs275,97049175,1625
1492,bravetiaotiao,92309466,1625
1493,KaeptnZurSee,89972532,1624
1494,sheeo,91301439,1624
1495,Riory08,84815488,1624
1496,momb00m7,94634133,1624
1497,emmmbarrassed,97286493,1624
1498,SmokinFlounder,94675357,1623
1499,ShovelKnight,85305282,1623
1500,GutsFan,94575616,1623
1501,chrislimjiaan,84524876,1623
1502,migu89,94367436,1623
1503,FKorsvik,94538001,1623
1504,fishermanjim,89637604,1623
1505,Azoken,83857881,1623
1506,a98765487,24243288,1623
1507,becsquared,96107510,1623
1508,YouZoney,87986520,1623
1509,Knight Zero,94949458,1623
1510,worldpeaceeeee,94619221,1623
1511,boardgamesmue,93909596,1622
1512,King161,85369540,1622
1513,wanannnnn,93254183,1622
1514,mcboyes,84460077,1622
1515,pjtseng,89987611,1622
1516,ningning1031,95424549,1622
1517,ArkNovaKing,97575687,1622
1518,hsdeluxe,22632910,1622
1519,ar12312,93933987,1622
1520,nohye68,85120095,1622
1521,Nitroustorm,85438799,1622
1522,boluoliang,95723290,1622
1523,Nico7,85300846,1621
1524,woodenbox,92893596,1621
1525,shogi_neko,90981707,1621
1526,eddymacneddy,95084558,1621
1527,Gestra,95022416,1621
1528,13anKz,90782146,1621
1529,Whippet11,86327878,1621
1530,Jei5,85803374,1621
1531,topdogfederation23,92076087,1621
1532,LittleChopper,95302341,1621
1533,kbrakke,91713048,1621
1534,tianmingv,96384185,1621
1535,Nuurek,94888837,1621
1536,swf103,97184413,1621
1537,Wargraith,95584545,1620
1538,VanCity,84584019,1620
1539,zabr,94975366,1620
1540,cremx,84306292,1620
1541,nnjc,94607246,1620
1542,Djalina,3987138,1620
1543,Benzawzaw,84750306,1620
1544,MuJingji,96232022,1620
1545,Jupe15,94649999,1620
1546,Idkany,97342741,1620
1547,HaogeBob,92358202,1620
1548,Magnouh,96719153,1619
1549,kaikulimu,94825660,1619
1550,Sai Lan Vy,96008233,1619
1551,bearmaximum1893,96364717,1619
1552,fynjy,84533865,1619
1553,whoopsie123,96435796,1619
1554,DZJ945,97059294,1619
1555,ChonkChonk,92302578,1619
1556,Moc king Jay,93733630,1619
1557,maajs,87962707,1619
1558,really_good_hunter,93678489,1619
1559,hollow7777,94847227,1619
1560,Noarsark,96199999,1619
1561,zxzx5zx,92352021,1618
1562,Tatertoteatalot,95529184,1618
1563,yayapenny,83855029,1618
1564,zerel21,91441444,1618
1565,ZplayerGamer,96575283,1618
1566,ahansen84,94487126,1618
1567,JakeJobe,88447070,1618
1568,Fojtu,84521371,1618
1569,earlytimes123,94389569,1618
1570,Firdorn,92714536,1618
1571,lilzuke,87981121,1618
1572,lokusr,97177808,1618
1573,Nev3rMinD,96800188,1618
1574,Raisefine,88205322,1617
1575,RickyRacc,95491363,1617
1576,zza,92210370,1617
1577,Very cute king,96415453,1617
1578,BizarreSour,94913600,1617
1579,remilstl,94587394,1617
1580,gamergirl1994,94572698,1617
1581,MartinD,85846386,1617
1582,Dark_Tweek,95439778,1617
1583,Kenneth S,88716591,1617
1584,Kebabchef42,96070163,1617
1585,ZhaoBing,95023282,1616
1586,wejus,95218261,1616
1587,thigya,90750695,1616
1588,SometimesRaining,94957718,1616
1589,DamiSoldi,96903883,1616
1590,WinterInCairos,89718003,1616
1591,pyhuang,6440595,1616
1592,metro,19426953,1616
1593,andypants40,94965436,1616
1594,NickyLarson,84879830,1616
1595,bodeer,94291652,1616
1596,daisten,92393527,1616
1597,DarkRiddler,85301042,1616
1598,MonkeyKKing,97272808,1616
1599,Mike Pokrzywa,88121904,1616
1600,GilgameshTheKing,95812007,1616
1601,pahomate,95903485,1615
1602,Theerathatja,92624266,1615
1603,JontyMC,83845727,1615
1604,rinsmasp,97254131,1615
1605,Pppip3,84465322,1615
1606,BeiChen0213,92942891,1615
1607,kevinli0115,91239012,1615
1608,Sidouro,96200493,1615
1609,Tyrelanas,84219840,1615
1610,Byggemandbob,94989249,1615
1611,mmanch,95299209,1614
1612,cj-kjm,97622347,1614
1613,CbadGamers,94910865,1614
1614,Stuntovic,94763755,1614
1615,FriskFreeman,97287021,1614
1616,kmcgaire,84995812,1614
1617,Ards,84885801,1614
1618,Pepsi_zero,90925636,1614
1619,jakeywakey10,96510297,1614
1620,pjzfcjm,84186722,1614
1621,cynicdg,94573734,1614
1622,sashn,93483569,1614
1623,pattonhelman,92237877,1614
1624,PipSqu3ak,94828315,1614
1625,hottea386,95242843,1613
1626,blueboat9,92440453,1613
1627,simon winwin,96679981,1613
1628,Salvo76,85863474,1613
1629,deeezz,97144181,1613
1630,u_u o_o,95974025,1613
1631,Juume,96249124,1613
1632,cubeinstar,93820950,1613
1633,Irui123,95254017,1613
1634,rsc599,96843580,1613
1635,Katyusha and Pikachu,95454579,1612
1636,inotherwoods,94285928,1612
1637,melkor123,96799639,1612
1638,lv3curtiss,84335732,1612
1639,GeminiD20,91424824,1612
1640,YourMichael,91602724,1612
1641,sd64,91017597,1612
1642,Joe Orser,94983628,1612
1643,ezboi98,96308571,1612
1644,Barbotin,89969888,1612
1645,pepakura,84533787,1612
1646,peterhaw,94795978,1612
1647,davidteh93,85706927,1611
1648,white_give_king,94425630,1611
1649,CustodioDan1,94490545,1611
1650,DunDun715,94540720,1611
1651,26th_element,91821818,1611
1652,RouBao,92800766,1611
1653,grodi,84428342,1611
1654,Uowca1,96627724,1611
1655,GrandBlueLore,96735201,1611
1656,jaychali,97217360,1610
1657,vianney383838,97525591,1610
1658,kqo970,97507772,1610
1659,spectral_lynx,95275561,1610
1660,Midsoar,95839143,1610
1661,noel344,92026757,1610
1662,Christa88888,96149752,1610
1663,lddbddam,94988802,1610
1664,Koki0802,88062916,1610
1665,jhzol,93241169,1610
1666,Maples612,88849298,1610
1667,cta240,97189906,1610
1668,indorph,90064622,1610
1669,jbeaulieu646,94850460,1609
1670,urk632,97196011,1609
1671,Tacochacko,94377445,1609
1672,barnev,31018316,1609
1673,jw1483,96706360,1609
1674,sepkor,91996028,1609
1675,HyppoDeLille,84799892,1609
1676,T3naka,97240643,1609
1677,morphith,95937837,1609
1678,heyitsmyturn,94538782,1609
1679,BIG MOUNTAIN,95849113,1609
1680,sand12390,96819350,1609
1681,Agonizon,94604354,1609
1682,naurarice,89630325,1609
1683,smuikq,94667304,1609
1684,Kitsune1983,34879605,1609
1685,GDYNB,95431885,1609
1686,KongBung,91515359,1609
1687,Fabricez1,96186042,1609
1688,whatafish,90671209,1609
1689,TheNights7,96407081,1609
1690,ryk311,97344116,1608
1691,lzylees,94719273,1608
1692,KeeperofLolis,97056265,1608
1693,hansfish,94957453,1608
1694,erlkönigin,95349776,1608
1695,DUKE_LUCKY,94675483,1608
1696,dul079,96434491,1608
1697,Dr Kira,95435106,1608
1698,Lacii91,89285386,1608
1699,486mao,94197720,1608
1700,Elixir15,84465671,1608
1701,nqu130,97411319,1608
1702,yamapa,92973499,1608
1703,Quinlan1,95676482,1608
1704,ddvv44,90556127,1607
1705,PersonaSY,93664150,1607
1706,FluffyBunnyT,94955933,1607
1707,IndigoNebula,91254483,1607
1708,dxv864,97443000,1607
1709,Cossmo,84448502,1607
1710,Deemer,83844019,1607
1711,_LANSELOT_,94710156,1607
1712,megro,83846585,1607
1713,akalcic,93681663,1607
1714,Watorword,85023948,1607
1715,utn063,97219326,1607
1716,zladner7,96360599,1607
1717,Shaola_cn,96132405,1606
1718,Jacky He,94313073,1606
1719,Tebal,88880642,1606
1720,yubaeng,93688099,1606
1721,type077,95598187,1606
1722,KIPI00,95863928,1606
1723,bigxvince,93616222,1606
1724,GeekGirlGrace,94565170,1606
1725,sulian,6300670,1606
1726,Tigerfood,85366248,1606
1727,kriptovadasz,91098713,1606
1728,Blc95,96028870,1605
1729,Rymopymo,95383088,1605
1730,Anser1049,95887214,1605
1731,Olvoir,91466499,1605
1732,harmonie__,94478502,1605
1733,bartvk1,94117069,1605
1734,Charles__Darwin,97136582,1605
1735,arknovaplayer2,96108332,1605
1736,perceptful,96080544,1604
1737,patio-d,94323208,1604
1738,Elladan56,96532786,1604
1739,puizeru,91412542,1604
1740,Wifrules,85059154,1604
1741,clemente96,95840152,1604
1742,CafeOle52,95765557,1604
1743,Frotaboom,84473962,1604
1744,cqapp,91097392,1604
1745,Dizzja,89938180,1604
1746,leeyoosub,94604076,1604
1747,eg92,84829589,1604
1748,sdmartinca,89973996,1603
1749,qwesazqwesaz,93126152,1603
1750,1792015341,97064035,1603
1751,Irra_tional,94890312,1603
1752,Growl09,95293184,1603
1753,Ironbuns,92756651,1603
1754,mengbidelaoshiren,94916054,1603
1755,ryou-chan,93320528,1603
1756,Bmf,85071299,1603
1757,NFall424,94359807,1603
1758,Window56,94675560,1603
1759,Duck Kami,95844461,1602
1760,fp149,84186406,1602
1761,jjcool2,95594315,1602
1762,karnokrat,95456491,1602
1763,yangyangxue123,96866359,1602
1764,MysticNeb,88741099,1602
1765,Nidd Pomme,91807261,1602
1766,Theion,95727329,1602
1767,mattmatt0623,96078060,1602
1768,Dubbbb,95081305,1602
1769,Araymek,95593249,1602
1770,guajicat,95020419,1602
1771,N8waIker,89488771,1602
1772,KingCenarius,95353355,1601
1773,Immopp,84530029,1601
1774,severus51950,95968603,1601
1775,Cajun Viking,95415980,1601
1776,z_751,96889612,1601
1777,Catabolyptique,92491101,1601
1778,Kaisilton23,94762106,1601
1779,soulist21,94436238,1601
1780,BernadetteBagel,93252513,1601
1781,solitude283,95276901,1601
1782,lengjie1234,95320919,1601
1783,yangmalou123,96626231,1600
1784,spentamainyu2228,97554416,1600
1785,Frido90,90869498,1600
1786,BuGaoxing9527,95701608,1600
1787,dpdp1242,94754086,1600
1788,Bunnykept,94992539,1600
1789,talkative,93373632,1600
1790,Meltapo,95793107,1600
1791,citytimes,95544494,1600
1792,TemurB,96423098,1600
1793,FlyingDeep,83942832,1600
1794,crazyfrenchy08,3891046,1600
1795,Kweety,89648838,1600
1796,nistoa,92549895,1600
1797,jing_ting_shan_hai,97273259,1600
1798,zhazhalong,95483919,1600
1799,CryMaster,95806481,1600
1800,ca611,97076127,1600
1801,BAmbooEW,95704267,1600
1802,YAMAZAKI BAKING,93934928,1600
1803,Brian Tiger,97009647,1599
1804,scooty11,95629348,1599
1805,meavnr1v2dq2,97416189,1599
1806,nekoringon,91260181,1599
1807,rms3963,95897074,1599
1808,Exignius,95834030,1599
1809,13anK,90672970,1599
1810,PotatoLord3,96940309,1598
1811,Robin_1997,95254787,1598
1812,Zero6125,92932465,1598
1813,Extracheez,93026876,1598
1814,xxsilent_strike,95789672,1598
1815,Quincy0v0,96329826,1598
1816,OfficerKrispy,86874128,1598
1817,GuusHJ,87897948,1598
1818,MangoBubblee,97040483,1598
1819,playsg2,94130175,1598
1820,shinster,87423509,1598
1821,dingdinggb123,95087912,1598
1822,zrainb,96219302,1598
1823,psobbfan,92669040,1597
1824,stefpenny,84889581,1597
1825,JohnnyPony,97415239,1597
1826,peterz10,93761586,1597
1827,DonkeyBanger,94281596,1597
1828,MuXing723,96161797,1597
1829,zeitgeist0,94882704,1597
1830,x3mka,90870625,1597
1831,Redemptionfu,95573369,1597
1832,ThePostmaster,95608605,1597
1833,nirwan,86011752,1597
1834,Nedeno,91815776,1597
1835,harrisonyao404,95701708,1597
1836,Galnar,85915778,1597
1837,Arknovaplayer,94618061,1597
1838,M_i_r_a,94765873,1596
1839,zxjiang,97262160,1596
1840,pddk1,93170253,1596
1841,Fiebster420,96324926,1596
1842,BasaranAC,85089891,1596
1843,AJT - TeteDeTotem,88844722,1596
1844,Dolcekit,95291118,1595
1845,box722,93473761,1595
1846,phil_stein,94365525,1595
1847,Br404,94207012,1595
1848,T Street,93256427,1595
1849,Warwickstar,85335051,1595
1850,zombie0518,88763599,1595
1851,JasonWZX,95629130,1595
1852,speedless liar,92324346,1595
1853,kazui31,91573665,1595
1854,pjtseng620,90866595,1595
1855,duroyprofundo,77687241,1595
1856,checkyu,95093226,1595
1857,xu1453,95643116,1595
1858,argally,85891459,1595
1859,VTUTUV,92358566,1595
1860,Gutgolf,94489661,1595
1861,FSHG,90026021,1594
1862,Pesen,93454650,1594
1863,ofb655,95621784,1594
1864,Corran-,95761365,1594
1865,ericlpress,93194072,1594
1866,Géodos,97335528,1594
1867,KebabLord,97564743,1594
1868,kebby g,84022164,1594
1869,fangzx,95077626,1594
1870,Kamaza,93005840,1594
1871,Woomw,94138950,1594
1872,7_AL_7,92279187,1594
1873,Splunkry,86845647,1594
1874,krunx,87524804,1593
1875,EE127,95812205,1593
1876,finwe1880,88557101,1593
1877,Mak34,84068800,1593
1878,nooks,87880290,1593
1879,ACKnowledge,95958603,1593
1880,Ralqa,95351299,1593
1881,Akall,84334797,1593
1882,Allen Evans,96552690,1593
1883,karitel,25210204,1593
1884,wereldwonder,85318375,1593
1885,Hmmya,84469731,1593
1886,WWFF,85064575,1593
1887,PulverBrause,95362388,1593
1888,qdv658,96996973,1593
1889,UziQAQ,94604710,1593
1890,ehp360,96360903,1592
1891,lyyyyyu,89977038,1592
1892,chuckerace,91227313,1592
1893,nice-lion736,97615424,1592
1894,tz535,88299802,1592
1895,Le spectre,31086688,1592
1896,magina54,94338969,1592
1897,Leon Jing,95678978,1592
1898,MoesesBM,94506581,1592
1899,lipu_ding,94407840,1592
1900,Bpei,93986505,1592
1901,gBerggeit,85577605,1592
1902,Linken4438,95899591,1592
1903,hhzzi9,96135475,1592
1904,Worsh,84420719,1592
1905,Eg__g,93342170,1592
1906,LauranceZ,96642136,1592
1907,realitybytes52,87191062,1591
1908,Raty8,85774283,1591
1909,francescoshi,95200528,1591
1910,RamuneGuy,88955129,1591
1911,DannyT,78208993,1591
1912,Schiestrakke,92858663,1591
1913,Mort21,89349822,1591
1914,Elephantastic,94982094,1591
1915,Seraphsan,92084087,1590
1916,HOONBO,94166134,1590
1917,Jovat,92373009,1590
1918,gugul,91650076,1590
1919,theophilos,94101427,1590
1920,Deekoh,84947633,1590
1921,Carrot-Luv,94441717,1590
1922,PhatGimli,96982647,1590
1923,Zharu,86574982,1590
1924,Pintuu,90098160,1590
1925,claudia1140,94809040,1590
1926,fett15,95879360,1590
1927,Teprok,85176326,1590
1928,halailai1,97361880,1590
1929,Homura1997,95311849,1590
1930,MB812,85902347,1590
1931,JDKC,96059196,1590
1932,Aliandro,96372888,1589
1933,mrfunbun,91812480,1589
1934,t3trinetet,86580688,1589
1935,adkotrla,96068015,1589
1936,Dream_CACAO,93472544,1589
1937,Viciow,96598822,1589
1938,Lord Chanter,85228695,1589
1939,phlying,94488927,1589
1940,edgeseeker,92112220,1589
1941,innovation813,96664691,1589
1942,ichwarsnicht,89602906,1589
1943,pplskrutt,94624946,1589
1944,Oxorine,86067150,1589
1945,wxdaxmh1314,75581608,1589
1946,ItIsRickyAgain,96943599,1588
1947,jsch7913,94275290,1588
1948,panda-tofu,95614015,1588
1949,ButterflyIntheOven,92461868,1588
1950,Barly20,94746016,1588
1951,sadan123,94072762,1588
1952,BluAnt0612,94718370,1588
1953,KousukeKun,86160271,1588
1954,Lord_divana,92113704,1588
1955,KiuIras,90270572,1588
1956,jalapeno04654,95548547,1588
1957,QuetzPro,6724997,1588
1958,JoshhhG,84185972,1588
1959,zixak,85591727,1588
1960,FortuneFox2002,95497358,1588
1961,Lyyyyyyyy_,94817154,1588
1962,alex van,94426097,1588
1963,Zemunee,96321151,1587
1964,Anuna8,94603579,1587
1965,YQ-utopia,96597406,1587
1966,Enrique28,95916480,1587
1967,Nntk,4767273,1587
1968,snyggis2003,86935093,1587
1969,HiBigWhiteDog,95608961,1587
1970,Diophantus91,95816062,1587
1971,CrazyCrazes,95251085,1587
1972,ARKnovaa,96054963,1587
1973,Luki79,93316444,1587
1974,jilebai,92316169,1587
1975,ethanisbest,95036393,1587
1976,Lolgozer2,95449984,1587
1977,jlee04,96598851,1586
1978,Lj0123456789,95842234,1586
1979,Dunkel30,94077968,1586
1980,assolan mulan,93235182,1586
1981,william80609296,96990532,1586
1982,HikariMM,93727168,1586
1983,Markus_12,90767965,1586
1984,Negroniii,85243694,1586
1985,euq115,96719552,1586
1986,Ch0co1ny,96052197,1586
1987,Kermit77,94580400,1586
1988,DrakeStorm,3795905,1586
1989,WilkoKluijtmans,96768572,1586
1990,henreeses,96425116,1586
1991,Shakespeare1564,88342996,1586
1992,Sollex,84456911,1586
1993,Talisker42,95990517,1586
1994,_Quadrifoglio_,97161791,1586
1995,STMQAQ,96740801,1586
1996,zta090,95501200,1585
1997,Ironvictory,95484006,1585
1998,D20Headshot,93940015,1585
1999,grossq,92916452,1585
2000,lujian520000,94308336,1585
2001,xingkongchaoren,94977477,1585
2002,R2D2Skip,94417376,1585
2003,shongz,88384924,1585
2004,kingofloons,85230147,1585
2005,silence1988,94762759,1585
2006,mattshaw98,95262892,1585
2007,xysggame,96435430,1585
2008,95467962,95467962,1585
2009,Hiérakonpolis,93685650,1585
2010,MoooNtato,85707366,1585
2011,Guillaume276,94383922,1585
2012,T4NGz,93993331,1585
2013,Le Tib,96332204,1585
2014,tfphl,96002774,1585
2015,socoldwood,94838994,1585
2016,Cocoglory,90760851,1585
2017,problematiq,92545197,1584
2018,Exiome,86819525,1584
2019,Ztude,92820945,1584
2020,Ruyiju3002,95418608,1584
2021,HighprinceofWar,7236662,1584
2022,sqR1210,95355900,1584
2023,arknovaenjoyer,95348798,1584
2024,Thomas_L58,88821307,1584
2025,EvoIuti0n,96146124,1584
2026,choifah,94102744,1584
2027,jjeeeeeeett,95848775,1583
2028,Almire,84644424,1583
2029,edpark,95151792,1583
2030,es2k,96341802,1583
2031,tattes2k3,95910963,1583
2032,lianego,92157053,1583
2033,BenjaminXie,95105237,1583
2034,BootyMFG,88621438,1583
2035,kraquos,92847736,1583
2036,Rummikub Word,84196673,1583
2037,zmf-6,94752501,1583
2038,jfr33zy,97314856,1582
2039,ASDFasdf,92076098,1582
2040,victor38085,47307787,1582
2041,Hoosk,96645386,1582
2042,Devier,7076316,1582
2043,theblender101,94833250,1582
2044,Avenger1395,92867059,1582
2045,Pinpinoou,94909138,1582
2046,necr0m4ncer,94280952,1582
2047,Axine,95114577,1582
2048,mulan170326,97376370,1581
2049,realSizo,93843426,1581
2050,kongbaizi,95787042,1581
2051,sdsdsdssdafds,94585226,1581
2052,beikeqinshou,84486675,1581
2053,peeverson24,94533337,1581
2054,Zeeebass,93029304,1581
2055,weavers33,94926380,1581
2056,mattb22,94492882,1581
2057,bananasmoovie,97284244,1581
2058,Prototyp,88393615,1581
2059,MasterMystery,66074417,1581
2060,IwillDraw,96984317,1581
2061,Yannick1084,95896432,1580
2062,Djuhan,95798015,1580
2063,Valea1,85978484,1580
2064,jpharrison13,94717909,1580
2065,Mad Dog,24816922,1580
2066,generaf,87151050,1580
2067,UFOCM,92329644,1580
2068,JohnnyBlazePL,91686520,1580
2069,Rhum2,12563885,1580
2070,Goldenmania,84346385,1580
2071,SickMaster,94340123,1580
2072,TEMullen,84659657,1580
2073,yucky-nante,90047894,1580
2074,Convanek,96522974,1580
2075,foshowness,93585217,1580
2076,rEpeius,90156863,1580
2077,CJO_D,96935222,1579
2078,Benny_Balboa,84298460,1579
2079,Kchalot,85627083,1579
2080,SPZDestro,95147854,1579
2081,woisdk,95599849,1579
2082,magical seahorse,97531587,1579
2083,P_FTER,96154087,1579
2084,Le Denise,95286731,1579
2085,fantyz,92922795,1579
2086,Joseph1198,85197151,1579
2087,jjomedosa,97061601,1578
2088,tsondger,85635584,1578
2089,Star_Mao,84425242,1578
2090,greymullet,96877561,1578
2091,knetschgummi_,94907628,1578
2092,YjwZ,93124273,1578
2093,uig534,96843646,1578
2094,QualityMojo,83912482,1578
2095,ybj0309,91903691,1577
2096,hotaru78,92790884,1577
2097,T_Rex,41714449,1577
2098,JNaiQ,96482623,1577
2099,tqy2101,95377504,1577
2100,MichiW89,95432695,1577
2101,-WonderWoman-,90369620,1577
2102,unruffled-rabbit,97280863,1577
2103,Tuzki,34487401,1577
2104,CatweazleBG,94422376,1577
2105,NgDrago,92156157,1577
2106,Deathwindbom777,95548531,1577
2107,shooooooooooot,95094577,1577
2108,Metalspirit,94365606,1577
2109,fish386,97306702,1577
2110,lanoue01,94115147,1577
2111,squaretree,88578988,1576
2112,jp65456,97337645,1576
2113,Wp92,95071923,1576
2114,Leglessness,94549761,1576
2115,YY114514,92326858,1576
2116,Claude826,93699352,1575
2117,m0n3,93901102,1575
2118,talangloes,94379245,1575
2119,star0824,94235898,1575
2120,Omen of Peace,86316917,1575
2121,yuanhe419fu,97582251,1575
2122,yaboyjayce,96970663,1575
2123,Matthiasausc,93796619,1575
2124,gozik,89723120,1575
2125,postmans,84315928,1575
2126,xushijiepupu,91961920,1574
2127,devgup,87939185,1574
2128,zuke9,92395929,1574
2129,ZeirWolf,88971577,1574
2130,Ramonsterchen,87623428,1574
2131,Fosferein,97150090,1574
2132,konky14,95327812,1574
2133,kifungll,93461878,1574
2134,salemome,41160,1574
2135,Middag,93233762,1574
2136,Stormpp,96024723,1574
2137,pnc055,97461327,1573
2138,beckerc,2278646,1573
2139,stander,84599958,1573
2140,sinchan0706,95118953,1573
2141,muneya909,94988891,1573
2142,DxKxY,96230007,1573
2143,lonesoull,89826883,1572
2144,TimMK_,95446503,1572
2145,slyrei,94410656,1572
2146,aNuBiS_4,96040118,1572
2147,sungogo,95252816,1572
2148,JanHuml,95378336,1572
2149,SharkNova85,93228324,1572
2150,LuckFxx,95472897,1572
2151,wentaowulue,94890848,1572
2152,chlrkdqpffl,93167864,1572
2153,ando-deluxe,86668381,1572
2154,SMAV,95301938,1572
2155,Flashwolves,93982400,1572
2156,TanmieZel,95391693,1572
2157,Phottor,96165067,1572
2158,amtj,85216925,1572
2159,BearsAndEagles,96072128,1571
2160,SamWham,94434392,1571
2161,Suleiman I,86075385,1571
2162,zeroser,95586608,1571
2163,yllatys,23036752,1571
2164,pahs-cat,94380029,1571
2165,vaLfizzL,90954110,1571
2166,déglinos,86711573,1571
2167,akashi799,95669233,1570
2168,yunong01,95995824,1570
2169,bigking,23977353,1570
2170,gonzoalfonzo,94800353,1570
2171,Bennea,84642847,1570
2172,RAKHIM,84374657,1570
2173,KeepCalmAndWazo,91235933,1570
2174,FMFMR,90973854,1570
2175,Zulda,84387079,1570
2176,Pumpds,84791061,1570
2177,ToToRo1101,96092672,1570
2178,ThothTheRaven,91334215,1570
2179,dayfla,90753401,1569
2180,Viscum coloratum,94536272,1569
2181,KOTOBUKI_TSUMUGI,95191324,1569
2182,AliciaPees,94050239,1569
2183,gghub,83846305,1569
2184,ETR,94775621,1569
2185,combocosmo,93614841,1569
2186,Paulx1x1,90658502,1569
2187,xianxinghai,92949419,1568
2188,bxx321,94875410,1568
2189,Baptiste Mft,86345550,1568
2190,Digidong,94343112,1568
2191,JayDiem,85148151,1568
2192,HighwayStar,54744607,1568
2193,TeacherMa,94486283,1568
2194,wolfgang,83869027,1568
2195,hohighb2024,96987567,1568
2196,Treasure chenxi,95689188,1567
2197,949408500,97178023,1567
2198,wahaha913sky,94893379,1567
2199,omk393,96278094,1567
2200,spango,84814440,1567
2201,kroni,85763157,1567
2202,Avorax,95433760,1567
2203,PierreL,84451010,1567
2204,zxxxxxxxxxxxxxx,93078820,1567
2205,Simon_0ne,92542635,1566
2206,drzzzzz,96398936,1566
2207,xfzqscdry,96735532,1566
2208,jakhollmann,86138009,1566
2209,Don Worry B Happy,95507248,1566
2210,ppkillua,94331439,1566
2211,edobram,88181296,1566
2212,aurepaul,86823643,1566
2213,avclampitt13,97101016,1566
2214,zomgfirestarter,95025880,1565
2215,Xidos,95982610,1565
2216,Vigfus,84018978,1565
2217,Zherak,84875336,1565
2218,Dress80,95118064,1565
2219,zockertommi,85820885,1565
2220,FightThePowah,88351909,1565
2221,tflet,92157222,1565
2222,Red-one,88078824,1565
2223,Tokuma081,95159434,1565
2224,1alicez1,96178631,1565
2225,dumhi,95168978,1565
2226,Oldeletric,91893278,1564
2227,holyhunter1,97484136,1564
2228,mukonion,94256018,1564
2229,Seiso,84620585,1564
2230,Epeius,90231693,1563
2231,johnbyui,95552136,1563
2232,tspintetris,88259733,1563
2233,Felor-,96977957,1563
2234,zuttoden,85578526,1563
2235,Halucin8,94404292,1563
2236,iri897,97258339,1563
2237,l_watermelon,85108772,1563
2238,Nobita-Nobi,94739390,1563
2239,Gabriel_Alister,3999186,1563
2240,yuanhe418fu,97544775,1563
2241,losingreallybadly,91881120,1563
2242,dididupe,95091937,1563
2243,NeverSaidAWord,94122943,1562
2244,whxin,96549955,1562
2245,santino83,83892984,1562
2246,xxmOjo,95064883,1562
2247,Oxazepam,89414228,1562
2248,Zavanz,9772341,1562
2249,rcy689,97461210,1562
2250,Ziyuanyuan,96303358,1562
2251,SlugMiao,97359229,1562
2252,Monster M,94288804,1562
2253,AeonsTorn,95592860,1562
2254,wanttoplay1,97159417,1562
2255,kot33,97276773,1561
2256,Nabalt1,91986124,1561
2257,Flaem,84674840,1561
2258,Viceroy,9491185,1561
2259,ClearLove777123,95975266,1561
2260,ComboBell,95154806,1561
2261,Rem Koolhaus,86739800,1561
2262,Seizeman,87929963,1561
2263,marmatig,90687790,1561
2264,TIANMIAO,95094430,1561
2265,xialuokemiao,96783375,1561
2266,petereg,91900088,1560
2267,Minaulta,95085986,1560
2268,moulou1,92476963,1560
2269,Latroiv,94701258,1560
2270,wqzjf,94618191,1560
2271,HubrisRakarth,85637820,1560
2272,axel1602,94322952,1560
2273,Brangus,1456582,1560
2274,ehzl,91173009,1560
2275,Gunner116,90180026,1560
2276,Rumbleman,84400706,1560
2277,kers199010,95342151,1559
2278,kkatusch,96522059,1559
2279,shutzy,92223791,1559
2280,micng066,94659393,1559
2281,zz2telet,96294094,1559
2282,Fizbobo,90642482,1559
2283,Membochka,94073594,1559
2284,Aamupala,87583082,1559
2285,RushNova,96137175,1559
2286,Kain123,95573808,1559
2287,scarypumpkin,97029153,1559
2288,FalconPunch511,95069740,1559
2289,gmoneyt1me,94323200,1558
2290,Re Federico,95184762,1558
2291,DmitriiElf,96283010,1558
2292,carcassian,95756634,1558
2293,Jevi07,94800632,1558
2294,xsxd001,91407453,1558
2295,Shartzy,94555960,1558
2296,andyyaya,94666882,1558
2297,Jason Wang xu,92902236,1558
2298,Sangson,92796329,1558
2299,NFS0818,94493720,1557
2300,Aladinskii,93700314,1557
2301,Odbasso,91723547,1557
2302,Kierstey,83977736,1557
2303,Tarish,96590513,1557
2304,Rokafuchs,84307670,1557
2305,stickykeys,94942591,1557
2306,BernardoMcLeod,87532838,1557
2307,firstgrader,1532542,1557
2308,IzaSledja,94264560,1556
2309,strawhatluffy,95213569,1556
2310,Yuanzhuzhe,95904966,1556
2311,SpendTime,96426656,1556
2312,MarkoKerkez,95117725,1556
2313,hjydqcw258,95828156,1556
2314,Corwin007,84493122,1556
2315,vek661,96607636,1556
2316,Jedixc,85406411,1556
2317,Hanson0603,96123796,1556
2318,cavalent2,96085488,1555
2319,ROSEALLENzwt,94453618,1555
2320,zcbbill,93383207,1555
2321,vinck1337,96072843,1555
2322,X Turock X,92511378,1555
2323,Blahahaha6,94599988,1555
2324,Jalum,87821396,1555
2325,lancer233,85200311,1555
2326,showwow,92060039,1555
2327,ChioneWinterfury,90593489,1555
2328,zooTroop,94651522,1555
2329,Pauxdepex,87595761,1555
2330,LaurenzE,88760452,1554
2331,Quattro,84568159,1554
2332,Gauchograndy,86666242,1554
2333,meld-otto,95862744,1554
2334,a136399658,97208540,1554
2335,Andy the Nerdherder,87461689,1554
2336,vermella,96264317,1554
2337,The Gamesman,93044454,1554
2338,Carlo_VS,84012586,1554
2339,bibifricotin28,93208357,1554
2340,Armand,83997233,1554
2341,Poruchik,83888026,1554
2342,jwsip,89334998,1554
2343,tvxqzyjgj,94263707,1553
2344,HassounaL,96533636,1553
2345,Ricardo12138,95545823,1553
2346,tripledentgum,95247729,1553
2347,HHua123,96529916,1553
2348,festive-fish176,97040478,1553
2349,OliBoardGamer,89365992,1552
2350,18930765727,97411789,1552
2351,Dezaulniers,95462684,1552
2352,2366439349,97292136,1552
2353,CastleLing,95669812,1552
2354,nazsan,84653876,1552
2355,DeusMartins,93717366,1552
2356,nybb,84779259,1552
2357,Vinho25,88437158,1552
2358,Cassis0,85033382,1552
2359,Urb_Allycat,93062001,1552
2360,bengau,84218027,1552
2361,kspttw,90878893,1552
2362,EconFan,92252298,1552
2363,erikvoigt,86636563,1552
2364,Jack0815xxx,94796647,1551
2365,smoggy4,90907866,1551
2366,jbbrick55,93298788,1551
2367,hru150,95879720,1551
2368,fthuning1,89079774,1551
2369,Mallhew,84749395,1551
2370,torinowang,97063317,1551
2371,Simke123,96052775,1551
2372,borobhoy,84391933,1551
2373,ZennyCy,84356128,1551
2374,Pinholt,94466248,1551
2375,guilimacarv,88356628,1551
2376,jun73669,85459301,1551
2377,legozu,92398683,1550
2378,Savall,96463769,1550
2379,kirblcrusher,95826981,1550
2380,Sidamos131,85330580,1550
2381,RicHunter,95051175,1550
2382,blurrr1998,94980259,1550
2383,ChichiMVP,85801179,1550
2384,doctorparis,39363699,1550
2385,lyzzgx,95714089,1550
2386,hys1213,97117212,1549
2387,JustinThyme1,85598023,1549
2388,WUK7,92766196,1549
2389,kello1729,96593243,1549
2390,heehan,89682368,1549
2391,yellowkit,90647113,1549
2392,Terminator Thomsen,95773389,1549
2393,gfty60000,96796051,1549
2394,superCMR,96612132,1548
2395,epic-alpaca962,97319686,1548
2396,myyangshux,84514540,1548
2397,Nomoral,93126668,1548
2398,wangqiu,96632590,1548
2399,kampfrabe,84700901,1548
2400,HanzyEZ,97241388,1548
2401,jergal98,91379040,1548
2402,Enoch0118,85218491,1548
2403,HououinOrange,94354619,1548
2404,vorph,88171967,1548
2405,JINGYUAN123,96736523,1548
2406,Mouscat,91937222,1548
2407,Grand_Blue_Lore,96732187,1547
2408,djudjudeb,85032496,1547
2409,RyanZBY,91739918,1547
2410,wangxiaowei,96401875,1547
2411,CanBeSarcastic,93867306,1547
2412,xuhao2080,95637307,1547
2413,Daverch,96020239,1547
2414,papounet74,85394001,1546
2415,QQ OYZK,91153079,1546
2416,qinian0111,96355754,1546
2417,LS85,17524426,1546
2418,Talent77,90302716,1546
2419,muna6741,87284343,1546
2420,Suziyu,92437231,1546
2421,visceral7086,97262028,1546
2422,215715003,96287361,1545
2423,lollipopin,95452453,1545
2424,VLgx99,94582349,1545
2425,DaveBrack,85890618,1545
2426,Oyama Kaguya,97313476,1545
2427,dede17111,94571679,1545
2428,Astro101904,85041011,1545
2429,DBerglund,89874381,1544
2430,ccb654,97437004,1544
2431,dtien,88035313,1544
2432,rikkiranger,91955175,1544
2433,rkr375,97455755,1544
2434,Xenath09,95094659,1544
2435,Elias Rosted,89715923,1544
2436,Sandro558,89841031,1544
2437,hansdampf,94808305,1544
2438,Masschy,30189720,1543
2439,talentdeficit,94626374,1543
2440,Tamedknee,87871231,1543
2441,GaryChen08,96390002,1543
2442,Exikm,95629622,1543
2443,Izyi,94822882,1543
2444,vogelmari,93944868,1543
2445,DanielEngel82,96307285,1542
2446,ISwearYouImNotSab,85021183,1542
2447,ghostdd,87939568,1542
2448,yw_jobby,88942101,1542
2449,Shelly13,85258151,1542
2450,CirezPrydz,94901630,1542
2451,monorum,96198142,1542
2452,mocha0505,84907922,1542
2453,TitanUl,94424747,1542
2454,The Starling Show,84804338,1542
2455,Timmaddams,85538687,1542
2456,rakass,95298696,1542
2457,Chairman_Marv,87840567,1542
2458,dannyding,93488829,1542
2459,joutava,85494881,1542
2460,pooniniabee,95205100,1542
2461,drkeiy1,95798511,1541
2462,lukulus74,96904102,1541
2463,Julien Tian,95611097,1541
2464,Fiend138,1514990,1541
2465,rj645,93540622,1541
2466,Enoviox,84631857,1541
2467,smz1999,95970291,1541
2468,belowzord,94542174,1541
2469,djdumbledore,95369484,1541
2470,moromi115,87165810,1541
2471,emzerg,95391854,1540
2472,on_maway,85368013,1540
2473,BeItrath,94120040,1540
2474,haodashen110,94338457,1540
2475,makatoula,84066383,1540
2476,RvE85,91799186,1540
2477,Ilmaris,91071199,1539
2478,flowing poison,93229253,1539
2479,jeckapecka,95187576,1539
2480,Moo81,90584211,1539
2481,RolandoRonaldo,92102199,1539
2482,gargantu,84891407,1539
2483,OKTarg,93266133,1538
2484,cuberner,86668551,1538
2485,TheAmericaExpert,97217382,1538
2486,GehLordT,96448129,1538
2487,TcR026,96925840,1538
2488,Taratafus,85443243,1538
2489,Gua-Gua,97181892,1538
2490,Coolfanjack,95035064,1538
2491,TETSU88,92184852,1538
2492,icering,85240987,1538
2493,aruto12,95909215,1538
2494,mkm51,96258990,1538
2495,fxxys,87707299,1537
2496,and1bro,96469758,1537
2497,hazerrs,97546886,1537
2498,Gummi1013,88667959,1537
2499,SGo23,87309025,1537
2500,Boyofthefuture,86578081,1537
2501,gikgik123,95803129,1537
2502,Gmaestro43,90363410,1537
2503,Mauseren,88542248,1537
2504,wnqnld,96257098,1537
2505,MaxAlive,84465095,1537
2506,OutofExileIntoExodus,97022500,1537
2507,HONGPAPA,97526002,1536
2508,inadF,97236993,1536
2509,yangyishen21,97170473,1536
2510,a535641350,94359746,1536
2511,azcats2002,43599321,1536
2512,Marssssssssss,94049866,1536
2513,yokoco1027,94510130,1536
2514,KeikoTheDog,95475314,1536
2515,Dominionator92,86814225,1536
2516,brendanm,12322052,1536
2517,jacedu,85459109,1536
2518,Coby M,86780433,1536
2519,rcollegari,85872988,1536
2520,MNHoss,96603117,1536
2521,VicVic1995,95673859,1536
2522,lanshuilonglong,96024575,1536
2523,JI1991,95370279,1535
2524,_HAPPY_,97349696,1535
2525,Schlinker,84287079,1535
2526,Goodduck,94153211,1535
2527,neverWalker,93805020,1535
2528,MartinAdler,93294875,1535
2529,ElJefe81,95447587,1535
2530,kajaja,94236286,1535
2531,r44v,84550284,1535
2532,nonoseed,93916466,1535
2533,Swifty2400,86570395,1535
2534,1622,96520486,1535
2535,rob10123,94320518,1534
2536,yeeera,85052995,1534
2537,bluefreez13,95582748,1534
2538,bastieH,96527370,1534
2539,ThomasOmata,90369024,1534
2540,MlNG,86727668,1534
2541,tim0kep,88294431,1534
2542,Pursuit of Truth,95626222,1534
2543,exmachina3,92090080,1534
2544,Darkpappy,94839493,1534
2545,Wylaryzel,84287320,1534
2546,abelhinha91,94531052,1534
2547,DTD Matt,91342330,1533
2548,Dreyfuss12,89098500,1533
2549,frangge86,90736630,1533
2550,45668fghunnnhik,96975512,1533
2551,dinestroiba,95825625,1533
2552,yuyu654,95446810,1533
2553,heiqiqi0822,94468175,1532
2554,girlyrobot,95061572,1532
2555,Djackalle,94359994,1532
2556,PaulineAgne8,85562736,1532
2557,kamiyahrc656,97383656,1532
2558,Flurken,92128016,1532
2559,laynewebb,88376997,1532
2560,QKN,93387016,1532
2561,Mondaycold,93198466,1531
2562,Palitoz,88749409,1531
2563,Mrjojae,85144397,1531
2564,wzyjerry,94385046,1531
2565,your025,36603468,1531
2566,pandkten57,94457852,1531
2567,thewrewkcs,93190494,1530
2568,ali20070823,96961751,1530
2569,Wonderful Child,96048290,1530
2570,Makondele08,88796078,1530
2571,saldiasmiguel8,97044303,1530
2572,Lester Burnham,92969515,1530
2573,Niggovic,94351070,1530
2574,Specialist0815,94652702,1530
2575,Nedyaz98,97164540,1530
2576,AntonHängebauch,95766683,1530
2577,vanpe,93970316,1530
2578,Bevanslaw,85700291,1530
2579,cysrabbit,90032150,1530
2580,gmoneydr,95551438,1530
2581,PieDemon,85299121,1530
2582,yang19991222,95942103,1529
2583,makasi1978,92354310,1529
2584,kenybai,93847831,1529
2585,Sheepinc,96828938,1529
2586,debrupa,88535709,1529
2587,kalkaoual,1591303,1529
2588,lys94,95002145,1529
2589,LLLL4wudu,94950317,1529
2590,AvacadoxXX,97518728,1529
2591,BarnyCFC,87461467,1529
2592,hozzi,95081552,1529
2593,yzzf929523,95767907,1529
2594,The Daviator,86356824,1529
2595,Dzonii,93403900,1528
2596,CEDARYAO,95681578,1528
2597,XiaoHaii,94445018,1528
2598,Nansouu,90849435,1528
2599,baycpt,94595194,1528
2600,Ayrow33,96608094,1528
2601,a kitten,89647985,1528
2602,kacangpanjang,88252041,1527
2603,Jaggmort,93083226,1527
2604,GeertNL,88519740,1527
2605,Board Game Guy 112,94683239,1527
2606,RolandWithers,94929578,1527
2607,Henke79,88830068,1526
2608,wjzjason,97205076,1526
2609,Hafu25,97481980,1526
2610,luobo_Radish,96438974,1526
2611,Night-dyeing,96599535,1526
2612,Dadyny,94183948,1526
2613,Kakwan,84015586,1526
2614,cheeky35,84578471,1525
2615,vadmaths,85611158,1525
2616,fasion magazine,97187469,1525
2617,soratajxt,96120416,1525
2618,romance900,94254384,1525
2619,gohongohon,2005114,1525
2620,killerbaer,84809601,1525
2621,Kikof289,96835607,1525
2622,tsaiclone,87218943,1525
2623,JonnyBlazin5,86699215,1524
2624,doraemon tabletop,84058435,1524
2625,CptJackman,86732603,1524
2626,roosifur14,96987518,1524
2627,Buliano,94610946,1524
2628,E--Gate,96777565,1524
2629,Ginny Jin,95541045,1524
2630,wuersan,92780765,1524
2631,thisisadad,83862882,1524
2632,PEsh021,92073519,1524
2633,Nylez85,96071274,1523
2634,C_GAN,96878605,1523
2635,dinokat,89095716,1523
2636,kaiorani,95726269,1523
2637,Thélo35,92232210,1523
2638,Rekulati,95108895,1523
2639,Jis00sim,97288898,1523
2640,idum,2430867,1523
2641,drouille,85513498,1522
2642,CrvenaFronta,94640210,1522
2643,jinmen_shaimo,90992591,1522
2644,richgoldpizza,94767284,1522
2645,FuerZuljin,94803118,1522
2646,BanditMax,96376473,1522
2647,isamuide,85206528,1522
2648,BBGL,93879133,1522
2649,duizhang123,92396082,1522
2650,Jonesinger,96522704,1522
2651,huangc9999,96013626,1522
2652,ltv363,95621678,1522
2653,TrinitSSN,92683604,1522
2654,hooooli,85409218,1522
2655,khs031456,97385026,1522
2656,jackykb1017,89121471,1522
2657,ben19880220,93762449,1522
2658,everythingbagel73,96624970,1521
2659,xxdahlia,84058202,1521
2660,RBVS,87560236,1521
2661,Huppie_,96305321,1521
2662,Detiger27,97007269,1521
2663,jimmy_naoki,94752615,1521
2664,El9noz,95519190,1521
2665,Christian Hohmann,94357097,1521
2666,Tichoupo-Moting,92430085,1521
2667,tomati_,93337178,1521
2668,SirMulich,85333532,1521
2669,faust3672,89014406,1520
2670,RU4Tom,91217129,1520
2671,Kapteeni5,88484472,1519
2672,matcha7777777,96656966,1519
2673,RoublardChenapan,85591979,1519
2674,yugioh321,95114258,1519
2675,LoidLiu,96525478,1519
2676,LCerr,95887137,1519
2677,RumHam Jabroni,89236624,1519
2678,bitou33,92496593,1518
2679,Ikaris0324,91646960,1518
2680,pajdo19,95990713,1518
2681,Slevix,84636650,1518
2682,Mamba23,85554306,1518
2683,LudiFred44,85649701,1518
2684,pmsagr,85513178,1518
2685,Easonsixsixsix,92738692,1517
2686,mosesclearswater,97029050,1517
2687,Caviar Rain,97286352,1517
2688,EggRaymond,95272182,1517
2689,Bucknut,84293537,1517
2690,vldkm,96162472,1517
2691,astrotrudy,94369205,1517
2692,CHKIM1,85605679,1517
2693,shenyuan772,96885139,1516
2694,omercans,92505122,1516
2695,nene126,91647091,1516
2696,Sleipsnilen,94866358,1516
2697,MRc2024,94194968,1516
2698,Inconnus,86993191,1516
2699,Asosta,95104938,1516
2700,SerenaYHung,91646546,1516
2701,Richard2039,96125628,1516
2702,CoroNino,85514475,1516
2703,robinlone,95471249,1516
2704,wiwevl777,96750633,1516
2705,angel125,86288648,1516
2706,Chandai15,93066644,1516
2707,Pealk,95497854,1515
2708,dericwang,90950820,1515
2709,daomo,94583956,1515
2710,Kaffeefilter,94648397,1514
2711,Tandrei,84611303,1514
2712,Raitei87,96748837,1514
2713,dwold43,96771197,1514
2714,su594628025,97521360,1514
2715,DocW1,94643091,1514
2716,agricola50,89035129,1514
2717,miaojiBOMB,96778258,1514
2718,Hixsept,94285897,1514
2719,zz3291413,95295611,1514
2720,dbcooper9876,87189106,1514
2721,MarioFacci,94510632,1514
2722,dembaba_90,96126247,1514
2723,ginpico,93047916,1514
2724,shansz,96902568,1513
2725,qqxs,94280471,1513
2726,Yal1shanda,97142381,1513
2727,DLK89,91956152,1513
2728,Quadparty,85899990,1513
2729,Leafly,84349711,1513
2730,emute,84207486,1513
2731,Lauris7,94681950,1512
2732,Ideology,86917992,1512
2733,thetiger08,94266888,1512
2734,lioner80,94294965,1512
2735,museumgrapejolly,97282321,1512
2736,poikai2,84837633,1512
2737,CHENJIANHAO6,96505475,1512
2738,Drazzor,84016469,1511
2739,Kratos011,96130270,1511
2740,morsocute,96882448,1511
2741,roichenko,83994266,1511
2742,toyong,89786033,1511
2743,maig123,84514438,1511
2744,2-More,96419541,1510
2745,xiangyanghua,95747208,1510
2746,JasiekPrawdziwy,84391133,1510
2747,PaulStupka,92100380,1510
2748,tetsu2,94483630,1510
2749,Shelter9527,91224035,1510
2750,Son_bear,94703732,1510
2751,TAndronicus4,94211572,1510
2752,Killvil27,94414109,1509
2753,Barbodas,96507724,1509
2754,Rick Muus,85760343,1509
2755,dem28,91816289,1509
2756,hydralisk_896,95119136,1509
2757,ivan Argueta,88069483,1509
2758,brendabai,94709259,1509
2759,jack21407,14953804,1509
2760,Alice_573,95145396,1509
2761,bubblebeeonthescene,94809599,1509
2762,Zach_boar,97182345,1508
2763,quillll,96579607,1508
2764,presared33,97482060,1508
2765,kakaoshkin,92098712,1508
2766,Maricha95,94313182,1508
2767,Angrond,86535552,1508
2768,yytfl21,94065756,1508
2769,TheRizzzler,94301101,1508
2770,Quinlanvos,96934142,1508
2771,BBuRingCheesebal,91180395,1508
2772,Roones,97321434,1508
2773,randomness0,93505921,1507
2774,NOTHING19999,94739149,1506
2775,Papachongo24,96977685,1506
2776,maxczz11,96334890,1506
2777,BigGreenMelon,94472463,1506
2778,koinegauhito,95748083,1506
2779,cocoblu,57735797,1506
2780,Blacksunempireau,85415488,1506
2781,WXsama,94628041,1506
2782,SeppoKepponen,95104087,1506
2783,PrestageHolmes,94489766,1505
2784,zhoulikefish,96610896,1505
2785,sjy_zhuce,97435154,1505
2786,inte,84278765,1505
2787,DadoMaestro,94742804,1505
2788,EmmanuelKant,88783125,1505
2789,S_cat,85040596,1505
2790,teodorinho,95077021,1505
2791,AX111,96712483,1504
2792,Bagig38,96660604,1504
2793,TheFlyingBoat,90286916,1504
2794,King of CHN,97166008,1504
2795,Larisa-03,95492671,1504
2796,loonstar2015,94946234,1504
2797,justamjd,95826739,1504
2798,zhiyingli,96640166,1504
2799,Shibarino,95334240,1504
2800,nsmvc5,95626229,1504
2801,Kiana0409,94032547,1504
2802,maurice386,97343142,1503
2803,Bernardo Bazone,85612174,1503
2804,shizhishuangmou,95418772,1503
2805,kittywink,93718088,1503
2806,Kenji_red,94640686,1503
2807,bebebic,88218409,1503
2808,borja68,88915223,1503
2809,YagoGuima,88704628,1503
2810,FirelizardIV,92400025,1503
2811,david he,84668175,1503
2812,shay3527,95217332,1503
2813,Dantedoo,94507351,1503
2814,ioesa,95041562,1503
2815,9e2qnremddsk,97482671,1503
2816,TenorioChung,94437946,1503
2817,lichall,96676548,1502
2818,Zoo Manchu,95455618,1502
2819,Vivian8210,84799166,1502
2820,chumy626,84989209,1502
2821,newbietop,92437801,1502
2822,syf030,97397546,1502
2823,jzinova,85004875,1502
2824,ZooKeeper,97058957,1502
2825,b_vd_b,86567759,1501
2826,Merchinator,91861982,1501
2827,CocaJuniors,96492230,1501
2828,Mukinb,95679465,1501
2829,Krokosaari,96182811,1501
2830,clemcoy,87740302,1501
2831,Quinmu,96392502,1501
2832,Cakicizade,94218727,1500
2833,Jayray,86613266,1500
2834,meng813,96260153,1500
2835,MarsMonger,91734600,1500
2836,chagaman,83838150,1500
2837,wolverinehokie,91534697,1500
2838,analyzechris,85391185,1500
2839,ysj1209,84935628,1500
2840,zzgundom,93148192,1500
2841,nanaya77,91489089,1499
2842,NotDrJones,91513295,1499
2843,yucai,95297684,1499
2844,McFalkon,95486292,1499
2845,Traconis,89523908,1499
2846,ironted,85406044,1498
2847,Carbon14,88839776,1498
2848,Valh3ru,97328655,1498
2849,synL0812,94995089,1498
2850,shur79shur79,94349909,1498
2851,DJBuro,85237751,1498
2852,Golven,87614886,1498
2853,oskarsen,83936723,1498
2854,Weakyman,96450268,1497
2855,zyx1005,91120675,1497
2856,penguin227,90543085,1497
2857,Kulvinst,83824468,1497
2858,Dawn_CTT,97283992,1497
2859,Gedutis,85180490,1497
2860,Vincentzc,95581893,1497
2861,TC-tang,96190831,1497
2862,Galiquany,84203186,1497
2863,rautisbebetsu,95826693,1497
2864,Muntanian,70428308,1497
2865,liuxiaowu,97342756,1497
2866,mdf497,97178170,1497
2867,HowSa,94488108,1497
2868,hejijej715,97165035,1497
2869,ultrandomuppet,93195373,1496
2870,Valdebum,95422739,1496
2871,tank0201,83905681,1496
2872,Yutena,95270640,1496
2873,LiuDaDaDa,95554855,1496
2874,headsoap,91617018,1496
2875,jeremyla,94656565,1495
2876,Humlajz,94734284,1495
2877,AsterBlues,97342418,1495
2878,butchii,97090257,1495
2879,_Freestyle_,93436169,1495
2880,DH76,88929861,1495
2881,NP18Fubagott,94829969,1495
2882,storik,86981194,1495
2883,bebgui,91511523,1495
2884,KoronaSlimeFactory,92195331,1495
2885,MarkusBu1985,97459832,1495
2886,tengtengtengabc,95928188,1495
2887,shmilytyz,96417368,1494
2888,shrodinger,85763315,1494
2889,winter Dates,96480422,1494
2890,padrefinancia,91940735,1494
2891,ddrew5441,93804323,1494
2892,RIMBarisax,84658544,1494
2893,qlz326,97335858,1494
2894,mccoy1,87712975,1494
2895,0oZKingo0,94478355,1493
2896,fronzonight90,96562969,1493
2897,Pips_In_Profit,97066179,1493
2898,Stuncle,96336582,1493
2899,Landdropper,85073968,1493
2900,EdsonDu,95833972,1492
2901,InFistLee,88691014,1492
2902,yoddelinyogurt,95270502,1492
2903,DavidBadalona,63441048,1492
2904,tyco7,94975493,1492
2905,Lauta,92904261,1492
2906,MQDsuonaC,96159061,1492
2907,R_LV,95369133,1492
2908,saouldure,89319747,1492
2909,your_average_euro,94353382,1492
2910,adhocmenagerie,94476035,1492
2911,QllQ,95047217,1491
2912,mOCHU035,85193609,1491
2913,KHun71,90330735,1491
2914,Agatka120997,92836797,1491
2915,insomnia789,95649348,1491
2916,Moyen,89373274,1491
2917,Gaborpapa,94676053,1490
2918,Ferenderpt,91609912,1490
2919,MrSophokles,94919312,1490
2920,Nabukiyako,91582442,1490
2921,saizon,91376048,1490
2922,kazumama01,91732438,1490
2923,frankg_212,94635069,1489
2924,PingisPongus,96566886,1489
2925,DARDEN911,95782744,1489
2926,RhinoBro,95619157,1489
2927,Benbey,95281507,1489
2928,lorelia,84630349,1489
2929,noahjt2,94550465,1489
2930,Hermesssss,85137223,1489
2931,HCche,85024475,1489
2932,Portland08,95505002,1488
2933,yanescort,93694112,1488
2934,Bounette999,94686444,1487
2935,xinyuuuuuuu,96295796,1487
2936,Henkii,95351859,1487
2937,MaRLoNPro,84132124,1487
2938,Serjjin,89546479,1487
2939,Geonosis27,95864617,1487
2940,nicknt899,97536118,1486
2941,applebeer,94028747,1486
2942,Piierluck,96434977,1486
2943,Stefinelis,84416510,1486
2944,SleepwalkeRvK,85397503,1486
2945,jRs80,84743920,1486
2946,logus30,85166337,1486
2947,gregory96,95529963,1485
2948,dtc961217,97248473,1485
2949,TheFox17,95521694,1485
2950,Paul F,84375276,1485
2951,seastory1,96529543,1484
2952,exn105,96390366,1484
2953,s redhat,83948108,1484
2954,destiner,83835075,1484
2955,fandesali,96891734,1484
2956,schmidskatze,94584397,1484
2957,CorbinLightblade,96156807,1483
2958,ByCh,95355322,1483
2959,Subbak,91298192,1483
2960,gegedoushirencai,95709734,1482
2961,helloverlord,84286268,1482
2962,TiZero2,92022464,1482
2963,tearhcxsn,96645277,1482
2964,karinesalazar,96559112,1482
2965,BigFaceDog,92997480,1482
2966,ahoddir,96822813,1482
2967,EmpLeviathan,93755876,1482
2968,barkbarkdog,85435028,1481
2969,Cheetos4in1,94233740,1481
2970,CousinYeti,95971804,1481
2971,Green_peacak,92479060,1481
2972,NaitoPanda,93533605,1481
2973,kyn560,97452046,1480
2974,totootoooo,95103676,1480
2975,_Mango07,94907322,1480
2976,MOMOMO234234,95951442,1480
2977,alpaca1s,93248753,1480
2978,AvaDDon,85779908,1480
2979,Nasher1976,84803594,1480
2980,Tiggaro,93795485,1480
2981,jreisler,92258102,1480
2982,Tothemoon05,94515425,1480
2983,415180100,97053244,1479
2984,toraratora0704,96742109,1479
2985,Burgos,85044413,1479
2986,aedzuko,96721157,1478
2987,superbadpotato,93132045,1478
2988,iBod21,96748817,1478
2989,rconner,96804423,1478
2990,GGjay,92068262,1478
2991,zendeno,94586822,1477
2992,siyin game,94256755,1477
2993,DanyDuckman,93293582,1477
2994,Elvisko,92255531,1477
2995,Richos,86160221,1477
2996,Mr Bojangles,89021456,1476
2997,Amaoto Yonagi,97409492,1476
2998,czpt,93830476,1476
2999,Pola Bear,86006485,1476
3000,PlushyCthulhu,83886481,1476
3001,krliu,86619197,1475
3002,crazooo,96010232,1475
3003,edward_C,38706752,1475
3004,sjimo,91392182,1475
3005,ZZM6191,96464794,1474
3006,SashTheOnlyOne,95493335,1474
3007,MikkoAL,95129017,1474
3008,KeithHendricks,84886787,1474
3009,lunye,97001805,1474
3010,Iliasilantev,89739127,1473
3011,EiskalterRegen90,95648915,1473
3012,skyview_dut,92111870,1473
3013,Tipou,16892336,1473
3014,Nebo11,89984107,1473
3015,2063753255,97061822,1472
3016,flow23,88474424,1472
3017,su_ming,96624163,1472
3018,suuperrnovaa,93921911,1472
3019,BigStompem,85109322,1472
3020,The Bag Inn,95247425,1471
3021,zorghk,13747232,1471
3022,swilkiway,85421848,1471
3023,SmileyChevalier,95415580,1471
3024,bopoqod,93020486,1471
3025,MoraGames,96592981,1471
3026,a384102104,96530279,1470
3027,wariokart,95800882,1470
3028,RentonRaider,95237627,1470
3029,sanellebasi,85823307,1469
3030,VeniVidiLusi,97423614,1469
3031,Aglarel,1219528,1469
3032,SaberDrake,94611960,1469
3033,admscotty,91415683,1469
3034,Stikers,96837307,1469
3035,JorgEn309,85261495,1468
3036,Maxtrigz,84557165,1468
3037,Temza7,94391883,1468
3038,JeanBdt,86280474,1468
3039,marvinbirnbaum,84761265,1468
3040,azluflau,83902129,1468
3041,kerrybgg,85312674,1468
3042,Kai Der Grosse 42,92429835,1468
3043,bigbadgoosey,95520577,1468
3044,nordwind87,84225659,1468
3045,xiang_0,96669679,1468
3046,pagyew,89796518,1467
3047,Whale-YT,96866193,1467
3048,pizidi,93965592,1467
3049,TOEYKUBB,96863249,1467
3050,12qqwwooo123,93948583,1467
3051,byb19910610,96305877,1467
3052,kunkun1hao,96908725,1467
3053,9140,92483108,1466
3054,CONGW,95258487,1466
3055,Likkle1,13407681,1466
3056,ncs7,97440365,1466
3057,MrMaymay,94734537,1466
3058,koboldyyz,95188268,1466
3059,provokinggg,95689355,1466
3060,BordoVonRabenfeld,88499291,1466
3061,Winnie1001,84315744,1466
3062,ericfr,95962685,1465
3063,Blankflash,94910885,1465
3064,Demostiny,92315952,1465
3065,Khaglanyus,86970580,1465
3066,jimbojimjim,94240387,1465
3067,JPBa,37474582,1464
3068,maliu7777777,96096066,1464
3069,flunkerfux,94972573,1464
3070,xiaoshuaiyu,96193509,1464
3071,Hdp,6012502,1464
3072,Bvaughny,86475366,1463
3073,Uniqron,94945320,1463
3074,nativearth,94623329,1463
3075,Raffi Mcstuffins,91133017,1463
3076,mrCAS,96662908,1463
3077,Sabba96,91885955,1463
3078,90091412,90091412,1463
3079,AGamehasnoName,95108461,1463
3080,Jip15922,97376203,1462
3081,Shhmanduh,88386282,1462
3082,zalarg,29674631,1462
3083,Viscount88,92764128,1462
3084,Darione,84444391,1462
3085,gfizdek,84581673,1461
3086,huriia,84224040,1461
3087,Thibautv,85983213,1461
3088,polza711,88013203,1461
3089,Latsyrc129,89461192,1461
3090,HOLYquacaMOLY,97006424,1460
3091,Vesanius,95115330,1460
3092,Vinznx,94869209,1460
3093,TobiasCat,92886287,1460
3094,CarltonMilford,89229841,1460
3095,mig848,97245737,1460
3096,docoter,84934133,1459
3097,Donus,3044936,1459
3098,ohkub,94768339,1459
3099,JazzK83,94894271,1459
3100,w0mbl3,89144269,1459
3101,sollywhy,94855765,1459
3102,KaMaKaDzA,90011061,1458
3103,dajacra,73980203,1458
3104,SWEKingen1337,96440408,1458
3105,sunana_suke,94656826,1457
3106,Groemar,94053023,1457
3107,IzZI127,85256255,1457
3108,FlorianB,94184592,1457
3109,dangerK,94119350,1457
3110,Shett,95787956,1457
3111,Yukichan01,86623937,1456
3112,SnarkyGinger,97108800,1456
3113,xnu,85218294,1456
3114,Ducky757,93286719,1456
3115,abonwhiskas,95883292,1456
3116,Arashikage,84087437,1456
3117,ssr_eth,96983514,1455
3118,azsxy,95807369,1455
3119,just a peasant,89474426,1455
3120,TinyFAS,92316292,1455
3121,T0NN0,84875798,1455
3122,The_goldboots,96238739,1454
3123,Endymion_1982,97488502,1454
3124,BenoBoi,96700341,1454
3125,murrrrrr123,96219280,1453
3126,Trench Tier Noob,91686705,1453
3127,Darkbright6,95310057,1453
3128,Sirmalion,89285791,1452
3129,MarineKmdn,95564527,1452
3130,DurdleGerg,86875937,1452
3131,RichardPetru,96527341,1452
3132,Ricciocri,85120177,1451
3133,Tsirimourdios,94365084,1451
3134,nty857,97324950,1451
3135,Nouko_,96631065,1450
3136,zixian111,88371231,1450
3137,Labbity,86097764,1450
3138,RalpHog,93633593,1449
3139,ImTimbud,94888020,1449
3140,Mona87,85268618,1448
3141,Ceelou,85104461,1448
3142,kami5,84163987,1448
3143,orjp,35767654,1448
3144,Lisza,94691566,1448
3145,Yarina-Z,97041109,1447
3146,nomorl,96516958,1447
3147,Karijin,89812462,1447
3148,saibothh,86372861,1447
3149,Bogweasel,16722063,1447
3150,ssssherry,96509114,1447
3151,Romiik,97167429,1447
3152,Mongoose01ca,85451811,1447
3153,mrfan,91222344,1447
3154,Quireno,94665808,1446
3155,Sacrifar,84832745,1446
3156,genya157,84311148,1446
3157,Rouuliaa,94394727,1446
3158,ThorgrimThunder,83907724,1446
3159,hysn233,97154296,1446
3160,NiccoloBurattini,95079505,1446
3161,Ultraman Alin,97037701,1446
3162,Optimus_Primi,93124607,1445
3163,iirosss,96977074,1445
3164,JoeExotic5000,87207448,1445
3165,Akagi29,96568996,1444
3166,artname,91773680,1444
3167,Bertrand_,85531270,1444
3168,Tiki Lover,95201622,1444
3169,Syitnw,97159318,1444
3170,bosh_iron_golem,94841114,1444
3171,woohyuk,85048029,1443
3172,Countercurrent fish,96196158,1443
3173,kof2076,95615296,1443
3174,silenus,15060246,1442
3175,k4r,44186487,1442
3176,Nikita001,95417872,1442
3177,MadTricks,95485812,1442
3178,Jake The Snake,86262936,1442
3179,momao QAQ,96933455,1441
3180,xfactor281,88693377,1441
3181,Nurcio,89975372,1441
3182,camelid,94294082,1441
3183,RobsonUnited,96607230,1441
3184,gebadia,96791913,1441
3185,Jas1024567,96054077,1440
3186,OMG_I_LOST,94694460,1440
3187,dcotko,30478112,1440
3188,adgeyDApagey,95085438,1440
3189,AlgebraistPoney,84721013,1440
3190,amarande,92399337,1440
3191,kay015,97189905,1440
3192,truffeauvent,2923790,1440
3193,LeniKlumPrime,95754365,1440
3194,Szentes Richard,93921018,1440
3195,CATastrophe003,96183314,1439
3196,pinco-chan,97430365,1439
3197,lanzhou321,94340231,1438
3198,bangerang01,95634607,1438
3199,Tsunachev,96990979,1438
3200,notkoi,94714809,1438
3201,Thwuck,84238317,1438
3202,Ördöghal18,84913712,1438
3203,Tukiyori,95795220,1438
3204,Tiitom,87438641,1438
3205,kp_ist,97382548,1437
3206,Revan206,86172086,1437
3207,SantiHM23,86182289,1437
3208,Gongsung,87308372,1437
3209,ShadoWindss,94811381,1437
3210,Iksbawks,92203629,1436
3211,dadahao,91029806,1436
3212,mickygame,94586823,1435
3213,D 4,96185647,1435
3214,Tanchester1,96386535,1434
3215,LuoXuHui,92334403,1434
3216,xiaotian0103,96566933,1434
3217,YOU2024,95749384,1434
3218,Captain Spatula,84461308,1434
3219,HeeroChris,97261202,1434
3220,Ella_is_alive,95865530,1434
3221,ElGebez,87632222,1434
3222,unorderedmap,91056246,1433
3223,910JQKA,91827947,1433
3224,willou76,94346000,1433
3225,yangyang0507,97281665,1432
3226,trisun4fun,91584847,1432
3227,nogall,84372411,1432
3228,4zuredrake,84639472,1432
3229,samallgrey,95141509,1431
3230,iliiliili99,94442145,1431
3231,ylang824,95753189,1431
3232,Sharon705,96800067,1431
3233,Pleonix_ua,90008577,1431
3234,silver33,92619284,1430
3235,AJCIII,95943391,1430
3236,SleazyJay,89411363,1430
3237,Dark_is_Light,84530226,1430
3238,cool-chicken183,97361911,1429
3239,refsrefs,87728900,1429
3240,DeAl3,85457181,1429
3241,alapikoo,95587221,1428
3242,timelapze,95467261,1428
3243,Dknud,94032747,1428
3244,LeonJoker,90672949,1428
3245,nyaru9,89248275,1427
3246,oli360,97104405,1427
3247,seoyoon1,85240775,1427
3248,SeiyaKou304,84640474,1427
3249,MadHatterXYZ,90965139,1427
3250,Brugernavn123,95888518,1427
3251,e_tersk,88582900,1427
3252,star0420,95759036,1426
3253,cheese_cmu,92381556,1426
3254,smugskull,38589596,1426
3255,hainian123,97052216,1426
3256,saangdrax,95148762,1426
3257,Fiffoos,91493453,1426
3258,arnaulowry13,94451275,1426
3259,faulie,96231566,1425
3260,LightHD,94330530,1425
3261,jess_i_ca,93749251,1425
3262,Neva97,88094460,1425
3263,vr___,84340454,1425
3264,crf88,84406029,1425
3265,Drakonin,84079910,1425
3266,GiorgioZ,87762815,1424
3267,Martin_49,94077727,1424
3268,SkullKrushx13x98,94314668,1424
3269,CarterDZ,94467672,1424
3270,Sommos12,95873616,1423
3271,mount-lofty,91451153,1423
3272,crazypyroz,95538436,1423
3273,dhyman925,95591231,1423
3274,UR1CH8,91655358,1422
3275,Serga,85259314,1422
3276,beeflower,90972602,1422
3277,amfredde,94479996,1422
3278,flannyflan,95889966,1422
3279,Lgtmvlnc,94444347,1422
3280,zufours,88203018,1421
3281,Kat5318,93532478,1421
3282,banyue,92982867,1421
3283,arkalex,95683273,1421
3284,sharkaaa99,96627041,1420
3285,Duchess_Jenifer,94879803,1420
3286,Lunat1c,94774889,1420
3287,Greensong,94506680,1420
3288,melpomenni,95326469,1420
3289,yhlhebe,96424787,1420
3290,hoodooguru,86058783,1420
3291,pegasusstampede,83912692,1420
3292,Benevollus,96061644,1420
3293,perryyyyy,92152624,1419
3294,Rubory,84780735,1419
3295,magunaHis,95406037,1419
3296,gannicus77,96853385,1419
3297,Yiuuk1,95907125,1418
3298,TTXW0710,95647901,1418
3299,dqr377,96373325,1418
3300,nicolympe,84541005,1418
3301,kachobo,94402092,1418
3302,DrewWilliams9,91062393,1417
3303,Huffle15,85597135,1417
3304,pikaqiu123,97203429,1417
3305,hellohello33,93830523,1417
3306,Zupa Arbuzowa,84931134,1416
3307,Morgalad,84397364,1415
3308,ganjarlander,95574571,1415
3309,mpape33,97228419,1415
3310,ipasgha,93629634,1414
3311,vengful,89001349,1414
3312,diluvien,91764064,1414
3313,punkiriko,85537548,1414
3314,LalaWalker,91312421,1413
3315,heppehondahl,95528903,1413
3316,BlueSteel,35702251,1413
3317,Goum,83882548,1413
3318,mimmobabbo,95299355,1413
3319,_Leviathan_,94683375,1413
3320,huy070,97132652,1412
3321,doublessong,89778070,1412
3322,laughing1008,97347655,1412
3323,JayLou,94533006,1411
3324,WSTNFX,96087927,1411
3325,aec29,95188932,1411
3326,Flying_Monkey,94246891,1410
3327,ambushraspberries,88072805,1410
3328,AlexmedBr,85104622,1410
3329,DBZfan,3697844,1410
3330,mrbiao1993,96656220,1409
3331,Shinsooooo,96078945,1409
3332,bobish33,2781842,1409
3333,woodflooralchemist,96560253,1409
3334,schwadolaf,97212484,1409
3335,Rozqobets2,94354988,1408
3336,GhoulofGSG9,95104291,1408
3337,UnoIsTooHeavy,92974741,1408
3338,rat11man,91753462,1408
3339,captnsauce,94342100,1408
3340,BudDowdy,95133266,1408
3341,uit135,97328909,1408
3342,TGio1027,90950870,1408
3343,antoine6293,93683805,1408
3344,Tonalt,90102940,1407
3345,DeadPunker,84076636,1407
3346,UkrSeaMan,90507384,1407
3347,Kareu,94139574,1406
3348,Z-Type,54370796,1406
3349,dsc311,17329922,1406
3350,uhn788,97390500,1406
3351,legasteropode,86100915,1405
3352,junglezebra,94270607,1405
3353,XDragoner,96535476,1405
3354,Gleb166,95201804,1405
3355,Angus MacDeth,89340130,1405
3356,Haurore,88818185,1405
3357,admea,14416757,1405
3358,nuk908,97089469,1405
3359,jonjacobmoon,83880373,1404
3360,Tenebrane,84311487,1404
3361,midar76,90290349,1404
3362,D3Zeeg,86296208,1404
3363,ReV_Cheddar,96974278,1404
3364,Nilis,85380966,1404
3365,MidnightMist,92346002,1403
3366,patrickY12345,96458633,1403
3367,Birmingham Winery,96076752,1402
3368,gandaina,85316905,1402
3369,karn0910,85230226,1402
3370,CRonaldo777,93513090,1401
3371,renzhenyouxi,96219322,1401
3372,MrPandaBear,94353782,1401
3373,jknyc,89749375,1400
3374,RayRayRay888,95956965,1400
3375,zapdon,84212954,1400
3376,NameForFame,87804653,1400
3377,HuanTT,93854292,1400
3378,MONTANAMOON,89464550,1400
3379,Aquilon,85060986,1400
3380,orT5,85122176,1399
3381,wecarealot,85732341,1399
3382,Saramuch_007,89299917,1399
3383,fukinwhiterabbit,84656606,1399
3384,alittlewolf,92466754,1399
3385,Steven07,89008705,1398
3386,victor0lynn,11787258,1398
3387,dsoulCA,91188760,1398
3388,Joethedog,85545045,1398
3389,Vectorman0,89819337,1397
3390,baihanl2,83867577,1397
3391,red123456lt,94482876,1396
3392,NNMilan,95873106,1395
3393,Guiguou,85759597,1395
3394,umi_eiketsu1059,94703431,1395
3395,marineblu,88322952,1394
3396,goakaki,96334474,1394
3397,lzwnb,96948514,1394
3398,Flo14249,94502886,1394
3399,JimmiDK,94569438,1393
3400,capitano15,86004745,1392
3401,Fully,13214358,1392
3402,Merystel,94625308,1391
3403,payles,97131847,1391
3404,baroquenspirit,85374216,1390
3405,Benjamin Hau,94591111,1390
3406,Captain4You,95067558,1389
3407,nobbob,94391595,1388
3408,Menji,13630246,1388
3409,krokantpudding,89206635,1387
3410,gaokai,96722771,1387
3411,msNorris,95444354,1387
3412,Nir0125,93140361,1386
3413,fayss38,93685321,1386
3414,Foxzibit,95511146,1386
3415,haaning97,96126583,1386
3416,dragonfly007,95401617,1385
3417,LadySciuRus,97263776,1385
3418,GG Capu,96877563,1385
3419,WTChen,95667009,1385
3420,GreggGor,95953192,1385
3421,Lilnugs,95320820,1384
3422,Sealseal,85073848,1384
3423,cupinseemoon,95598022,1383
3424,Hljakob,91625487,1383
3425,Caelestral,84637273,1383
3426,CentreJack,86834534,1382
3427,ZeeFreak,97137433,1382
3428,AaaaaaaaRrTtttt,94682844,1382
3429,empalu,85372858,1382
3430,blaugreniak,94676648,1382
3431,sursix,5283906,1381
3432,yonkman32,88023657,1381
3433,vospeh,84823340,1381
3434,babagrinch,95348808,1381
3435,manuarch,95101623,1380
3436,RafuxBE,90143679,1379
3437,MoritzPapa,88386996,1379
3438,Elkadain,95460841,1378
3439,pokelaurah,93531132,1378
3440,InCoNsIdErAtE,96492788,1378
3441,El_Misericordioso,94755399,1377
3442,TXBQ,95050135,1377
3443,masterfrisbist76,86352034,1377
3444,Fredrenovation,89170144,1376
3445,Yaspo90,95002720,1376
3446,Itegal,93472274,1375
3447,myel,10172966,1374
3448,luowei930410,96012773,1374
3449,swolpoll,90330864,1374
3450,abference,91925620,1374
3451,DAM333333,94796344,1373
3452,Elfbuster,93169903,1373
3453,heliozion,94354474,1372
3454,Dragoonwildfire,95462968,1372
3455,Fujibakama,90624269,1372
3456,G0dOfTheCloud,95624024,1372
3457,CHENZOUZOU,96105545,1371
3458,arsss85,84791912,1370
3459,frischesVeltins,93024653,1370
3460,TheMeepleArt,85716725,1370
3461,ShadowLiran,85055077,1369
3462,EliBaloo,90258729,1368
3463,adamdynris,17358,1368
3464,Drsamus,93586441,1367
3465,xue19971117,97267525,1367
3466,jazzik,89714483,1367
3467,nichenlas,97318921,1366
3468,Elizau,86298124,1366
3469,Pa3k27,91402757,1365
3470,lin0811,95243865,1364
3471,Summer 0330,94324195,1364
3472,r3ntintin,84911362,1364
3473,Ko_mis,96760642,1364
3474,tuneloon,83985185,1364
3475,Bobber1993,85793383,1363
3476,Segismundo,84752473,1363
3477,Mateica12345,94908568,1362
3478,Fresh84,95776120,1362
3479,nbhy,84937544,1362
3480,TerrorCrew,95795630,1362
3481,didoup,84160848,1361
3482,Pirurin,90074881,1361
3483,Tommy Edman,85203664,1360
3484,KharnDestroyed,91782008,1360
3485,Anan1anan,94917127,1359
3486,JuleSchl,95892723,1359
3487,2gucio2,18678356,1357
3488,gauravroy,83890126,1356
3489,JustJelly,92971313,1356
3490,MarcondesBe,84972741,1355
3491,ocollard,86867845,1355
3492,Direktorin,85326318,1355
3493,Skyrios2657,87251226,1354
3494,Tine1802,95115048,1354
3495,wudi,93345348,1354
3496,Marleen20,85325337,1354
3497,stripple,85904265,1353
3498,Jen_Pale,89786114,1353
3499,Dudek88,90162582,1352
3500,KingBarouTheGreat,96725927,1352
3501,Katerinka280,94919258,1351
3502,PugDaddyWynn,95873808,1350
3503,especial20,93651498,1348
3504,Seawolf1019,92007252,1348
3505,big_maestro,93605394,1348
3506,j4qfrost,91017161,1347
3507,cilia_1106,92989937,1347
3508,Zclzy,95000912,1347
3509,bluelok,88858438,1345
3510,cecinico,91664237,1345
3511,Hijokwa06,95814581,1344
3512,Eagledust,85719307,1344
3513,BitterLemonCurry,84551583,1344
3514,Hochdahler,87052463,1343
3515,AngelGG93,94673649,1342
3516,Resetfoxant,93909071,1341
3517,Polavski,93117249,1341
3518,kira0083,88176061,1339
3519,Sönke1189,90705908,1338
3520,Obade,88542643,1338
3521,RogueHammer,88355989,1338
3522,DokiDoki0920,95713293,1337
3523,soolpaly,97143544,1336
3524,victoriaflo98,95942152,1335
3525,WarEagle53,94400489,1335
3526,KushMory64,97054934,1335
3527,Lolo6611,94362033,1334
3528,Ffk12580,96610801,1334
3529,shanminm,95609742,1334
3530,arcgisforron,91997015,1333
3531,Jagarion,93448295,1332
3532,BMaddy72,95999476,1331
3533,Quetzalkev,83954895,1331
3534,Weewa,92574695,1328
3535,Torsten255,94779776,1323
3536,Rainer_Game,95530629,1322
3537,Nicolas1221,95981192,1322
3538,kazusanosuke0823,91111767,1322
3539,suny03ua,88616973,1320
3540,DummerSchimpanse,95485383,1318
3541,Prinxibo,92532128,1318
3542,33Sw33n3y,93976562,1317
3543,Tjara,93148979,1317
3544,Everdell,94835726,1316
3545,rht646,97455752,1316
3546,Capricekiu,96493344,1316
3547,dotul,90956449,1314
3548,filoulab66,86550714,1312
3549,momi510,83955479,1311
3550,Rue du jeu,2041304,1310
3551,Frantz Von Rheinetem,85790382,1307
3552,Flonagan,86566050,1306
3553,Wait4It,94167236,1306
3554,Sechel,96926458,1305
3555,Yusi Zhao,94715971,1305
3556,bladescepter,83845434,1303
3557,NRAM,86314957,1301
3558,gireeshss,96002876,1298
3559,zerolux,95599778,1292
3560,Cutecumber,95315012,1292
3561,AndyPandy56,94438714,1284
3562,Boloss92,95469287,1283
3563,poeeetryyy,93021269,1283
3564,tjr_y,86210115,1281
3565,simothetooth,95668087,1279
3566,mulsaem,93532261,1276
3567,SharpMii,91050334,1266
3568,PandaPie1,92530392,1261
3569,dancindancin,97100284,1259
3570,steezy4,96743429,1243
3571,iloveeyjafjalla,96373526,1240
3572,Stepps,88102932,1237
3573,WhereDidYouPrep,94611974,1219
3574,Linkywk,97183357,1216
3575,OEllinas89,94502212,1212
3576,Bruce,15108,1199