#,BGA Name,ID,Rating
1,SakuraEcho,97645356,2147
2,Rock_P,92912883,2144
3,monkeydo,93896193,2112
4,JDansp,94308984,2085
5,What How,97462972,2082
6,hardtounderstand,95740428,2059
7,Milowitt,96135209,2053
8,XuXuXuXuXuXu,97645115,2049
9,tobiko11,84390486,2030
10,Yutenji Nyamu,97417984,2029
11,vz1h7owsuh,95957832,2026
12,yvguef36oqct,97828896,2025
13,ah_lcg,97616549,2023
14,emu456,97601075,2015
15,QuantumEagle,97745256,2015
16,Kawasaki2933,97517850,2014
17,Neil003,97601822,2010
18,nimoac,84658502,2008
19,auuu12,96565150,2006
20,sorryimlikethis,86346298,2003
21,lbyw3,97446482,2003
22,perrylin,95602651,2003
23,fished my wish,97645154,2002
24,wtkms,97598080,1999
25,Target star,95331673,1986
26,Chen233,89148114,1986
27,QBert,2658233,1980
28,CN_Azul,91718783,1980
29,Tsong Chen,94423370,1979
30,Midashood,95608713,1977
31,Faerch,92121387,1977
32,Mondaycold,93198466,1976
33,The cat fish,97180419,1976
34,jackochow,96364530,1975
35,hazerrs,97546886,1971
36,HZLSSB,97803205,1967
37,pinkex239,95085497,1964
38,svs149,95663247,1963
39,yakku99,95727905,1962
40,Rymor27,95151558,1958
41,Duci9,94929538,1956
42,Window56,94675560,1951
43,Employee_427,94319519,1951
44,zombira,97487622,1949
45,stanley654321,84030537,1948
46,Chan sey,94773986,1948
47,duyanhcao,82653384,1947
48,hoodmidas,96505175,1947
49,Sh1norina,97719316,1945
50,ice wizard,91882672,1942
51,SirL,87238474,1941
52,Helbiii,90097742,1940
53,pppppdian,90883583,1939
54,zhpls,90738010,1935
55,Christ Surprised,96227549,1933
56,traine3g,95459839,1932
57,The Aristocrat,85027110,1930
58,BS_,94623704,1929
59,lanlanwww,96669088,1927
60,esddse1,96046666,1927
61,wangdaishu,96870803,1925
62,Aluap Tsai,95130340,1925
63,icefacez,95424534,1924
64,rockstar18,95285472,1924
65,2win9,94328850,1923
66,Zherak,84875336,1923
67,Zuzannatuba,95583970,1922
68,Zheng,30574650,1921
69,Rincewind820,94403316,1918
70,ooltje,88803089,1917
71,chengzi9898,95625344,1917
72,portgard,83927465,1914
73,Fool Klein,92425274,1914
74,Druen88,91111167,1914
75,Hivaoa,84521096,1912
76,tbu3k,93311473,1911
77,Luciddream08,94532497,1911
78,Kharghurzarek,97144427,1911
79,Snowyowl Tale,96392781,1909
80,Targetttt,95030461,1909
81,greedisgood000,97140944,1908
82,Just_one_time,97603160,1908
83,human_light,92255273,1907
84,tjh23,94970791,1904
85,Teh_Zealot,84017922,1904
86,Midaaaas,96932679,1904
87,worldpeaceeeee,94619221,1904
88,just_again,97861655,1903
89,extrazen,95137016,1902
90,umegf,84727173,1902
91,pate de lo,94901382,1902
92,Rease942,97802070,1901
93,DaZaiErXia,91315943,1900
94,buldozer,85270584,1900
95,changpei98,97153653,1899
96,oli35,72618899,1899
97,JinnyF,95661267,1899
98,HotsauceWally,84773109,1899
99,Earl the pearl,97047673,1897
100,MonkeyinAround,96964879,1897
101,McRolando,95736503,1897
102,boardgamedude2,94420091,1896
103,yya927,95161897,1895
104,wenzhizhi,97799596,1893
105,Angry_SSu,93750298,1892
106,JoeÜbergang,86370496,1892
107,kaldarr,85214664,1890
108,lidamiao2,95082163,1887
109,NowSituationChanged,96406220,1887
110,Cheese - 4000,90719758,1886
111,coolsunday,84864189,1885
112,makamaru,84320942,1885
113,im only luck,97387436,1882
114,werfmark,46907093,1881
115,IanaPiana,95144027,1881
116,babouche_babouche,97243337,1881
117,Sir Fluffy,86344862,1881
118,wuxuanwuyan,93308326,1880
119,Sasheme,94937683,1879
120,mushui19,96556648,1879
121,zealotcharged,84763333,1877
122,Koudee,84640241,1877
123,songdeze,96566015,1876
124,Ghost____9527,95989081,1875
125,bgtrainer,95397753,1874
126,axb980,96950023,1874
127,Sidouro,96200493,1874
128,leaf_PKU,96409949,1873
129,HZLsDaddy,96708592,1872
130,Lucasbiao,96656609,1872
131,JoonPown,94391464,1872
132,robgeibel,96133931,1872
133,sroconno,96754790,1872
134,SilexSaxum,88730461,1870
135,LorraineRC,88707360,1870
136,brewmaster12,89599421,1868
137,zenkyleD,84321999,1868
138,Newcore,97672166,1867
139,print_helloworld,97238324,1867
140,demyurge,84428955,1866
141,AWu,83864699,1865
142,biekaw,97076203,1865
143,jhuano,95591308,1865
144,kathy27665,95912613,1865
145,681w,96715752,1865
146,ScientistOmni,90480114,1863
147,blueboat9,92440453,1861
148,show maaker,95192255,1861
149,GallifreyFall,94401949,1860
150,Soulless Robot,95377405,1860
151,margin,84635265,1860
152,unz480,97422525,1859
153,Pelirrojo1711,92166550,1858
154,Wolf Ren,92800174,1858
155,eatbamboo,97776633,1857
156,shengxiao,95453044,1856
157,Sash_L,84249520,1856
158,rudaZz,94569606,1856
159,EEEch0es,94773861,1856
160,Pippocampus,96607599,1856
161,PPPPPPayne,97338076,1853
162,yunfeiyang90,92674329,1852
163,AdamHorton,83877945,1852
164,HighwayGoGo,94565796,1852
165,sxnt,96325355,1851
166,Lampler,94331264,1850
167,Ilyas_aut33,93004469,1849
168,ngtriant,88282419,1848
169,Footloop,90899183,1848
170,Ttssp,96633791,1848
171,democracy8741,95603279,1848
172,filip1a,91966450,1848
173,1211358275-zebra,97615030,1846
174,Ghost8472,94119769,1845
175,Jovat,92373009,1845
176,l t y,94064771,1844
177,Lichen4anke,95676183,1844
178,Star_Mao,84425242,1844
179,DawnWhisper,92383957,1844
180,jhzm,94579225,1844
181,Hisbe4948,89578751,1843
182,ComplexMuffin,85854492,1843
183,labrosafas,93522154,1843
184,fengye555,95758486,1843
185,motimoo,95525103,1842
186,bsyraB,97130813,1842
187,gh1101,95458811,1841
188,GenAaro,93702040,1841
189,stc12250715,84304883,1840
190,fgffsgs,92566177,1840
191,lamawurm,95860033,1840
192,beepzop,88424815,1839
193,ceejaex,87105665,1839
194,XDXD233,85172205,1838
195,MyAsylum-_,97925621,1838
196,le_asmo,91930865,1838
197,Abiath,95350940,1837
198,hughieg1230,92970688,1837
199,earth catapuly,93946291,1837
200,TalentedOwl,97258339,1836
201,yayboardgames,83894592,1836
202,so0nii,94226590,1835
203,HappyClam73,96071015,1835
204,Andrewsmile,86610938,1835
205,one_more_try_plees,95887845,1835
206,karleasdnaskjd,96975084,1834
207,Grand_Blue_Lore,96732187,1834
208,Khrikuli Is Robbed,97861035,1834
209,kongbaolong_gua,94761147,1834
210,yiqiesuiyila,43502389,1834
211,Kyshantry,84033406,1833
212,AKNovaYYDS,96536721,1833
213,yazavats,93165237,1832
214,MasN,84122544,1832
215,vnd065,97592869,1832
216,wumian233,96160748,1831
217,New Zealand fur seal,97784313,1831
218,PirateDoDo,97122962,1831
219,GBLbeans,91121190,1830
220,MrYama,95308303,1830
221,nengbengbear,94534456,1830
222,slamsk,3314436,1829
223,Propaganda Panda,94936862,1829
224,007Br,90161849,1827
225,nohye68,85120095,1827
226,general_panda,92073775,1826
227,KORBOARDF,96730871,1826
228,AiMisteria,97380173,1825
229,Borden66,94604358,1825
230,isenguard13,93310826,1824
231,shagen,88490540,1824
232,zhuozhuoqihua,96326965,1824
233,3nat,96326862,1824
234,SunYork,89979818,1823
235,Wysnard,88746052,1823
236,msinohdd,97620751,1823
237,Awaker3,96422690,1822
238,The One Ring,97687114,1822
239,Midashoood,96865593,1821
240,hipalmer,92971061,1821
241,JMatt_,96090096,1820
242,HappyChild,96390330,1820
243,ViciousCyclist,89020074,1820
244,Paraplegic Otter,88638129,1820
245,Hidolala,94976168,1819
246,wcy710,91694654,1819
247,waytim,68923869,1818
248,jdmonn,95224489,1818
249,mj256,95301670,1818
250,RobinGuk,92499328,1818
251,Ciskesa,97072609,1817
252,vuk246,97335860,1817
253,ARK0321,95733960,1817
254,Leleland,95881581,1815
255,qoq603,97111361,1814
256,BakaNine,92588696,1814
257,Tharsis15731,94796767,1814
258,ykakai,98001580,1814
259,Gunor,96919064,1813
260,Baboude,91196162,1813
261,Moc king Jay,93733630,1813
262,shakers,93503297,1812
263,Mrqiu,84644105,1812
264,kozaza,95289690,1812
265,SirDragos,96002757,1812
266,nikozzhw,95277568,1811
267,Iris_catf,96405064,1811
268,tmkk,96613779,1810
269,mrcsingiling,96556481,1810
270,zhengyixianyu,95430601,1810
271,bgz544,96161121,1810
272,itskins,94095093,1809
273,Agonizon,94604354,1809
274,skälding,94401618,1809
275,Dizzja,89938180,1809
276,Pinecone222,84341816,1809
277,Incognitoh,87442869,1809
278,GiiNN,92487233,1809
279,amelia0109,94778067,1808
280,BGFact,98049794,1808
281,jimmygoodman,94562096,1808
282,cko540,97650628,1807
283,woodenbox,92893596,1807
284,CrazyPenguinGUAN,93563465,1807
285,dl0v0lb,94984984,1806
286,gyzhyqw,95072941,1806
287,M a s q u e r a d e,96360250,1806
288,wjzjason,97205076,1805
289,077cpw,97177585,1805
290,watermelon5730,96094578,1805
291,wufengyuluo,93284227,1805
292,ArkLover,94358443,1805
293,iloveakari,97891030,1805
294,Last Pride,94370035,1805
295,Renan112,95881415,1804
296,allanbc,96625470,1804
297,boardgamecafeone,92352931,1804
298,Doma12345,88729410,1804
299,explosion kitten,97542305,1804
300,TopTierReindeer,88288744,1803
301,Ohrmazd,97178519,1803
302,Tarrs,94786622,1803
303,Aggelito,95585274,1803
304,waytim999,97664606,1803
305,nirwan,86011752,1802
306,JanaiLama,95017290,1802
307,stofflappen,95173563,1801
308,Echo_m,93827347,1801
309,zzw89,94376267,1801
310,MysticNeb,88741099,1800
311,liyi123,93207208,1800
312,Leemzz,90596488,1800
313,szddg,95203686,1800
314,modest-seal664,97794883,1799
315,Sicario9527,92350084,1799
316,erico0205,95902801,1799
317,Lixdark,94711439,1798
318,Doburoi,84038972,1798
319,Zach_boar,97182345,1798
320,Grianos,96788517,1798
321,LXYR,96155907,1797
322,BaseSig,3936472,1797
323,ss-uuz,94441741,1797
324,Krovax27,84773688,1797
325,bigfish_yyy,95684653,1797
326,sixriver1,95086205,1797
327,bodeer,94291652,1797
328,kalipolis,93213835,1797
329,yunge11,94315627,1797
330,xxnm,94540253,1797
331,TomdevBE,92134536,1797
332,SaiG0D,84746846,1797
333,LeeCloud,88351661,1796
334,tpn021,97988278,1796
335,alanndlr,96326900,1796
336,termis,95166299,1795
337,Kawnstie,95032053,1795
338,Sigmar Gabriel,95749984,1794
339,hollow7777,94847227,1794
340,Golven,87614886,1794
341,Pawn38,83919620,1793
342,T Street,93256427,1793
343,NeighborPeterParker,97664557,1793
344,TimTen,97773946,1793
345,Nuraxxt1ao,95222006,1792
346,parrotlover,97843327,1792
347,Long0103,92102371,1792
348,pepealas,94382995,1792
349,forist,93536913,1791
350,lidamiao,94351981,1791
351,EasyGoGetter,97861676,1791
352,RavenDavy,92320931,1791
353,Nicolas21,84311582,1790
354,kingofloons,85230147,1790
355,Kagura112,92096970,1790
356,bangerang01,95634607,1789
357,Leon Jing,95678978,1789
358,YouYu_Ye,92683390,1789
359,AlternateMuffin,91258390,1789
360,quickskillscarlos,95690096,1789
361,1998KR2019IAN,91110025,1789
362,aveydavey,96591515,1789
363,ArkNovaKing,97575687,1789
364,KFCVME94,96149566,1789
365,justplaynosay1,93937213,1788
366,sushimekabu1,97555423,1788
367,halabalala,84073519,1787
368,meiyounicheng123,94585687,1787
369,jjmmjjmm,93010369,1787
370,Dawn Whisper,93467783,1787
371,Artisary,95036182,1786
372,KaeptnZurSee,89972532,1786
373,strong egg,97417621,1786
374,yz97,94020257,1785
375,Wardener,95364900,1785
376,alunhuang,94187459,1785
377,SS-uu,96690695,1785
378,Banana__Fish,95558196,1785
379,Hitman 47,95535212,1785
380,Hakunnnnn,96580240,1784
381,OnlyBirds,96249741,1784
382,gamez shuffler,90749143,1783
383,Dagstaff,94134337,1783
384,hsdeluxe,22632910,1783
385,Cheetos4in1,94233740,1783
386,Dubbbb,95081305,1783
387,xbyy,96275316,1783
388,FGXKK,94604527,1783
389,TonyBegonia,91640596,1783
390,nrf901,97810769,1782
391,zxjiang,97262160,1782
392,Alkene222,96051397,1781
393,tehimmortalking,94805538,1780
394,UpperDecker,39460297,1780
395,shadowwing0,89467531,1779
396,thigya,90750695,1779
397,fp149,84186406,1779
398,Darcelmaw,93481498,1779
399,Blood_Stone,97320620,1779
400,myfish,94720386,1778
401,vasynyt banaani,84390251,1778
402,- Ash3s -,93840128,1778
403,erikvoigt,86636563,1777
404,dolphin159,90964531,1777
405,Laudanova,94430947,1776
406,Victorique De Blois,95089660,1776
407,Grahamtasia,87821022,1776
408,August8745,94622823,1776
409,jinwandalaoh,95949796,1775
410,leiacats,93307784,1775
411,algernon4,95205071,1775
412,1012k,90102316,1775
413,3Dragons,95425150,1775
414,Triplepigs,85410533,1775
415,ChrisTao_0,94535476,1774
416,f beef rice,94334051,1774
417,MrBlackSuit,94607578,1774
418,blessedgaming,95471737,1774
419,charlesthedog,97753714,1774
420,dprise,95996437,1774
421,YQ-utopia,96597406,1773
422,SmokinFlounder,94675357,1773
423,treetop70,527954,1773
424,colllllllar,96885412,1773
425,vikiyV,94925258,1773
426,nrw610,97950093,1772
427,roy163,94337877,1772
428,JohnnyWin,94847523,1772
429,Stormamma1337,95996481,1772
430,Getelbeuse,96311501,1772
431,gmmudkip,95618342,1771
432,jan dc,86016907,1771
433,Andydoorc,94492682,1771
434,CiiNia,97373218,1770
435,Vorima1,95186165,1770
436,BMOv1,86633716,1770
437,Rysiuvg,85715505,1770
438,ehp360,96360903,1770
439,kirblcrusher,95826981,1770
440,jjboy96,91163694,1769
441,randomronny974,92354598,1769
442,PotatoLord3,96940309,1769
443,Dracan,90066102,1769
444,653862455,97498068,1769
445,nhf816,97096161,1769
446,ZHIMIx,94562203,1768
447,cdwlkxpq8l43,98011077,1768
448,TuggerNuts,94499511,1768
449,thirsty380441579,97054054,1768
450,BilBob171178,95876163,1768
451,akalcic,93681663,1768
452,Nocoodolf,95680752,1768
453,fengye777,97611625,1768
454,wang xiaochuan,91574792,1768
455,zhiyingli,96640166,1767
456,Vegamon007,87604735,1767
457,tsj7,93976058,1767
458,joldfield1000,95032615,1767
459,ylathor,91490606,1767
460,X_L,95925951,1767
461,AtarUltio,97419993,1766
462,joon0sung,90321781,1766
463,Willjo22,88982662,1766
464,whutqiufeng,85267995,1766
465,GWGY,92184632,1766
466,dk_for_game,87743662,1766
467,Dymension,84563034,1766
468,Ngel2,95114102,1766
469,Azoken,83857881,1766
470,gghub,83846305,1765
471,citytimes,95544494,1765
472,ericsabee,83873230,1765
473,qtakj2e,96735538,1765
474,amazingkitty,91975511,1765
475,strange radish,92879266,1765
476,lanshalu,96379402,1765
477,ReCooperative,92708622,1765
478,abc27965184,91308899,1765
479,optimistic-pengui963,98058233,1764
480,Bossa_Nova,93119676,1764
481,gxiaohan,96505568,1764
482,sunbearking,97943803,1763
483,stoic-panda722,97897221,1763
484,brendanjthomson,16308871,1763
485,iwn276,97760498,1763
486,MonkeyinAround6_9,96815284,1763
487,oddandordinary,93162814,1762
488,TiamatUA,84277005,1762
489,lianhaoyu,91091997,1762
490,Fabricez,93746134,1762
491,anonaddict,91267239,1762
492,derekhuo,94707613,1762
493,djl07,94445979,1761
494,jc3635,92225434,1761
495,DDG1999,95879739,1760
496,Terminator Thomsen,95773389,1760
497,Teddy Pancake,92056323,1760
498,Gabor421,84989824,1760
499,PXJQplayer,96885491,1760
500,kevin5208df129494073,90680370,1760
501,SoftChoco24,94525996,1759
502,soaked_in_bleach,93798204,1759
503,zz1230020,94892264,1759
504,justparente,94656232,1759
505,Dramatisch,94833584,1759
506,Stellere,95496754,1758
507,n2309,94913747,1758
508,kazui31,91573665,1758
509,onlyone04,94593544,1757
510,theroarin,97355952,1757
511,Yavyy,97125473,1757
512,Mather,84156984,1757
513,gnz164,97888333,1757
514,yup782,97777398,1757
515,randale_und_hurra,92600865,1756
516,kakaoshkin,92098712,1756
517,Mike Zulu 1,93857564,1756
518,starkrush,90435237,1756
519,Agentus,60242560,1755
520,demian83,33342302,1755
521,crazy-manatee232,97508251,1755
522,stuug,89645503,1755
523,carcassian,95756634,1755
524,Fan83,94684236,1755
525,zqgpj,93854435,1755
526,wangwudun2,96415946,1754
527,wasbjorn,95587560,1754
528,Beammeup87,95056415,1754
529,aoccoa,83866587,1754
530,shikolenko,97092691,1754
531,cby379,96360876,1753
532,stevenlhyeung,96715015,1753
533,su594628025,97521360,1753
534,FAE44,92461793,1753
535,STHaus,94573431,1753
536,Sanctuary L,92928466,1753
537,EastBird,92972802,1753
538,_No_Limits,97866159,1752
539,gck364,97045298,1752
540,The constant,96836394,1752
541,Morgrain,96633018,1752
542,Tryycks,39562274,1752
543,Beeeater,95007152,1752
544,marrom,83846780,1752
545,kriptovadasz,91098713,1752
546,Yukino013,95554796,1751
547,torfiss,97157634,1751
548,fengzhuzhu,97649537,1751
549,feifange,96751895,1751
550,Raisefine,88205322,1751
551,IsaszeXyIlona,96209277,1750
552,nehzumi,96062601,1750
553,0mmx0,93123242,1750
554,MortisVD,86303012,1750
555,uzq309,97810818,1750
556,DougGraves,28822632,1750
557,Tawanda21,93049181,1750
558,zc2833,96554512,1749
559,nights1030,85261380,1749
560,usyu,88530691,1749
561,Lester Burnham,92969515,1749
562,23WithQ,97495343,1749
563,Whykecoakfly,86901055,1748
564,lha123com,30652433,1748
565,dazzling-parrot556,97562465,1748
566,LoonyNo7,94266999,1748
567,Sibkin,95318545,1748
568,Cat_Food,94391749,1748
569,SYSXD,84197450,1747
570,DUNE111,94999323,1747
571,hyang380,97954658,1747
572,Monkeyunit,7261491,1747
573,ujhns,94037448,1747
574,angel2121,84850475,1747
575,mollyisbest,95049676,1747
576,SickMaster,94340123,1747
577,fantasiagames,88243799,1747
578,Jukut,91596966,1747
579,Berthelsen,34368722,1746
580,cuteg1301,92762023,1746
581,Ares111,27669001,1746
582,17-Tree,94952640,1746
583,wanghorange,88377778,1746
584,arane2202,84312426,1746
585,neoAdonis,97242441,1746
586,gnoptar,92861765,1746
587,Pi Pa Po,97519241,1746
588,TUNA233,95850632,1746
589,natongshi,97013166,1745
590,milk dragon,90823783,1745
591,Kemme,92849567,1745
592,Keeefirchik,95310618,1745
593,Daanotkle,96083604,1744
594,DannyT,78208993,1744
595,woowoo01,94077674,1744
596,zaky26,95892885,1744
597,Giorno Giovanna,85079888,1744
598,BS_in_the_sky,97048616,1744
599,ga877439,94175466,1744
600,leleliu,94719286,1744
601,CCU1211,97058663,1744
602,DoctoR CoBRetti,96634300,1743
603,turkiel,91284324,1743
604,matan,85243514,1743
605,DVDvDVD13579,92484270,1743
606,TobiasCat,92886287,1743
607,ClaudeJO,97812432,1742
608,weiwei9,93611355,1742
609,rainlovecc99,97672370,1742
610,12270110,89644742,1742
611,Oo042,94514126,1742
612,tobyskov,92896423,1741
613,d0c15,88715524,1741
614,knf971,97558101,1741
615,Paju_,93885418,1741
616,CerealAisle,86098176,1740
617,Animal king,97770407,1740
618,whillg,96298248,1740
619,TheDoktar,91987211,1739
620,zxzx5zx,92352021,1739
621,tspintetris,88259733,1739
622,wang857,87927050,1739
623,cypresstrees,92136462,1739
624,BraveChicken95,96394580,1739
625,SlothInSpace,90937482,1738
626,zixak,85591727,1738
627,yuyu2424,93821681,1738
628,sirwilliam80,94739723,1738
629,EvoIuti0n,96146124,1738
630,YuanWeiStar,97757285,1738
631,Mahjjima,34194283,1738
632,Matt0623,92777397,1737
633,quiet orange,90829606,1737
634,ResyreV,83896577,1737
635,Philblink,96484446,1737
636,PoPung,87244095,1737
637,patrickwai,91266412,1737
638,tawashi3,93143134,1736
639,giraffe_hannah,94077672,1736
640,thornsill,96481941,1736
641,wanggt,94206331,1736
642,seyjen,93810961,1736
643,xvz326,97729711,1736
644,9505 cow,96999784,1736
645,Rival37,97568037,1735
646,Mubai158y,96974438,1735
647,ThePostmaster,95608605,1735
648,RazgrizChronie,95501593,1735
649,konky14,95327812,1735
650,Zulda,84387079,1735
651,elegant_juliabartog,97357128,1735
652,deadpoolx01,90895955,1735
653,bluepanda10,97648319,1734
654,pxdpxd,96516430,1734
655,CrazyMrAll,94479280,1734
656,yhc9527,96421428,1734
657,1842278681,97587765,1734
658,Mostrom,94827315,1733
659,Orwellis,84088083,1733
660,jjjjjun,94956930,1733
661,ShadowDragon92,95026422,1732
662,Mokam112,88941313,1732
663,Robyn Hood,94057549,1732
664,bicegoa,84147481,1732
665,riptorius,93293963,1732
666,nus072,97592891,1732
667,mochal,95296762,1731
668,Newlife777,95179890,1731
669,LivesInBox,95263184,1731
670,ryanechternacht,86046658,1731
671,Chewwy,85852390,1731
672,answer_uni,97503567,1731
673,kdr234,97653516,1731
674,tianmingv,96384185,1731
675,Hashimoto__kanna,94069236,1730
676,Djuhan,95798015,1730
677,Ryann,83844324,1730
678,yzxcc,97602180,1730
679,KotBegemot,97722079,1729
680,EzalorX,95063524,1729
681,Christer Bansén,94646421,1729
682,Moechtestdu,84937135,1729
683,17yanhuo,95724470,1729
684,EnGoGubbe,95490149,1729
685,facegood521,93486547,1729
686,Moe100,91190326,1729
687,maxx12345,96100135,1729
688,2366439349,97292136,1728
689,cwang27,84213420,1728
690,Holyland,86760336,1728
691,BernadetteBagel,93252513,1728
692,yinwen,84858201,1728
693,JASON_BOURNE11,94774033,1728
694,JontyMC,83845727,1727
695,RogerRTW,95972652,1727
696,Ashonga,96292383,1727
697,TurkeyTacos,92305503,1727
698,Exikm,95629622,1727
699,maajs,87962707,1727
700,Musan,9417080,1727
701,Der_Bobey,91144779,1727
702,escapellar,90567989,1727
703,pattonhelman,92237877,1727
704,argally,85891459,1726
705,psxmd,88523917,1726
706,vincents1994,92683795,1726
707,Petra_J,95236088,1726
708,WinterInCairos,89718003,1726
709,azzzhh,95764182,1726
710,problematiq,92545197,1725
711,Vitalijus,85498916,1725
712,Smoo,1066561,1725
713,GilgameshTheKing,95812007,1725
714,46manjuu,95286106,1725
715,tmxk,93647754,1725
716,EChao,87561182,1725
717,AlligatorMan,97688285,1725
718,KFCVME93,96141592,1725
719,avclampitt1,96967363,1725
720,ksv291,97584047,1725
721,Shartzy,94555960,1724
722,shrodinger,85763315,1724
723,PromiseIAN,92440452,1724
724,crosshappy,96544279,1724
725,Kaisilton23,94762106,1724
726,sweet-crow729,98025696,1723
727,bartvk1,94117069,1723
728,w279700125,96125311,1723
729,tingxi118,92454916,1723
730,Demosthenes88,88581393,1723
731,mushrOOmwars,84841124,1723
732,WatermelonHero,95212822,1723
733,Katyusha and Pikachu,95454579,1722
734,cyan0874,90639339,1722
735,drmacwang,95175807,1721
736,Tukiyori,95795220,1721
737,vvadam,97013104,1721
738,kjr_love00,97489206,1720
739,pavelkra,94775106,1720
740,HeIIo,87659869,1720
741,fuyc,94109191,1720
742,day001,95961187,1720
743,ShovelKnight,85305282,1720
744,Irra_tional,94890312,1719
745,Raty8,85774283,1719
746,sanyuai2,94114859,1719
747,miaojiBOMB,96778258,1719
748,XJCF,94618450,1719
749,Ramonsterchen,87623428,1719
750,micklee705809,96598801,1718
751,MapleKenD,95996922,1718
752,dangerock,38770469,1718
753,lukeaiya,97111911,1718
754,zamundus,97731579,1718
755,Ontamu,83920777,1717
756,eager-bat236,97142294,1717
757,Nushasmall,94807131,1717
758,sbk006,86580306,1717
759,pummel,94854947,1717
760,ppztest006,96561491,1717
761,WannesVyvey,95763496,1717
762,Yuno20220502,96222108,1716
763,litiany,94950295,1716
764,eckvmartijn,95910119,1716
765,Phulla,35959401,1716
766,PaulStupka,92100380,1715
767,rockmanx2021,93551947,1715
768,Paumenn,93898902,1715
769,selwyth,85072583,1715
770,Boborockt,94364013,1715
771,NamelessKW,98028738,1715
772,xsxs123,96602541,1715
773,Louis505,95357036,1715
774,rezett,85447129,1715
775,MrTang3stone,94687241,1715
776,AlexandriaBAbuser,92970165,1715
777,tuschba,95835490,1715
778,purinin,95276995,1715
779,HubrisRakarth,85637820,1715
780,lengjie1234,95320919,1714
781,Aurorian,90008554,1714
782,gua gua gua,91092202,1714
783,Louxor-ya,92739783,1714
784,BDMARS,97864782,1714
785,Steve N,2751776,1714
786,emmmmbarrassed,98066770,1713
787,channelish1,95553868,1713
788,Bluewind0102,94309896,1713
789,FFGGRM,85439539,1713
790,SPZDestro,95147854,1712
791,Nic11111112,89389346,1712
792,hardyzhao,92147740,1712
793,utopia15,95429084,1712
794,Thomas Hougaard,89574035,1711
795,thoams,84173338,1711
796,B4astmode,92737456,1711
797,Dunkel30,94077968,1711
798,COOList,85288480,1710
799,gikgik123,95803129,1710
800,ericlpress,93194072,1710
801,ille450,96613203,1710
802,Qeqe-Racoon,97967065,1710
803,llamafia,97136100,1710
804,silentcj,83889975,1710
805,Epeius,90231693,1710
806,Verena99,96412085,1709
807,marinewordniub,97656848,1709
808,beibeikiss,95802008,1709
809,Johnsoncccc,94634063,1709
810,douganjin,95158777,1709
811,CXBCCC,92969731,1709
812,Daretofly,95421678,1709
813,Xorazi,93987948,1709
814,kbrakke,91713048,1709
815,KFCVME91,96124205,1709
816,Joseph1198,85197151,1709
817,arf999,83933747,1709
818,ArtEntre,88207269,1709
819,spider-ham,94582564,1709
820,calvaria,84401152,1708
821,cotecec204,97242080,1708
822,squidwardhhh,94429629,1708
823,ilw732,97699075,1708
824,Middag,93233762,1707
825,blind2,95341083,1707
826,Quinlan1,95676482,1707
827,RozzaW,88586901,1707
828,Pswnio,88762911,1707
829,HeBwater,95274489,1707
830,JCewe,96929555,1707
831,peisaugachi,95608914,1706
832,CCCChen-1,96866373,1706
833,Yuanzhuzhe,95904966,1706
834,irtranquil,30576691,1706
835,yucky-nante,90047894,1706
836,alunl,88393344,1706
837,Dwx1998,90569188,1706
838,YRXL,95549442,1706
839,1321094437,97019193,1705
840,peter-san,94509324,1705
841,BlankHand,94707078,1705
842,dongdongz,93101083,1705
843,VicVic1995,95673859,1705
844,mjourard,96149394,1705
845,AaronBE85,85499118,1705
846,yhsxxy,95762524,1705
847,moulou1,92476963,1704
848,King161,85369540,1704
849,bgk_zero,90664461,1704
850,lucas777ambi,97418150,1704
851,JosephLawless,87345950,1704
852,diabloli,37382141,1704
853,ItIsRickyAgain,96943599,1704
854,rabbitgeorge,93492999,1704
855,sanlist,97021812,1704
856,NFranklin,89369301,1704
857,wilhelmfors,89948126,1704
858,Brian Tiger,97009647,1704
859,PistachoPato,95116474,1704
860,KFCVME43,97610278,1704
861,ryv703,97909671,1703
862,mathtiger2005,95487093,1703
863,dijkstraalgorithm,97724248,1703
864,Nikach,87877982,1703
865,Knotbox,91856590,1702
866,HeavyKladdkaka,94947404,1702
867,SpencerC,88552119,1702
868,DaDaDaTou,85123309,1702
869,HansDieGewürzgurke,92672256,1702
870,Mattzord,89625809,1702
871,NaDangRan,97482913,1702
872,nikonikoni233,88554418,1702
873,Shin Ramyeon,84849625,1701
874,g_glamdring,74313798,1701
875,KFCVME92,96132939,1701
876,SagiriIsAngry,93161016,1700
877,ThomasPoul,96237778,1700
878,XUMING,96628794,1700
879,kyn560,97452046,1700
880,sssyf,95609851,1700
881,anticapitalist97,91600656,1700
882,murong-xue,97924370,1700
883,kcm341,95940369,1700
884,morphith,95937837,1700
885,Hank-Man,88260393,1700
886,BarneyRubals,86787244,1699
887,HighprinceofWar,7236662,1699
888,Cameron Tucker,95867177,1699
889,Stan2137,89587860,1699
890,lokusr,97177808,1699
891,Scrastolo,83906954,1698
892,melkor123,96799639,1698
893,feranchess,97293562,1698
894,Ibukilin,95135371,1698
895,sura314,97741158,1698
896,Spielemedaillon,95083894,1698
897,Redbuster,95132749,1698
898,slashno1,93267101,1697
899,spitfireharry,17145465,1697
900,yourstruelee,96073802,1697
901,Hydromel,85587017,1697
902,zlorfik,17960944,1697
903,EggRaymond,95272182,1697
904,wdpchuichui,97370848,1697
905,Ben Field,88742130,1697
906,terry0508,83826577,1697
907,JasperEK,95072269,1697
908,Anan1anan,94917127,1697
909,bjj195,96167575,1697
910,ethanisbest,95036393,1697
911,fow746,97509272,1697
912,JohnnyPony,97415239,1696
913,Gornal,83901621,1696
914,haiduk,86236054,1696
915,mapleturk,89213147,1696
916,Montu,83829111,1696
917,shooooooooooot,95094577,1696
918,BroVi,85902544,1696
919,zkfreedom,94408912,1696
920,Falix932,96648705,1696
921,BHYO,96049356,1696
922,benzabill,86633776,1696
923,LDDDDDD,94343654,1696
924,Jiecao1,94865205,1695
925,ddubois,914385,1695
926,fchen4247,97720921,1695
927,woogie_D,93928774,1695
928,Blastobeer,84604161,1695
929,Le spectre,31086688,1695
930,Wakaba Mortis,97452120,1694
931,ROSEALLENzwt,94453618,1694
932,axi11111,95545665,1694
933,hogpog_98,97047863,1694
934,Guillaumito,86441635,1694
935,cun guang,97488087,1694
936,so king,94310784,1694
937,duckmammal,84017990,1694
938,RouBao,92800766,1694
939,piomoc,94819504,1694
940,well-don,97360817,1694
941,kazuhosh,92962119,1694
942,zuke9,92395929,1693
943,lee902,93094884,1693
944,wkccc,94929533,1693
945,kenchu1980,93517940,1693
946,KalecgosK,91130553,1693
947,ritterboehs,97249970,1693
948,ZeirWolf,88971577,1693
949,TheNights7,96407081,1693
950,Knight of Aya,95849090,1693
951,ahonyek,84789791,1693
952,qiyana_,95370940,1692
953,shansz,96902568,1692
954,wasabi3104,84312007,1692
955,Gestra,95022416,1692
956,remilstl,94587394,1692
957,Mikabuto,90038771,1692
958,MangoBubblee,97040483,1692
959,Sheldbarn,85239067,1692
960,Niudaye,94657839,1692
961,VerdantRhythm,97968113,1691
962,Pitufitoo,86871207,1691
963,TundarStonehead,95636136,1691
964,RoyceLin,84152435,1691
965,nice_houyx,97456799,1691
966,Kang17A00,96460201,1691
967,fortunaDP,96950941,1691
968,Tap3D,94625083,1691
969,m2u282,96908645,1691
970,earlytimes123,94389569,1690
971,ryo64,94632944,1690
972,RAKHIM,84374657,1690
973,Osmosmo,89591328,1690
974,BGfootman,97042300,1690
975,brädet,95865825,1690
976,Moonant,95482427,1690
977,DugongEnjoyer,95424407,1690
978,Jacko1235,95204931,1690
979,cxxkxxm,91811048,1690
980,Supbro_Y,96834645,1690
981,PinQ,86485137,1689
982,surfer890c,95485490,1689
983,YorickBrown,94888111,1689
984,JohannesMoth,94534737,1689
985,Kenji_red,94640686,1689
986,bearhunter996,98003026,1688
987,eaking13,93401066,1688
988,Yuxiao_Huang,85008832,1688
989,TheCT,90981590,1688
990,ToaoMT,85411690,1688
991,bentudiaxue,91198519,1688
992,pimmerling,95800855,1688
993,rdf240,88468344,1688
994,HotLavaDeath,89560665,1688
995,ttbb,94350227,1688
996,karlakas,84181418,1688
997,Velotrampler,96406259,1688
998,ThisIstheNight,96256426,1687
999,mesousa22,84723106,1687
1000,Ender_Wiggin,84970356,1687
1001,FuerZuljin,94803118,1687
1002,NBF00,94195914,1687
1003,GeoPiglet,93802295,1687
1004,dbcooper9876,87189106,1687
1005,J-boi,87800502,1687
1006,metro,19426953,1687
1007,r9ize42,95932092,1687
1008,v6getab1e,95689571,1687
1009,deman13,92420655,1686
1010,peeverson24,94533337,1686
1011,jiangnan123,96449612,1686
1012,hushwo,96138126,1686
1013,duroyprofundo,77687241,1686
1014,mightygerm,92682689,1686
1015,tamamushiiro,97487576,1685
1016,abhilash,85810614,1685
1017,TempleLin,96103249,1685
1018,XodKaniom,85309072,1685
1019,humanfy420,97530457,1685
1020,Malygos,84271702,1685
1021,yayapenny,83855029,1684
1022,shova280,94650382,1684
1023,PP_CAT,96636156,1684
1024,NOTHING19999,94739149,1684
1025,DamiSoldi,96903883,1684
1026,brangbrang,93565062,1684
1027,JasonILTG,84029887,1684
1028,mbamber,92172849,1684
1029,758407667,96028165,1684
1030,mad_max426,90429877,1684
1031,SS-LGD,96718094,1684
1032,kimimumu,97371917,1684
1033,amirg,86114395,1684
1034,financial,93928005,1684
1035,killmebaby233,29521050,1684
1036,Kanggu,94866706,1683
1037,AtlasKuma,83981894,1683
1038,olx215,97045323,1683
1039,chun geer tai,94169485,1683
1040,xxmOjo,95064883,1683
1041,JoeGaGa,96678424,1683
1042,DonaId Trunp,96735110,1683
1043,Escalir,94221049,1683
1044,TZHei,92569946,1683
1045,sinchan0706,95118953,1683
1046,xlx5qvv,97719325,1683
1047,Skyrios2657,87251226,1682
1048,donggone,92615273,1682
1049,DanV546,96764977,1682
1050,qwerv147,96685246,1682
1051,KPTang,94760971,1682
1052,Koala0113,92741874,1682
1053,chomkrengkrai,84432648,1681
1054,ziling601,97982723,1681
1055,Boswell21,89494210,1681
1056,LeChien81,96473879,1681
1057,0QIANQIAN0,96859622,1681
1058,shadowdancergr,95556688,1681
1059,whiskypedia,95480765,1681
1060,Lux6556,95839725,1681
1061,rocklee9999,94036828,1681
1062,DogHoney-_-,92563698,1681
1063,Nana7miXING,94400971,1681
1064,akarin_,91342074,1680
1065,humanfy,95383459,1680
1066,feedmm,93108057,1680
1067,epoxid,96959062,1680
1068,momb00m7,94634133,1680
1069,RichardWest,94985359,1680
1070,jinkser333,86922317,1680
1071,xhsbhh,95620771,1680
1072,Tacos et Nachos,95347854,1680
1073,Superjulo,92299024,1680
1074,AGGRODA,94230903,1680
1075,lazieast,97486222,1679
1076,Merchinator,91861982,1679
1077,AlanWaP,96739583,1679
1078,Alone A Beizi,32118643,1679
1079,Underwater Citizen,87781727,1679
1080,kdpudlhxglstksn,96022972,1679
1081,byetmr,93613507,1679
1082,HassyHH,96546809,1678
1083,zafy05,95897652,1678
1084,mengbidelaoshiren,94916054,1678
1085,Fettfjes,84298491,1678
1086,trippdup,95628579,1678
1087,El_Hunk,90571252,1678
1088,jergal98,91379040,1678
1089,Mercury321,95333345,1678
1090,nanyuanyiai,96933359,1678
1091,Roonan,95670141,1677
1092,ahoddir,96822813,1677
1093,MysteryJack,97317728,1677
1094,ImperialStout,84339872,1677
1095,Nasher1976,84803594,1677
1096,aibi,95067277,1677
1097,Wp92,95071923,1677
1098,Lax,2946856,1677
1099,Gnarky,88611248,1677
1100,lanchikiss,23377061,1676
1101,Maxbot10,93924785,1676
1102,half awaken,93186377,1676
1103,G0OD,97365132,1676
1104,NolsBerserker,85110315,1676
1105,zaf106,91572429,1676
1106,MehpistoMiku,97036421,1676
1107,yitu1,96557743,1676
1108,pdpd134,96928056,1676
1109,Grangrog,97632882,1675
1110,rRoooooc,91801048,1675
1111,Vali1590,85604495,1675
1112,Zoo1010,97004524,1675
1113,GaoEy,84484843,1675
1114,2223612456,96389103,1675
1115,yamapa,92973499,1675
1116,rpinheiro,89123043,1675
1117,2021ivan,89916269,1675
1118,beerzon,97572984,1674
1119,thuanphong,91163419,1674
1120,8laoban,96024091,1674
1121,yp1244,95327691,1674
1122,stupefied-pelican319,98012529,1674
1123,tuotuosi,94113746,1674
1124,zfs27,97775021,1674
1125,choifah,94102744,1674
1126,JNaiQ,96482623,1674
1127,clemente96,95840152,1673
1128,paperboi03,83847533,1673
1129,zdk877,97525674,1673
1130,cnbg37,96124469,1672
1131,Vigfus,84018978,1672
1132,chaoji,28815332,1672
1133,boulou2,76903586,1672
1134,d3st76,97203196,1672
1135,Bi6H01E,96444520,1672
1136,yaboyjayce,96970663,1671
1137,citazn,95426807,1671
1138,NoooobPlayer,93086420,1671
1139,WDSnc,96911279,1671
1140,triangleforce,95997311,1671
1141,acesythe,94227792,1671
1142,Koki0802,88062916,1671
1143,James1109,96674284,1671
1144,nobody814,93561127,1671
1145,shadowstorm,84441736,1671
1146,sinnyo,94566753,1670
1147,chicken512,92493564,1670
1148,Rambo Ramon Reiner1,96606640,1670
1149,jaskins811,83838270,1670
1150,BPSwagner,88858078,1670
1151,Dr4gonWu,93140233,1670
1152,Idkany,97342741,1670
1153,zc74560,89987253,1670
1154,kamikakai,96698847,1669
1155,Shryle,94648691,1669
1156,vengeaxenon,87914167,1669
1157,nuowei zh,97133786,1669
1158,zuttoden,85578526,1669
1159,amaama10,85207263,1669
1160,adkotrla,96068015,1669
1161,ZennyCy,84356128,1669
1162,xxsilent_strike,95789672,1669
1163,Shadow00Fox,95622965,1669
1164,sinwaka,95925163,1669
1165,AJT - TeteDeTotem,88844722,1668
1166,FlowwYote,94296840,1668
1167,northland-SNOW,92909793,1668
1168,Viccccc12345,95787691,1668
1169,wlae,95127950,1668
1170,orangehix,92902334,1668
1171,Zzcilyy,94871417,1667
1172,VanCity,84584019,1667
1173,Xoth2,92905462,1667
1174,PUMPK1N-,97770396,1667
1175,MeowMeowHealing,97371059,1667
1176,Block1312,94020266,1667
1177,XiGua9527,96916614,1667
1178,gmoneydr,95551438,1667
1179,KFCVME89,96102026,1667
1180,infinty,88626028,1667
1181,Manerma,88096743,1666
1182,mealich,94801416,1666
1183,uil685,97473739,1666
1184,Niggovic,94351070,1666
1185,fvovcptuow3d,97640754,1666
1186,T4NGz,93993331,1666
1187,Gospod_Medved,87602519,1666
1188,Rosanna0925,95034180,1665
1189,rj645,93540622,1665
1190,creature72,96213388,1665
1191,ryan_1243,93445494,1665
1192,Markus_12,90767965,1665
1193,TeIorast,92387081,1665
1194,slugi,85226998,1665
1195,revamaxx,85732442,1665
1196,Nitroustorm,85438799,1665
1197,lonesoull,89826883,1665
1198,molotovcow,94687222,1665
1199,Maples612,88849298,1665
1200,asiagrubas,84333449,1664
1201,Jonesinger,96522704,1664
1202,relaxed-penguin820,97784092,1664
1203,Blc95,96028870,1664
1204,JohnnyBlaze2013,93755095,1664
1205,Up2Iso,85517295,1664
1206,TemurB,96423098,1663
1207,dreamandpoet,93495842,1663
1208,m0n3,93901102,1663
1209,wanwan7,87728204,1663
1210,takoyakikorokoro,93221979,1663
1211,jrclear,88190614,1663
1212,JoMiStXY,94365327,1663
1213,Incredible_indo,93879491,1663
1214,doasisaynotasido,94705731,1663
1215,hsady,90668598,1663
1216,xiuyic,95057943,1663
1217,ra1dmin,91340946,1663
1218,ArsLoid,96824185,1662
1219,huayanxing,95265028,1662
1220,camelid,94294082,1662
1221,zis300,95972088,1662
1222,Leech2023,94607409,1662
1223,noel344,92026757,1662
1224,Watorword,85023948,1662
1225,Enoch0118,85218491,1662
1226,startrekchekov,84800535,1662
1227,saninecat,95631894,1662
1228,drsteelhammer,88837427,1662
1229,45-7,97999157,1662
1230,boardgamr16,97826041,1662
1231,HellaciousFlame,94975385,1662
1232,chenran,84315570,1662
1233,K uro,85081375,1661
1234,Guojiiii,96813295,1661
1235,faihouji,84446782,1661
1236,Tebal,88880642,1661
1237,dandusz,96468637,1661
1238,YJ2233,94662666,1661
1239,LittleCatto,92907730,1660
1240,ncs7,97440365,1660
1241,whoopsie123,96435796,1660
1242,williyeah,92339039,1660
1243,simon winwin,96679981,1660
1244,MeatScythe,92425920,1660
1245,Netopier,13536984,1659
1246,GoranyKing,94680378,1659
1247,KingLang,84667860,1659
1248,YY114514,92326858,1659
1249,danitake,90017334,1659
1250,esecan,94606198,1659
1251,kuba kale,91227287,1659
1252,Gaandalf,88883422,1659
1253,Wizzlefrizzle,88568325,1659
1254,xing1000,93283803,1659
1255,pbl039,95833974,1659
1256,VIANNOX,98054449,1658
1257,jiuxiangdian,97771136,1658
1258,Rexder,95382207,1658
1259,white_give_king,94425630,1658
1260,duelmaster kmr,94367166,1658
1261,JaBa_theHutt,89647858,1657
1262,JohnnyBlazePL,91686520,1657
1263,Adkhi,95071482,1657
1264,rob10123,94320518,1657
1265,kit0330,88536041,1657
1266,ningning1031,95424549,1657
1267,neonlight07,93623131,1657
1268,Ruben-ii,88170309,1657
1269,M1nD,84467040,1657
1270,LatticeBoltzmann,94790010,1657
1271,dreamy-bear56,97618393,1656
1272,Billy233,85389080,1656
1273,RickyRacc,95491363,1656
1274,M_Grieves,96862068,1656
1275,Pony Smith,96726829,1656
1276,sebinou,84297635,1656
1277,uuop0212,96890267,1656
1278,KFCVME95,96163390,1656
1279,wrdvdd,95429044,1656
1280,irohabito,95457821,1656
1281,Nylez85,96071274,1655
1282,Chupparito,96295011,1655
1283,lihuo,94310243,1655
1284,hnc490,97437259,1655
1285,OzyOsterman,84319551,1655
1286,SharkNova85,93228324,1655
1287,InsightT,96889768,1655
1288,Yideng,90042704,1655
1289,ludicin fans,97963127,1655
1290,Kraplok,96368111,1655
1291,lyfyufei,97857957,1655
1292,mattmatt0623,96078060,1655
1293,perceptful,96080544,1655
1294,aRT_shok,95523604,1654
1295,Buksy,84762717,1654
1296,xushijiepupu,91961920,1654
1297,weiansaber,94512867,1654
1298,zyx1005,91120675,1654
1299,Zesdav,95504772,1654
1300,knetschgummi_,94907628,1654
1301,Thunder1619,88232488,1654
1302,Coolfanjack,95035064,1654
1303,kolishman,87762795,1654
1304,allredx2,94444918,1654
1305,liyiting23,26209302,1654
1306,YouZoney,87986520,1653
1307,tflet,92157222,1653
1308,Sumatra Tiger King,97232421,1653
1309,leon1234jj,93363486,1653
1310,shongz,88384924,1653
1311,Linkangel,92438556,1653
1312,bytr,85322625,1653
1313,OwOvOwO,89644128,1653
1314,xfp799,97525551,1653
1315,Boisblûche,87475813,1652
1316,House Goat,94028404,1652
1317,736452236,97569321,1652
1318,Hoosk,96645386,1652
1319,El Vino,95804358,1652
1320,Simke123,96052775,1652
1321,gergi,85599429,1651
1322,xuechen159,97165882,1651
1323,AX111,96712483,1651
1324,lodkristof,94739995,1651
1325,Corran-,95761365,1651
1326,Kazuma,15499147,1651
1327,Sparrowhawk,1055345,1651
1328,AnitShipBanana,95753068,1651
1329,vix084,97328571,1651
1330,CHKIM1,85605679,1650
1331,yunong01,95995824,1650
1332,asdswsxs,88983874,1650
1333,Red-one,88078824,1650
1334,havdalabills,90131528,1650
1335,mckoch,94126654,1650
1336,Opanpansan,94178392,1650
1337,dagoth_dylan,91819481,1650
1338,--blink--,94405559,1650
1339,MasterMystery,66074417,1650
1340,darreljnz,84479654,1649
1341,ar12312,93933987,1649
1342,sshowtime,97052629,1649
1343,muneya909,94988891,1649
1344,Lacii91,89285386,1649
1345,mickying,91658657,1649
1346,R_LV,95369133,1649
1347,yymh,94389561,1649
1348,NaOH32,94392646,1649
1349,JustKinsilm,96622138,1649
1350,Psch8,96369415,1648
1351,Sasha Lefevre,84227785,1648
1352,matcha7777777,96656966,1648
1353,Gr3y0wl,97577549,1648
1354,Bpei,93986505,1648
1355,DexterXX,94428512,1648
1356,Gochitaro,94294777,1648
1357,daochajiuzha,92058126,1648
1358,BenjaminXie,95105237,1648
1359,Terrance,15860643,1648
1360,felkdav,94221286,1648
1361,wangxiaomei,91917249,1648
1362,knorpule3000,92483308,1648
1363,ica143,95582169,1648
1364,sryforluckydraw,96281952,1648
1365,KEVOHXY,94294894,1647
1366,prajmus_,94159758,1647
1367,Steve_Noy,97904067,1647
1368,avgjoe40,88518426,1647
1369,SheepKnight,95700044,1647
1370,greatwyj1,94956855,1647
1371,Juume,96249124,1647
1372,supu22,96784946,1647
1373,poyuo,95431302,1647
1374,M7-11,93300824,1647
1375,MRQultra,85124028,1647
1376,jfr33zy,97314856,1646
1377,AdaidaiNo1,96470110,1646
1378,beachypoo,94383566,1646
1379,wadewwwww,90974527,1646
1380,zakoko,91786129,1646
1381,cloud_turtle,85226956,1646
1382,Animalfriend,95604380,1646
1383,kwarg,94129696,1646
1384,meavnr1v2dq2,97416189,1646
1385,bear1013iris,97427128,1645
1386,tnikea,84069301,1645
1387,freethrowmerchant,98057884,1645
1388,vikkeer,97068945,1645
1389,Amestris,8312935,1645
1390,TheFox17,95521694,1645
1391,Henkii,95351859,1645
1392,jjeeeeeeett,95848775,1645
1393,Demonictutor,92161752,1645
1394,Brutus330,94114889,1645
1395,LEOMessY10,95451879,1645
1396,Robin_1997,95254787,1644
1397,reborn8787,95298213,1644
1398,AvaX,84958413,1644
1399,Jevi07,94800632,1644
1400,KAPTENENROTFRUKTEN,95929714,1644
1401,Iaranator,91069574,1644
1402,demon Po Kong,94338839,1644
1403,euq115,96719552,1644
1404,Almire,84644424,1643
1405,hieu1998,94037868,1643
1406,AnzeA,95690171,1643
1407,Erfthegreat,88187538,1643
1408,ehzl,91173009,1643
1409,cjflash76,86513304,1643
1410,bumle81,95835534,1643
1411,Sambababal,96165497,1643
1412,Armax84,86226341,1643
1413,qiangbinbin,94449287,1643
1414,harut00,95821381,1643
1415,LOCOSAA,97133609,1643
1416,SpajderDzerusalem,1551692,1642
1417,usunmet,97496016,1642
1418,da0220,97555834,1642
1419,bcrensh,91410201,1642
1420,buckeyeguy15,95472782,1642
1421,tsondger,85635584,1642
1422,OlafderSchneemann23,95220969,1642
1423,KousukeKun,86160271,1642
1424,Xerxes17,85541763,1642
1425,MuJingji,96232022,1642
1426,antaguilar,87906568,1642
1427,bibifricotin28,93208357,1641
1428,aNuBiS_4,96040118,1641
1429,MartinAdler,93294875,1641
1430,Ruppao,93888675,1641
1431,gentlemanjongleur,97658897,1641
1432,Barbodas,96507724,1641
1433,ZTG13,96223379,1641
1434,NaOH23,92352711,1641
1435,hozzi,95081552,1641
1436,ArimakanaF,94630305,1641
1437,loonstar2015,94946234,1640
1438,mulan170326,97376370,1640
1439,kimssk05,88340590,1640
1440,mce637,97946265,1640
1441,cfy685,97750585,1640
1442,houzi0209,84396877,1640
1443,Bin16,85493807,1640
1444,_serenade_,90651996,1640
1445,nfy684,97898576,1640
1446,Kantian Duty,93317241,1640
1447,Avi,1840223,1639
1448,realalien,92971477,1639
1449,sheeo,91301439,1639
1450,Doorak,83903896,1639
1451,Viciow,96598822,1639
1452,hulu1686868,97703001,1639
1453,Ricardo12138,95545823,1639
1454,374714001,93218098,1639
1455,robeaf,88464580,1639
1456,Kanarii,92243957,1639
1457,Gleikara,96328313,1639
1458,Silver121,94878943,1639
1459,AntiTankBanana,95209546,1639
1460,KeeperofLolis,97056265,1639
1461,waytim888,96697847,1639
1462,nicknt899,97536118,1638
1463,Dolcekit,95291118,1638
1464,ganjarlander,95574571,1638
1465,Hanzibal,86374828,1638
1466,draxous_,92910713,1638
1467,asterteam,94607213,1638
1468,Negroniii,85243694,1638
1469,zuiaipaoJ,90903235,1638
1470,miller4460,95918984,1638
1471,goakaki,96334474,1638
1472,Elephantastic,94982094,1638
1473,SliverAsh,91588909,1638
1474,overdrinkgin,95140361,1638
1475,jeffrey13250,94305448,1637
1476,N8waIker,89488771,1637
1477,CirezPrydz,94901630,1637
1478,lanoue01,94115147,1637
1479,MolybdenumX,93469671,1637
1480,huc289,97190307,1637
1481,Arkrandor,97411268,1637
1482,torbuchnew,94103415,1636
1483,honglongweng,92079732,1636
1484,linglinghu5678,95582979,1636
1485,maurice386,97343142,1636
1486,b_vd_b,86567759,1636
1487,Gabriel-Oak,94539771,1636
1488,banan,92489292,1636
1489,jjomedosa,97061601,1636
1490,d3rf1299,86732547,1636
1491,Chairman_Marv,87840567,1636
1492,bbc1122,96917730,1636
1493,wudun12,97348675,1636
1494,Meltapo,95793107,1635
1495,Shaola_cn,96132405,1635
1496,vesper-,98026638,1635
1497,Rust_,95777023,1635
1498,Agatebeo,85223927,1635
1499,dzt_,88494685,1635
1500,hustspy,89421460,1635
1501,peti920820,95586869,1635
1502,50sam,35528096,1635
1503,mkm51,96258990,1635
1504,huangmincheng,95418892,1635
1505,TheRealKollaD,96901698,1635
1506,rookie boardg,97017558,1634
1507,davidb9,84441130,1634
1508,sdsdsdssdafds,94585226,1634
1509,erisalke,92999685,1634
1510,daisten,92393527,1634
1511,Gyorgy,85127763,1634
1512,Dark_Tweek,95439778,1634
1513,Carolyn4,94444118,1634
1514,ichinoseharu,93147862,1634
1515,mmjimmy,84854344,1633
1516,H3rman,90374852,1633
1517,yeason,94434339,1633
1518,ghostdd,87939568,1633
1519,Asuet,93479963,1633
1520,qsyyk,96325296,1633
1521,ChefMatt4,95951538,1633
1522,AvanNan,96812640,1633
1523,wenxin0409,96396334,1633
1524,limnir,94428624,1633
1525,seriously antisocial,94296684,1632
1526,luciferzpt,98000918,1632
1527,Xuan-li,97837886,1632
1528,Daole,93289415,1632
1529,Vinznx,94869209,1632
1530,CafeOle52,95765557,1632
1531,Valscor,93980894,1632
1532,szzqaag,96556838,1632
1533,Ricardo_Zero,92869408,1632
1534,heipizuilihai66,96563403,1632
1535,magoplayer,94530210,1632
1536,Bi6Wh4l3,95887182,1632
1537,adysk,84503166,1632
1538,lukulus74,96904102,1631
1539,soma0430,97462525,1631
1540,Mrhappiness,84153208,1631
1541,alxsmrs,96264435,1631
1542,Armand,83997233,1631
1543,dpdp1242,94754086,1631
1544,wanpiqiu123,91549857,1631
1545,Dallu,95646213,1631
1546,iceiscold,92156616,1631
1547,BestofSNU,92976064,1631
1548,phoenix0903,84298472,1631
1549,shengbro,85753961,1631
1550,qizixi123,96380443,1631
1551,zhejiushiai,95146124,1630
1552,elaineren,95974637,1630
1553,Melkyrios,94242584,1630
1554,Jack shi,92967499,1630
1555,Dong-Fang,93363452,1630
1556,plutocratic,95823246,1630
1557,Fizheuer,89199763,1630
1558,bizarbus,95498202,1630
1559,AquamanBoss,92398786,1630
1560,rEpeius,90156863,1630
1561,Elias Rosted,89715923,1630
1562,vlx961,97765467,1630
1563,MONPQ,94421739,1630
1564,bravetiaotiao,92309466,1630
1565,cocoshot,89851583,1630
1566,laneledge,87394516,1630
1567,DoubleTaptain,86590120,1630
1568,purinyama,86438593,1630
1569,moore,75874858,1629
1570,BearsAndEagles,96072128,1629
1571,Small JPGL Dirichlet,97379210,1629
1572,woelpad,97441454,1629
1573,Mania06,87651704,1629
1574,titinoo,90938628,1629
1575,shinster,87423509,1629
1576,sejong25,83958316,1629
1577,YouBaojun,94088065,1629
1578,yuanhe427fu,97971863,1629
1579,saki7788,93586059,1629
1580,yuanhe420fu,97618530,1629
1581,Mrsun,84295664,1628
1582,Philippogo,96133518,1628
1583,jbbrick55,93298788,1628
1584,SometimesRaining,94957718,1628
1585,Larisa-03,95492671,1628
1586,lemonJercy,95685175,1628
1587,121113295,97622695,1628
1588,bribribrie,96032319,1628
1589,Gen Powell,96689538,1628
1590,Sy1veon,96276096,1628
1591,Krokofant,95690037,1627
1592,sshure,93088903,1627
1593,Ztude,92820945,1627
1594,JUANMENGHUAN,97557657,1627
1595,spwinnnn,92805582,1627
1596,yves_lanuit,94761989,1627
1597,D0ughnut,95560252,1627
1598,StarAndLamp,91666960,1627
1599,stat5216,91828768,1627
1600,dreamerkjh,93694645,1627
1601,maltman,5026424,1627
1602,SvenBeijing,97177819,1627
1603,gtq2,96971334,1627
1604,Zemunee,96321151,1626
1605,la-li-lu,97662381,1626
1606,wanannnnn,93254183,1626
1607,MOUMPA53,98062942,1626
1608,DanyDuckman,93293582,1626
1609,sidalin1321,95846834,1626
1610,Korniiszon,95201802,1626
1611,yuanhe430fu,98033860,1626
1612,checkyu,95093226,1626
1613,Confuc,92263568,1626
1614,KevinYounK,96256234,1626
1615,AI_Du,97960909,1626
1616,FalconPunch511,95069740,1626
1617,Niall,1728322,1626
1618,jezzzzzz,88671266,1626
1619,DanielEngel82,96307285,1625
1620,huy070,97132652,1625
1621,pqn828,97843057,1625
1622,Sekiyaki,94109427,1625
1623,mcknico,94661179,1625
1624,Kamaza,93005840,1625
1625,Nidd Pomme,91807261,1625
1626,lxt2022,93019616,1625
1627,vic8827,94695855,1625
1628,grodi,84428342,1625
1629,homuraww,94575560,1624
1630,CutieC,97897445,1624
1631,IndigoNebula,91254483,1624
1632,Melo763,85354585,1624
1633,Claude826,93699352,1624
1634,RANGO6626,85170006,1624
1635,purplefalling5,97691284,1624
1636,jakeywakey10,96510297,1624
1637,deeezz,97144181,1624
1638,StillKill,93883742,1624
1639,aluxorvin,84392942,1624
1640,Zeffirara,93007769,1624
1641,mzsombor1,8434857,1624
1642,travdooor,95414772,1624
1643,jp65456,97337645,1624
1644,yuanhe421fu,97802388,1624
1645,Skurata,95562912,1623
1646,utopia-yq,97946891,1623
1647,kurohailo,94101510,1623
1648,Allen Evans,96552690,1623
1649,Bunnykept,94992539,1623
1650,devgup,87939185,1623
1651,Olvoir,91466499,1623
1652,Yannick1084,95896432,1623
1653,QK55,94905888,1623
1654,xianxinghai,92949419,1623
1655,OscarLeo,92948972,1623
1656,snyggis2003,86935093,1623
1657,Smart Winner,94607102,1623
1658,seth2311,84345517,1623
1659,Anubis2021,91661573,1623
1660,yuanhe423fu,97833900,1623
1661,Niluk93,95487476,1623
1662,Membochka,94073594,1622
1663,NickyLarson,84879830,1622
1664,Inxoteb,91160005,1622
1665,tqy2101,95377504,1622
1666,Bin1010,92157988,1622
1667,ocollard,86867845,1622
1668,IzaSledja,94264560,1622
1669,BakGwangHoon,93679971,1622
1670,shiren157,89623481,1622
1671,yellowloveq,92396635,1622
1672,gaoyuan0112,97195777,1622
1673,KiTCC,83839920,1622
1674,GuusHJ,87897948,1622
1675,Byte_Force,98027448,1622
1676,Syitnw,97159318,1622
1677,ChRiStine347,92974832,1622
1678,GreetyLuck,95679449,1622
1679,cultry,93245505,1622
1680,atx7541,27396869,1621
1681,sShotrah,83966320,1621
1682,MartoTom,84953013,1621
1683,xCorey,94275041,1621
1684,YBreen,96561950,1621
1685,tyv394,97253988,1621
1686,umi_eiketsu1059,94703431,1621
1687,Benkeye,94495347,1621
1688,loades111,97094086,1621
1689,Seraphsan,92084087,1621
1690,hhhharry,85403455,1621
1691,Azeem_meng,96023128,1621
1692,Charlypizarro,93665443,1621
1693,Bellmaker,10295966,1621
1694,Gutgolf,94489661,1621
1695,Avenger1395,92867059,1620
1696,Night-dyeing,96599535,1620
1697,Player_Gong,97587473,1620
1698,NY Steezy,94471312,1620
1699,takasugi0205,95011494,1620
1700,hardco,88198489,1620
1701,Mrjojae,85144397,1620
1702,NaOH33,94482524,1620
1703,nice-lion736,97615424,1620
1704,F3nRir3,95216857,1620
1705,klusty,84004928,1620
1706,Jacck Bauerr,85981990,1619
1707,billchex,84878657,1619
1708,scottvw,84430015,1619
1709,socoldwood,94838994,1619
1710,warandhope,92330876,1619
1711,EsqSnowBird,89562364,1619
1712,AveMaster,94141880,1619
1713,BBGL,93879133,1619
1714,sunindoor,94982532,1619
1715,HighwayStar,54744607,1619
1716,quillll,96579607,1619
1717,victorioushermit,95438390,1618
1718,Kryel,84473114,1618
1719,smoogums,93208637,1618
1720,qkn626,97473695,1618
1721,Ritter Karottelot,95965244,1618
1722,nistoa,92549895,1618
1723,yangyang0507,97281665,1618
1724,ando-deluxe,86668381,1618
1725,Fonnnnd,96050896,1618
1726,azsxy,95807369,1617
1727,2-More,96419541,1617
1728,ous046,98057040,1617
1729,JIANJIANGGAOYI,85243549,1617
1730,chickenallthetime,95295341,1617
1731,fds,83870538,1617
1732,peterhaw,94795978,1617
1733,Lunat1c,94774889,1617
1734,sqR1210,95355900,1617
1735,xzc370,4269255,1617
1736,chenhenry003,95112378,1617
1737,AemonCZ,97666796,1617
1738,Luna2007,91597602,1617
1739,SiBuXiang,97831121,1617
1740,ZywOo1,97297889,1617
1741,JothY,84402656,1617
1742,zfo213,97559883,1617
1743,luobo_Radish,96438974,1616
1744,gamesliker,96291280,1616
1745,emzerg,95391854,1616
1746,talangloes,94379245,1616
1747,JonnyBlazin5,86699215,1616
1748,sashn,93483569,1616
1749,lion122333,95060888,1616
1750,goviat,96165738,1616
1751,Rob6566,85122079,1616
1752,hjjmz,95658146,1616
1753,ours144,85995697,1616
1754,kreuzbergbier,94934439,1616
1755,Celeb93,95351455,1616
1756,H_k__,93186455,1616
1757,Caviar Rain,97286352,1615
1758,dtien,88035313,1615
1759,cammauta,84720804,1615
1760,Igord Kanoots,88353096,1615
1761,fantyz,92922795,1615
1762,Ashakura,33643513,1615
1763,Kaooruu,96124076,1615
1764,nomoster,95159831,1615
1765,zwz184,97445740,1614
1766,titanxxh,91204276,1614
1767,415180100,97053244,1614
1768,lilzuke,87981121,1614
1769,zz2telet,96294094,1614
1770,Kaijisama,85401065,1614
1771,Lauris7,94681950,1614
1772,AsterBlues,97342418,1614
1773,Krazmov,91725018,1614
1774,zhushen66,96160038,1614
1775,zeitgeist0,94882704,1614
1776,Liu XiaoBu,97009281,1614
1777,hinekoko,93813549,1614
1778,Kchalot,85627083,1613
1779,Corwin007,84493122,1613
1780,ezboi98,96308571,1613
1781,dannn,7054764,1613
1782,BirdGuru,95305576,1613
1783,Frost Polaris,95108866,1613
1784,whxin,96549955,1613
1785,dwarvintime,94276826,1613
1786,izk737,97493017,1613
1787,yang19991222,95942103,1613
1788,Whippet11,86327878,1612
1789,Mic_thu,95649831,1612
1790,MarkusBu1985,97459832,1612
1791,barnev,31018316,1612
1792,zyd1994,96473771,1612
1793,LaLanan,94625441,1612
1794,Coby M,86780433,1612
1795,jingji007,94306177,1612
1796,TimMK_,95446503,1612
1797,pikachewy,95389084,1611
1798,Turtledude3333,94157812,1611
1799,Celebella,96139585,1611
1800,Felipeod,89465683,1611
1801,william80609296,96990532,1611
1802,AnselmJia,85214842,1611
1803,colour pen,95169545,1611
1804,tyalo,95186252,1611
1805,vicroth,97738934,1610
1806,Dream_CACAO,93472544,1610
1807,Adeyno,92354825,1610
1808,Arknovaplayer,94618061,1610
1809,Helge Oberhuber,92141224,1610
1810,cccs12345,84873327,1610
1811,Isametric,87971621,1610
1812,tz535,88299802,1610
1813,Rem Koolhaus,86739800,1610
1814,pjzfcjm,84186722,1610
1815,Wargraith,95584545,1610
1816,fabo12,25682118,1610
1817,a136399658,97208540,1610
1818,shay3527,95217332,1610
1819,KebabLord,97564743,1610
1820,xiaopengyou,85072549,1610
1821,jandin,84302441,1610
1822,StArvid,84569546,1610
1823,Rokafuchs,84307670,1610
1824,Palyang777,97536156,1610
1825,Lemmmmm,93258650,1610
1826,Chairyman,92678969,1610
1827,flyingmuskrat,86237008,1609
1828,DUKE_LUCKY,94675483,1609
1829,ofb655,95621784,1609
1830,Manoter,97811981,1609
1831,tyco7,94975493,1609
1832,ghostwolf5653,96798721,1609
1833,IPAMSTER,91323142,1609
1834,TheStevieT,95302710,1609
1835,perhaps123,94101055,1609
1836,Masschy,30189720,1609
1837,ASDFasdf,92076098,1609
1838,Tee_Bickle,86563029,1609
1839,Normannnjr,94938662,1609
1840,akinyeah,95728458,1609
1841,DrakeStorm,3795905,1609
1842,TheLegoPadawan,95341532,1609
1843,board_game_111,94981425,1609
1844,yondirrr,96259385,1609
1845,colizeumhkt,97669304,1608
1846,cqapp,91097392,1608
1847,bxx321,94875410,1608
1848,Krozzee,88148364,1608
1849,Benny_Balboa,84298460,1608
1850,cavalent2,96085488,1608
1851,wu hen,96798497,1608
1852,Spyderino,96810800,1608
1853,GIO7590,96929364,1608
1854,Ananwenwen,97178023,1607
1855,Duck Kami,95844461,1607
1856,KFCVME88,96094818,1607
1857,93943846,95620055,1607
1858,TEMullen,84659657,1607
1859,Frank66zhende66,95579839,1607
1860,Quattro,84568159,1607
1861,BeItrath,94120040,1607
1862,fredan97,94432952,1607
1863,beeflower,90972602,1607
1864,jalapeno04654,95548547,1607
1865,LittleAlpaca,95926827,1607
1866,Midsoar,95839143,1607
1867,Deemer,83844019,1607
1868,zhunandelong,8377958,1607
1869,EdsonDu,95833972,1606
1870,yuyu654,95446810,1606
1871,keithxu,94946857,1606
1872,yuchen4444,96801794,1606
1873,RLackie,88547680,1606
1874,Whisper117,96006930,1606
1875,déglinos,86711573,1606
1876,Tokuma081,95159434,1606
1877,XZXXZXXZX,95482868,1606
1878,HerbalTesla,90334555,1606
1879,czh530,93294753,1606
1880,TOEYKUBB,96863249,1605
1881,guatai321,94362339,1605
1882,kokomiera,96265327,1605
1883,BraveDaddy,95250853,1605
1884,lutengy,96201815,1605
1885,Manud73,91454232,1605
1886,vikiyvv,96218967,1605
1887,pensive-horse365,97700520,1604
1888,whippersnapper,97562773,1604
1889,q416234q,95657360,1604
1890,exn105,96390366,1604
1891,jpharrison13,94717909,1604
1892,jolteon_sun,95597255,1604
1893,Mr Katze,90182544,1604
1894,realitybytes52,87191062,1604
1895,biggamerss,95731339,1604
1896,bigxvince,93616222,1604
1897,YAMAZAKI BAKING,93934928,1604
1898,ymw321,97699232,1604
1899,stefpenny,84889581,1603
1900,Il_Paninaro,85282119,1603
1901,tichog,93677215,1603
1902,strong9,96193155,1603
1903,OwOOvOOwO,94152678,1603
1904,T3naka,97240643,1603
1905,OverzealousMonk,90993215,1602
1906,LUISMONCHELLO,95246942,1602
1907,MrSuper,84223791,1602
1908,Salat-,97343460,1602
1909,xfzqscdry,96735532,1602
1910,NgDrago,92156157,1602
1911,Louis5151,92187781,1602
1912,ronniezl123,94287444,1602
1913,hot water terasareru,96249105,1602
1914,Bechamimi,84196171,1602
1915,jhzed,95191209,1602
1916,generaf,87151050,1602
1917,yuanhe425fu,97891996,1602
1918,PétageDeRondelle,97616670,1602
1919,iho644,96843626,1602
1920,yuanhe422fu,97815691,1602
1921,WENYU0007,91542667,1602
1922,MidoneKouichi,93868659,1601
1923,lee262880,97083264,1601
1924,kers199010,95342151,1601
1925,Bourrac,94753917,1601
1926,HOONBO,94166134,1601
1927,itzyaboi_awever,95923773,1601
1928,JoeTheSchumanity,85654976,1601
1929,giraff1,95590656,1601
1930,museumgrapejolly,97282321,1601
1931,hys1213,97117212,1601
1932,ArkNovaAtNight,97228956,1601
1933,xuiofundo,90722133,1601
1934,aurepaul,86823643,1601
1935,David_Elias,95338896,1601
1936,luminous48,92663924,1601
1937,HanzyEZ,97241388,1601
1938,Lancek88,96891674,1600
1939,srlpp,95931379,1600
1940,quanquanjenny,95842793,1600
1941,sleepyist,92854547,1600
1942,Avenger-wxj,97843134,1600
1943,pjtseng620,90866595,1600
1944,Nntk,4767273,1600
1945,erlkönigin,95349776,1600
1946,manee135,94480877,1600
1947,F4br1c3,93679437,1600
1948,LuckFxx,95472897,1600
1949,ptswp,93366578,1600
1950,Sidesp,94528608,1600
1951,knbd,96557880,1599
1952,shinyonghyun,95582827,1599
1953,Mannhemer,88845638,1599
1954,Darkpappy,94839493,1599
1955,EquilinT,94160543,1599
1956,crazyfrenchy08,3891046,1599
1957,yuanhe426fu,97933534,1599
1958,helle,89011572,1599
1959,_LANSELOT_,94710156,1599
1960,yuanhe419fu,97582251,1599
1961,tank0201,83905681,1598
1962,SlugMiao,97359229,1598
1963,C_GAN,96878605,1598
1964,HydrargyrumDuke,91215768,1598
1965,0000Milktea000,94569325,1598
1966,Zero6125,92932465,1598
1967,frisch-geduscht,90624374,1598
1968,unruffled-rabbit,97280863,1598
1969,-WonderWoman-,90369620,1598
1970,alonemaster00,94208179,1598
1971,yuanhe428fu,98001712,1598
1972,heyijie2000,95422173,1598
1973,gugul,91650076,1598
1974,g321gg,93648034,1598
1975,Kiwistrauch,97724407,1597
1976,ml514,93253317,1597
1977,phil_stein,94365525,1597
1978,HaskyFDU,90651844,1597
1979,JoeyVong,94657280,1597
1980,Djemba_Djemba,94348756,1597
1981,meng813,96260153,1597
1982,bogbane,89062943,1597
1983,awsl123,96817614,1597
1984,ACR85,86802162,1597
1985,Kitsune1983,34879605,1597
1986,BeiChen0213,92942891,1597
1987,Lin_lindaa,97771078,1596
1988,Foxzibit,95511146,1596
1989,Max_chan,94911601,1596
1990,UltiVulture,90176928,1596
1991,ElMaggie,94875472,1596
1992,Iliasilantev,89739127,1596
1993,DontGiveMeMilk,89490868,1596
1994,devcat,84168151,1596
1995,Sisheen,95435988,1596
1996,CLEARLOVE777111,95942759,1596
1997,qke661,97049451,1596
1998,utp398,97946109,1596
1999,Cho_xie,97591934,1596
2000,freddyphan,91908214,1596
2001,dinestroiba,95825625,1596
2002,ShakeDatDice,96415484,1596
2003,Aaberg87,94407141,1595
2004,Seattle Curry,87958667,1595
2005,rinsmasp,97254131,1595
2006,vft811,95812462,1595
2007,Gomen0312,98055679,1595
2008,sjimo,91392182,1595
2009,Mangogoo,97867921,1595
2010,Isme Daglas,93965367,1595
2011,dumhi,95168978,1595
2012,GloryFlory,93564736,1595
2013,momo233142,97281739,1595
2014,pplskrutt,94624946,1595
2015,wahaha913sky,94893379,1595
2016,GrandBlueLore,96735201,1595
2017,26th_element,91821818,1594
2018,KHun71,90330735,1594
2019,Jason Wang xu,92902236,1593
2020,Kulvinst,83824468,1593
2021,xmf159,98022304,1593
2022,paramaan6,95328408,1593
2023,mmuye,97702253,1593
2024,not_adumboy,97203253,1593
2025,Viceroy,9491185,1593
2026,MOLERO,86550451,1593
2027,shiq17,95893812,1593
2028,_MoMa_,97925630,1593
2029,Tandrei,84611303,1593
2030,kongbaizi,95787042,1593
2031,DevilPlan,97813771,1593
2032,YetiJust,85455513,1593
2033,yuanhe424fu650,97846849,1593
2034,EuroCadJ,94220570,1592
2035,FlyingDeep,83942832,1592
2036,LLMMYY,96573548,1592
2037,Waco Bill,95983107,1592
2038,J A Frederick,95056203,1592
2039,Arlya955,92593586,1592
2040,borobhoy,84391933,1592
2041,wsndnswe,96257466,1592
2042,Prototyp,88393615,1592
2043,SailF,95663775,1592
2044,jingaposs,97166268,1592
2045,Waggi,96896221,1591
2046,Vivian8210,84799166,1591
2047,Rhino88,87886616,1591
2048,Eddos2,95345563,1591
2049,mikarnos,96416106,1591
2050,weavers33,94926380,1591
2051,4444 4444 4444 4444,87125117,1591
2052,papkotruAtec,88736783,1591
2053,totootoooo,95103676,1591
2054,Davchi,88766637,1591
2055,lddbddam,94988802,1591
2056,Qilian mountains,94542866,1591
2057,T0NN0,84875798,1591
2058,MaxAlive,84465095,1591
2059,m2022620,95672577,1591
2060,Krokmew,92113014,1590
2061,AminDiablo,94945724,1590
2062,90091412,90091412,1590
2063,qkb858,97995335,1590
2064,sinkkaa,97778125,1590
2065,ClippityCloppity,98015205,1590
2066,Xidos,95982610,1590
2067,darkcloudv,94651942,1590
2068,aloneintherainz,94823975,1590
2069,TheFlyingArcher,94531650,1589
2070,heejin_rabbit,96474146,1589
2071,ZeckeNeuendorf,96796784,1589
2072,Do0oD,94704039,1589
2073,12qqwwooo123,93948583,1589
2074,Ch0co1ny,96052197,1589
2075,Yy0712,94448692,1589
2076,Br404,94207012,1589
2077,weiweiC,85477744,1589
2078,ohehehe,96215419,1589
2079,Anuna8,94603579,1588
2080,Felor-,96977957,1588
2081,zabr,94975366,1588
2082,Hatesnows,94191828,1588
2083,Rhum2,12563885,1588
2084,Abenteurer 86,89640771,1588
2085,RushNova,96137175,1588
2086,Here_Ly002,95603249,1588
2087,lybwmjy53w2p,97805638,1588
2088,fulljar,85159742,1588
2089,gwp0577,97000550,1587
2090,Martin_Walter,94432789,1587
2091,YYY_1,96149678,1587
2092,gametime101,97413527,1587
2093,Vova_Korobka,23324802,1587
2094,yugioh321,95114258,1587
2095,vaako17,94251807,1587
2096,the_big_Fish,96143890,1587
2097,Seebax89,90783775,1587
2098,lyw001211,94388285,1587
2099,hiltonda,89467196,1587
2100,TooManySecrets,84984933,1587
2101,mobai2013,93832310,1587
2102,Xlier,84192972,1586
2103,RoublardChenapan,85591979,1586
2104,lemengcun,91973620,1586
2105,TOJE,95891217,1586
2106,golgauth93,94404679,1586
2107,sepkor,91996028,1586
2108,Jalum,87821396,1586
2109,Adm11Ricky,97610293,1586
2110,96945726,96945726,1586
2111,sohan22,87852950,1586
2112,Swifty2400,86570395,1586
2113,sisigier,97413758,1586
2114,lilierr,90550888,1586
2115,AGeryCat,96885459,1586
2116,Day106,95548746,1586
2117,OutofExileIntoExodus,97022500,1586
2118,rin312,97611470,1586
2119,seastory1,96529543,1585
2120,EveOneKing,97810874,1585
2121,vlaprohor,96138576,1585
2122,wehann,95389021,1585
2123,PogoOkapi,93813504,1585
2124,Mbkristiansen,95746209,1585
2125,strawhatluffy,95213569,1585
2126,fishermanjim,89637604,1585
2127,Simon_0ne,92542635,1585
2128,Castle_MS1,98017277,1585
2129,Shakespeare1564,88342996,1585
2130,KeepCalmAndWazo,91235933,1585
2131,dayfla,90753401,1584
2132,skyview_dut,92111870,1584
2133,tmi998,84966601,1584
2134,VinZux,97735699,1584
2135,Talisker42,95990517,1584
2136,islxyqwe,96891744,1584
2137,davidcnaoh,84282956,1584
2138,priska1989,94584934,1584
2139,Linken4438,95899591,1584
2140,bbodung2,94380201,1583
2141,--Artos--,94765389,1583
2142,Krokosaari,96182811,1583
2143,jump to bed,96995903,1583
2144,paridaka,89476849,1583
2145,Rymopymo,95383088,1583
2146,tripledentgum,95247729,1583
2147,Elixir15,84465671,1583
2148,lujian520000,94308336,1583
2149,NFS0818,94493720,1583
2150,_Mango07,94907322,1583
2151,barkbarkdog,85435028,1583
2152,dazzling_ww155843997,97506590,1582
2153,Tsirimourdios,94365084,1582
2154,Mossmix,90247357,1582
2155,Urb_Allycat,93062001,1582
2156,beuff,95929475,1582
2157,munpoi,96703210,1582
2158,CrayonMT,94275777,1582
2159,MrMB,84379094,1582
2160,ObscureBirdOfNight,96499516,1582
2161,nemorenot,94995219,1582
2162,DZJ945,97059294,1582
2163,Springbagbag,93749611,1582
2164,yuanhe417fu,97529144,1582
2165,Myoh,85265025,1582
2166,Shelter9527,91224035,1581
2167,xRicardo,97770188,1581
2168,Tyrelanas,84219840,1581
2169,akuai,94255226,1581
2170,lifetaker3000,96560884,1581
2171,xsxd001,91407453,1581
2172,BabaUstun,87812272,1581
2173,Ethereallz,88536201,1581
2174,yllatys,23036752,1581
2175,ice_bin,97045232,1581
2176,xdxy502,96786401,1581
2177,gmoneyt1me,94323200,1581
2178,elastic-hawk343,97169854,1581
2179,Akimio,94663322,1581
2180,xzz_xiaoming,95074130,1581
2181,mikechike,85159195,1581
2182,tek049,97638427,1581
2183,afriskyferret3,96825692,1581
2184,re99,95380317,1581
2185,1010jjqqkkaa,94796494,1581
2186,AgentSmith09,96040853,1580
2187,Digidong,94343112,1580
2188,GrislyBlair,91852012,1580
2189,Exiome,86819525,1580
2190,Feytor,19825170,1580
2191,Wylaryzel,84287320,1580
2192,lalozzz,88633504,1580
2193,ao_hamamin,84933695,1580
2194,ChorongFan,92839083,1580
2195,Dr Kira,95435106,1580
2196,dajacra,73980203,1579
2197,heehan,89682368,1579
2198,Kai Der Grosse 42,92429835,1579
2199,Djalina,3987138,1579
2200,inotherwoods,94285928,1579
2201,rob3621,97131211,1579
2202,SamSkertzzz81,95688238,1579
2203,YoungJae,85231119,1579
2204,dtc961217,97248473,1579
2205,liverpool salah,95183439,1579
2206,KaichaBloo,97537260,1579
2207,type077,95598187,1579
2208,PYER_DE_KUBERTEN,93079691,1579
2209,alfinho16,95977802,1578
2210,CatweazleBG,94422376,1578
2211,arhkit,85444403,1578
2212,Angelady,84253168,1578
2213,8qb47ckngxJp,97071932,1578
2214,Hellfinder,86639717,1578
2215,zerel21,91441444,1578
2216,AlexSK06,96081266,1578
2217,sdmartinca,89973996,1578
2218,Ironvictory,95484006,1578
2219,Eetuliitu,94554034,1578
2220,miss66,84857573,1578
2221,pbk689,97684189,1578
2222,losingreallybadly,91881120,1578
2223,Daniel Boneless,85771614,1578
2224,urk632,97196011,1577
2225,cakepopdance,97239408,1577
2226,DerFabimitderPflanze,91820467,1577
2227,KazamiTori,22854133,1577
2228,SQR_PI,94409075,1577
2229,luxorthegamer,84037029,1577
2230,ostynpowers,86678606,1577
2231,zta090,95501200,1577
2232,Skier70,96043106,1576
2233,Enrique28,95916480,1576
2234,liontailshf,97202864,1576
2235,RyanZBY,91739918,1576
2236,fanqie404,94954961,1576
2237,rikkiranger,91955175,1576
2238,agricola50,89035129,1576
2239,Gucizhou,96065032,1576
2240,HiBigWhiteDog,95608961,1576
2241,UndercoverAgent,95223667,1576
2242,MNHoss,96603117,1576
2243,BlueSwan,84376365,1576
2244,zzzz123439,95952744,1576
2245,Ironbuns,92756651,1576
2246,jjcool2,95594315,1575
2247,a1346,84268992,1575
2248,jrhawk003,92989784,1575
2249,Omalleyy,87712696,1575
2250,486mao,94197720,1575
2251,Biscuit0039,90992591,1575
2252,zza,92210370,1575
2253,cross0910,91519460,1575
2254,Hanley-luo,95117088,1575
2255,Aliandro,96372888,1575
2256,JI1991,95370279,1575
2257,The_Speaker,96358031,1575
2258,chrislimjiaan,84524876,1574
2259,pahomate,95903485,1574
2260,jeanvahisseur,86622392,1574
2261,drouille,85513498,1574
2262,lipu_ding,94407840,1574
2263,yanhuayishi,94930870,1574
2264,mjkoskinen,94589424,1574
2265,PierreL,84451010,1574
2266,ujmhan,90673173,1574
2267,Pomegranada,85245217,1574
2268,momb00m527,97029106,1574
2269,yangmalou123,96626231,1573
2270,zaoshui081,91592721,1573
2271,cattttt_,95540094,1573
2272,Byggemandbob,94989249,1573
2273,Benzawzaw,84750306,1573
2274,Pretpielman,95643655,1573
2275,Plato0314,91388581,1573
2276,rcollegari,85872988,1573
2277,qinian0111,96355754,1573
2278,timecarter,92765205,1573
2279,zwzdej5ug7ob,97769932,1573
2280,daniyuni,95511906,1573
2281,ShrimpBuger,95753538,1572
2282,DJ_Borj,95511538,1572
2283,Macaaron,84212443,1572
2284,Beats80,86754441,1572
2285,TomBombadiil,97148127,1572
2286,GeminiD20,91424824,1572
2287,Foaksi,96487328,1572
2288,zhoulikefish,96610896,1572
2289,SmileyChevalier,95415580,1572
2290,erictime,91690518,1572
2291,AceChang,92721569,1572
2292,amfredde,94479996,1572
2293,waterfish,84073727,1572
2294,Steinsson,95022170,1572
2295,jaclown,93163272,1572
2296,smoothduck15,84725614,1571
2297,AAAllen,95828140,1571
2298,Kermit77,94580400,1571
2299,deepha,94867078,1571
2300,SteveHerbert,87706937,1571
2301,jaychali,97217360,1570
2302,thisisadad,83862882,1570
2303,Stormpp,96024723,1570
2304,marca64,87483373,1570
2305,andyyaya,94666882,1570
2306,kama0,91925839,1570
2307,vcz071,97810758,1570
2308,Joe Orser,94983628,1570
2309,handsomeDudu,96257147,1569
2310,rms3963,95897074,1569
2311,tao123456,97607392,1569
2312,Jams39,88241667,1569
2313,Oxorine,86067150,1569
2314,gergosz,92726269,1569
2315,fxxys,87707299,1569
2316,ceremounis7,90396909,1569
2317,jilebai,92316169,1569
2318,ioesa,95041562,1569
2319,chuansongzhiwu,93369103,1569
2320,jppandas154,95165208,1569
2321,pukilalat3,92050443,1569
2322,luckyHanzo,95348598,1569
2323,last zealous jerk,93630648,1569
2324,michaelfliesplanes,96635266,1569
2325,Ruins,92608957,1569
2326,sentimental1spica,96717433,1568
2327,Goodforus,94141078,1568
2328,cheval_raye,85578828,1568
2329,sinarmed26,97590396,1568
2330,wereldwonder,85318375,1568
2331,iseetheshih,84429810,1568
2332,Nabalt1,91986124,1568
2333,drkeiy1,95798511,1568
2334,megro,83846585,1568
2335,kajaja,94236286,1568
2336,DACATKING,91808333,1567
2337,TTTiger54,92563226,1567
2338,RamuneGuy,88955129,1567
2339,AzzBzz,83925906,1567
2340,EiskalterRegen90,95648915,1567
2341,DurdleGerg,86875937,1567
2342,22You2,95503347,1567
2343,heiqiqi0822,94468175,1567
2344,wangqiu,96632590,1567
2345,igorer,95342852,1567
2346,omk393,96278094,1567
2347,sberi,95578035,1567
2348,qqxs,94280471,1566
2349,RedDust,86071247,1566
2350,Gummi1013,88667959,1566
2351,ljxngift,30612112,1566
2352,Wifrules,85059154,1566
2353,Akagi29,96568996,1566
2354,Hafu25,97481980,1566
2355,MilanDz,96293241,1566
2356,dafeiaki,95326217,1566
2357,nomorl,96516958,1566
2358,t3trinetet,86580688,1566
2359,13anKz,90782146,1566
2360,Kojtic,84015415,1565
2361,Salvo76,85863474,1565
2362,david he,84668175,1565
2363,nnjc,94607246,1565
2364,r44v,84550284,1565
2365,LZQC,92919623,1565
2366,wentaowulue,94890848,1564
2367,ivan Argueta,88069483,1564
2368,T_Rex,41714449,1564
2369,mmanch,95299209,1564
2370,TheRealBeane,92705407,1564
2371,Leafly,84349711,1564
2372,sixthsense75,94087907,1564
2373,ponkicho,93709482,1564
2374,BarnyCFC,87461467,1564
2375,Accalmie,2384641,1564
2376,marge2,94989321,1564
2377,jajozh,94955120,1564
2378,IwillDraw,96984317,1564
2379,ryk311,97344116,1564
2380,Emmanuel321,96880210,1563
2381,tvxqzyjgj,94263707,1563
2382,polaris537,96302767,1563
2383,WhyNick,97716500,1563
2384,festive-fish176,97040478,1563
2385,lildreamSun,97026298,1563
2386,Zoo Manchu,95455618,1563
2387,2063753255,97061822,1563
2388,heyitsmyturn,94538782,1563
2389,non-green,88522947,1563
2390,w4r4myr,84976202,1562
2391,KaiKB92,95785957,1562
2392,RobsonUnited,96607230,1562
2393,Fizbobo,90642482,1562
2394,aupetit,86194845,1562
2395,SuperRich,93735987,1562
2396,nsmvc5,95626229,1562
2397,c0lumn,96924451,1562
2398,monkins,92972968,1562
2399,InFistLee,88691014,1562
2400,Free Boardgames,96205833,1562
2401,qlz326,97335858,1561
2402,Slevix,84636650,1561
2403,El9noz,95519190,1561
2404,QKN,93387016,1561
2405,maig123,84514438,1561
2406,ritterjahn,96832141,1561
2407,Cocoglory,90760851,1561
2408,logiclover512,94078577,1561
2409,yuanhe418fu,97544775,1561
2410,Jollyl3EAR,88725051,1561
2411,MYGO SOYO,97443993,1560
2412,wooliss,84974454,1560
2413,Isaacdnt,94001984,1560
2414,worow,85373474,1560
2415,SamWham,94434392,1560
2416,bsddhqn,95952738,1560
2417,roosifur14,96987518,1560
2418,Buliano,94610946,1559
2419,Fresh84,95776120,1559
2420,djudjudeb,85032496,1559
2421,Harqalada,85652434,1559
2422,MantisTobogganMD,94474917,1559
2423,lichall,96676548,1559
2424,Captain Spatula,84461308,1559
2425,Omnifarmer,95733591,1559
2426,hoony92,95602082,1559
2427,Phottor,96165067,1558
2428,CurtainMaek,96590257,1558
2429,whisnana,95196176,1558
2430,leech2024,96531582,1558
2431,rpopr,95003210,1558
2432,Latroiv,94701258,1558
2433,hate dice,91524142,1558
2434,Mahabufu,84918860,1558
2435,Leglessness,94549761,1558
2436,joshp0407,92707612,1558
2437,ppky000,97581593,1558
2438,sayh1gh,95152869,1557
2439,wakeupattwilight,97693087,1557
2440,ybj0309,91903691,1557
2441,Borstimus,94889112,1557
2442,ButterflyIntheOven,92461868,1557
2443,LawSilver,95723478,1557
2444,The Daviator,86356824,1557
2445,Settledowngamer,93136383,1557
2446,Steammachine,85146292,1557
2447,Geralt030,94676173,1557
2448,greathaakonnehring95,97619113,1556
2449,yuuri_riri,93887667,1556
2450,fleeting water,97072840,1556
2451,RomeDubbs,96363014,1556
2452,Oldchiiii,95006494,1556
2453,vorph,88171967,1556
2454,gBerggeit,85577605,1556
2455,K-Pistol,86138975,1556
2456,begggah,95387138,1556
2457,MichuToJaChyba,88929743,1556
2458,elwirfo,85528330,1556
2459,tamakoko,85275387,1556
2460,SoAmazinglyBad,84203336,1556
2461,yuanhe416fu,97483035,1556
2462,ThomasOmata,90369024,1555
2463,KIPI00,95863928,1555
2464,MrMaymay,94734537,1555
2465,uexpmebk,97107862,1555
2466,kinco4tc,96192512,1555
2467,xzh233333,90804294,1555
2468,supealen,93766767,1555
2469,RentonRaider,95237627,1555
2470,innovation813,96664691,1555
2471,la la lol,94626001,1555
2472,baycpt,94595194,1554
2473,xiaoyanggao,92800946,1554
2474,scarypumpkin,97029153,1554
2475,yokoco1027,94510130,1554
2476,k4tt,95088764,1554
2477,EE127,95812205,1554
2478,applebeer,94028747,1554
2479,DukAmok,85958067,1554
2480,docoter,84934133,1554
2481,Schredder,95299661,1554
2482,Pandevmonium,83844308,1554
2483,sandnfire,92079545,1553
2484,Moo81,90584211,1553
2485,bodof1,95237219,1553
2486,Fiebster420,96324926,1553
2487,Quadparty,85899990,1553
2488,Blindair,95485965,1553
2489,cko576,97761904,1553
2490,freehowl,93671178,1552
2491,sandre35,86709915,1552
2492,yanxi_,97770378,1552
2493,TanmieZel,95391693,1552
2494,ho1ost,96555588,1552
2495,surssy,96099564,1552
2496,BAmbooEW,95704267,1552
2497,bik195,97824006,1551
2498,funny-koala264,97692012,1551
2499,CastleLing,95669812,1551
2500,LCerr,95887137,1551
2501,xiangxiaoyu,96885656,1551
2502,Juomari,96162391,1551
2503,fengqi929,95944277,1550
2504,Dreyfuss12,89098500,1550
2505,Rick Muus,85760343,1550
2506,mcboyes,84460077,1550
2507,crazydanejones,95087493,1550
2508,Berlyan,95370603,1550
2509,Lord Chanter,85228695,1550
2510,Hmmya,84469731,1550
2511,SaschaStark,89657746,1550
2512,smoothziwi,96311476,1550
2513,zrm631,97558345,1550
2514,laynewebb,88376997,1549
2515,FightThePowah,88351909,1549
2516,silver33,92619284,1549
2517,Angrond,86535552,1549
2518,Awesimitus,24878560,1549
2519,wzyjerry,94385046,1549
2520,laxdog,86549198,1549
2521,bitou33,92496593,1549
2522,myrgen,93528184,1549
2523,dpxssss,86848713,1549
2524,Nocilo,96340845,1549
2525,FergieJ,85528215,1549
2526,cranesflyhigh,95240579,1549
2527,Kyrsimys,95619371,1549
2528,Fredrenovation,89170144,1548
2529,Jip15922,97376203,1548
2530,zycccccc,95632620,1548
2531,especial20,93651498,1548
2532,Tamedknee,87871231,1548
2533,liuxiaowu,97342756,1548
2534,AmonSanzu,97582764,1547
2535,Tuzki,34487401,1547
2536,Abeeeeeeeeeee,94100933,1547
2537,Sommos12,95873616,1547
2538,qianlu59,97602292,1547
2539,yucai,95297684,1547
2540,kay015,97189905,1547
2541,lyzzgx,95714089,1546
2542,wangxiaowei,96401875,1546
2543,Leonardo Peguini,91044976,1546
2544,910JQKA,91827947,1546
2545,lyyyyyu,89977038,1546
2546,jack21407,14953804,1546
2547,fireflys,95240074,1546
2548,mateopau66,4466541,1546
2549,Nankee,95354432,1546
2550,akaReject,93847723,1546
2551,601549436,97737621,1545
2552,MiamiFi216,95633476,1545
2553,justamjd,95826739,1545
2554,1alicez1,96178631,1545
2555,Agiagi,96362634,1545
2556,xingchilalala,94962294,1545
2557,zhanjie47,93570405,1545
2558,chenlin1218,97715212,1544
2559,Maikdus,94452007,1544
2560,aefhiogaming,97753396,1544
2561,NDIrishGuy99,95213175,1544
2562,Cossmo,84448502,1544
2563,Shelly13,85258151,1544
2564,PontusQM,91997048,1544
2565,micusilver,97610630,1544
2566,mulqmook,85968997,1544
2567,Stackie7,95633903,1544
2568,Tandloze,84525712,1544
2569,confoot,95347736,1544
2570,Carrot-Luv,94441717,1544
2571,Nicolasvdh,84484707,1544
2572,ylang824,95753189,1544
2573,3zxbhscf7gak,97861735,1544
2574,tatama02doi,95422657,1543
2575,BalloonFirm,86563408,1543
2576,Jecoluce,94865522,1543
2577,Fantasy_Official,93204385,1543
2578,Xtc0102,97500603,1543
2579,Yelenafree,94799447,1543
2580,gargantu,84891407,1543
2581,Anser1049,95887214,1543
2582,FMFMR,90973854,1543
2583,LudiFred44,85649701,1543
2584,angdavid,96091652,1543
2585,Detiger27,97007269,1543
2586,ruru52,94778750,1543
2587,ZZZWF,97627027,1543
2588,RenegadeCracka,96092496,1542
2589,anthar,83908978,1542
2590,wanan1991,97679017,1542
2591,Schizofranz,85837660,1542
2592,toraratora0704,96742109,1542
2593,Andrethegiant,85582951,1542
2594,dhyman925,95591231,1542
2595,yzlyx,95468015,1542
2596,on9on92024,95278542,1542
2597,FélinAgneau,94344434,1541
2598,Burgos,85044413,1541
2599,super203,96077823,1541
2600,Szentes Richard,93921018,1541
2601,Snafu58,93126527,1541
2602,Lynch_vikki,97397474,1541
2603,arnoldpower,97478764,1540
2604,Bravo141,16149758,1540
2605,yunchetuo,96281150,1540
2606,and1bro,96469758,1540
2607,rconner,96804423,1540
2608,Boyofthefuture,86578081,1540
2609,Carasama,95039054,1540
2610,fandesali,96891734,1540
2611,PhatGimli,96982647,1540
2612,schmidskatze,94584397,1540
2613,yskysk1029,96685646,1540
2614,deadkev,97741606,1539
2615,BGlajiA,97814508,1539
2616,Redemptionfu,95573369,1539
2617,GrimmyX,97328683,1539
2618,ByCh,95355322,1539
2619,Lord Havenlängsten,95151607,1539
2620,arsss85,84791912,1539
2621,BootyMFG,88621438,1539
2622,Valea1,85978484,1538
2623,mrfishtail,94242564,1538
2624,CustodioDan1,94490545,1538
2625,BryanL,84903887,1538
2626,JIJINFrank,97950452,1538
2627,nooks,87880290,1538
2628,ali20070823,96961751,1538
2629,zajpit,97850859,1538
2630,Cuckoo6490,90575252,1538
2631,star0420,95759036,1538
2632,titanangel,94462698,1538
2633,Horst der II,89786431,1538
2634,Boeno,87838962,1537
2635,girlyrobot,95061572,1537
2636,Boomer007,96099245,1537
2637,hru150,95879720,1537
2638,Modin,86441777,1537
2639,BerlinerArche,95909001,1537
2640,lover245,97746177,1537
2641,Frido90,90869498,1537
2642,Gipsos,94481700,1537
2643,Barly20,94746016,1536
2644,lululululucy,94501259,1536
2645,Laaan,84170037,1536
2646,TinyFAS,92316292,1536
2647,SGo23,87309025,1536
2648,pangbo,94060600,1536
2649,PrestageHolmes,94489766,1536
2650,Moooooooooooo0o,96011386,1536
2651,Sharon1204,91108415,1536
2652,topdogfederation23,92076087,1536
2653,e_tersk,88582900,1536
2654,chungypoo,95282411,1536
2655,KOTOBUKI_TSUMUGI,95191324,1536
2656,gxk972,97422565,1536
2657,soratajxt,96120416,1535
2658,MagicMaettes,88434413,1535
2659,fthuning1,89079774,1535
2660,QUEYANG,97728558,1535
2661,perilous_pelican,97620400,1535
2662,Darkyun,97287901,1535
2663,Pat497,96665852,1534
2664,iirosss,96977074,1534
2665,Landdropper,85073968,1534
2666,512cjcj,97264267,1534
2667,Josia227,96117784,1533
2668,ex_mikado,93277346,1533
2669,egirel,97747345,1533
2670,adx07,95535531,1533
2671,Jedixc,85406411,1533
2672,nophateepalm,96425155,1532
2673,Angry_huaji,97553867,1532
2674,-Aventus-,97857417,1532
2675,brave-goose131,97698023,1532
2676,Dogtian0202,94806141,1532
2677,arkalex,95683273,1532
2678,zorghk,13747232,1532
2679,mattshaw98,95262892,1532
2680,WUK7,92766196,1532
2681,flywolfw,96132208,1532
2682,Saigyouji-Yuyuko,97847420,1532
2683,Raitei87,96748837,1531
2684,astrotrudy,94369205,1531
2685,hiimcalvin,45822930,1531
2686,LovelyFish,96193509,1531
2687,Ikaris0324,91646960,1531
2688,ChonkChonk,92302578,1531
2689,Hiérakonpolis,93685650,1531
2690,OfficerKrispy,86874128,1531
2691,Zeeebass,93029304,1531
2692,JongSeok Bae,85032190,1530
2693,Zclzy,95000912,1530
2694,Weewa,92574695,1530
2695,calmer-ways,96566555,1530
2696,crazynightatthe,96344970,1530
2697,Ayrow33,96608094,1530
2698,RalpHog,93633593,1530
2699,Deekoh,84947633,1530
2700,MichiW89,95432695,1530
2701,Khoiace,97414193,1530
2702,ISwearYouImNotSab,85021183,1530
2703,gamergirl1994,94572698,1530
2704,Avorax,95433760,1530
2705,madsovich,95112503,1529
2706,MarsMonger,91734600,1529
2707,Pips_In_Profit,97066179,1529
2708,Valdebum,95422739,1529
2709,Savke,87301732,1529
2710,wleme,94641985,1529
2711,Fanta1999,83983702,1529
2712,Alex0526,96401668,1529
2713,Aladinskii,93700314,1528
2714,DARDEN911,95782744,1528
2715,AliciaPees,94050239,1528
2716,migu89,94367436,1528
2717,GuardLlama,88788938,1528
2718,BossLOU,97529707,1528
2719,darki3,84793613,1528
2720,bosh_iron_golem,94841114,1528
2721,TXC Surprise,95349252,1528
2722,1622,96520486,1528
2723,Obade,88542643,1528
2724,TheAmericaExpert,97217382,1527
2725,ElJefe81,95447587,1527
2726,kof2076,95615296,1527
2727,maxczz11,96334890,1527
2728,QualityMojo,83912482,1527
2729,mihudajiebao,95506831,1527
2730,Stuncle,96336582,1527
2731,jing_ting_shan_hai,97273259,1527
2732,miniPENG,91228652,1526
2733,CrvenaFronta,94640210,1526
2734,saouldure,89319747,1526
2735,krunx,87524804,1526
2736,Snooze951,88861412,1526
2737,TheMeepleArt,85716725,1526
2738,MartinD,85846386,1526
2739,kazumama01,91732438,1526
2740,Nythas,3905644,1525
2741,Febyo,85467962,1525
2742,TerrorCrew,95795630,1525
2743,Christian Hohmann,94357097,1525
2744,Darkbright6,95310057,1525
2745,DesperadoQAQ,92356048,1525
2746,Lj0123456789,95842234,1525
2747,amp_troll,94299537,1525
2748,faust3672,89014406,1524
2749,Jacky He,94313073,1524
2750,Kareu,94139574,1524
2751,Henke79,88830068,1524
2752,monorum,96198142,1524
2753,Glandor Hooverstein,93444502,1524
2754,padrefinancia,91940735,1524
2755,gegedoushirencai,95709734,1523
2756,karnokrat,95456491,1523
2757,pddk1,93170253,1523
2758,Chielius,94202215,1523
2759,GlansOfGloff,94173600,1523
2760,HannHere,93531223,1523
2761,cocoblu,57735797,1523
2762,Marssssssssss,94049866,1523
2763,lanshuilonglong,96024575,1523
2764,Mensa King,95215527,1523
2765,zfs02,96326623,1523
2766,zombie0518,88763599,1522
2767,Chicobing23,97249641,1522
2768,DoctorFianchetto,94076822,1522
2769,y3LL3r,84115271,1522
2770,lucasandradefisico,84292680,1522
2771,gaokai,96722771,1522
2772,Friends6,95666446,1522
2773,l53kfpzht1jt,97833372,1522
2774,ike shark,85595364,1522
2775,ben19880220,93762449,1522
2776,8SloBlackMamba24,98035343,1521
2777,King of CHN,97166008,1521
2778,Popof,85759352,1521
2779,Don Worry B Happy,95507248,1521
2780,Matrim214,93014808,1521
2781,Dalulu_fr,91760574,1521
2782,loosen,92143883,1521
2783,HuevosRancheros,88678485,1520
2784,s384102104,97674656,1520
2785,Joneyy,88803841,1520
2786,Masnonet,85516982,1520
2787,lucius777,97636888,1520
2788,hias77,95695291,1520
2789,Seu Boneco,84702599,1520
2790,Elizau,86298124,1520
2791,Gentle M Charming,96585154,1520
2792,Yiuuk1,95907125,1520
2793,HOLYquacaMOLY,97006424,1519
2794,HeeroChris,97261202,1519
2795,board8989889,96111153,1519
2796,pajdo19,95990713,1519
2797,JustJelly,92971313,1519
2798,toyong,89786033,1519
2799,focused-llama572,97371162,1519
2800,king8243,83957437,1519
2801,pnr873,97955763,1519
2802,Nevermore_dyx,92657280,1519
2803,Djackalle,94359994,1519
2804,HikariMM,93727168,1519
2805,Goldenmania,84346385,1519
2806,Theerathatja,92624266,1518
2807,skrhao,93978923,1518
2808,SpearsMartinTroy,94207052,1518
2809,theophilos,94101427,1518
2810,Firdorn,92714536,1518
2811,furiko,94297659,1518
2812,Zico Aragon,95202486,1518
2813,Andywhy,91409858,1518
2814,HououinOrange,94354619,1518
2815,HoneyFist90,91137352,1518
2816,ch68ocgj,96621388,1517
2817,randouuu,94061147,1517
2818,holyhunter1,97484136,1517
2819,RayRayRay888,95956965,1517
2820,FloZ_7,96442864,1517
2821,WhereDidYouPrep,94611974,1517
2822,lukin013,89869225,1517
2823,Questern,96581859,1517
2824,yzhstc111,97846893,1517
2825,bluefreez13,95582748,1516
2826,pegasusstampede,83912692,1516
2827,SupraNano95,96355923,1516
2828,cndota,95668708,1516
2829,Guzzikin,95127623,1516
2830,sssss333,87164491,1516
2831,Ralqa,95351299,1515
2832,gregory96,95529963,1515
2833,JasiekPrawdziwy,84391133,1515
2834,randomness0,93505921,1515
2835,RicHunter,95051175,1515
2836,tixty6,97608746,1515
2837,y695444005,85093854,1515
2838,Kakwan,84015586,1515
2839,sr4444,94822168,1515
2840,kot33,97276773,1515
2841,Samos89,96060858,1515
2842,rautisbebetsu,95826693,1514
2843,CRonaldo777,93513090,1514
2844,wellchs,95500760,1514
2845,Cajun Viking,95415980,1514
2846,d0beye,96222111,1514
2847,DxKxY,96230007,1514
2848,inf672,97525407,1514
2849,GhoulofGSG9,95104291,1514
2850,playsg2,94130175,1514
2851,Wind Singer,94992898,1514
2852,skiper077,95447578,1514
2853,haript,97617166,1514
2854,purplefalling4,97672792,1514
2855,kazusanosuke0823,91111767,1513
2856,R2D2Skip,94417376,1513
2857,Dress80,95118064,1513
2858,mmmoooooommm,92613529,1513
2859,Easonsixsixsix,92738692,1513
2860,star0824,94235898,1512
2861,vctrw,91005754,1512
2862,Tatertoteatalot,95529184,1512
2863,Elfbuster,93169903,1512
2864,shi-nian,96436012,1512
2865,Kain123,95573808,1512
2866,870080825,97856027,1512
2867,ZiggiT93,92697891,1512
2868,kuneeee,96669880,1512
2869,akauntoak477,97139737,1512
2870,215715003,96287361,1512
2871,Knight Zero,94949458,1512
2872,goujiang,96503602,1511
2873,AlainBardini,94275489,1511
2874,jun73669,85459301,1511
2875,Shhmanduh,88386282,1511
2876,Arte_Legend,83964959,1511
2877,heg964,97677068,1511
2878,Din Karman,90889706,1511
2879,Kerubin08,84532848,1511
2880,thewrewkcs,93190494,1510
2881,Chrisnizzz,86500165,1510
2882,makatoula,84066383,1510
2883,Treasure chenxi,95689188,1510
2884,Climb On,97378619,1510
2885,RoyalKarma,85868155,1510
2886,imllkxs,92541257,1510
2887,tofu13579,92254888,1510
2888,summewint,90689773,1510
2889,Palitoz,88749409,1510
2890,BluntestGlobe39,91746241,1509
2891,gudwns603,95429918,1509
2892,leafleafovo,96087072,1509
2893,presared33,97482060,1509
2894,ppkillua,94331439,1509
2895,Sheepinc,96828938,1509
2896,MoesesBM,94506581,1509
2897,ykm027,97224107,1509
2898,noorapupu,97097734,1509
2899,dem28,91816289,1509
2900,Mosdi1980,94334311,1508
2901,hottea386,95242843,1508
2902,scooty11,95629348,1508
2903,Pealk,95497854,1508
2904,Ideology,86917992,1508
2905,KasuganoKinne-Re,97553041,1507
2906,Cocopug,91605331,1507
2907,brendanm,12322052,1507
2908,zvq346,97446434,1507
2909,bastieH,96527370,1507
2910,Kenneth S,88716591,1507
2911,duizhang123,92396082,1507
2912,frosty-dolphin165,97509850,1507
2913,TrickNic89,94912236,1507
2914,Hoto2009,96484954,1507
2915,kroni,85763157,1507
2916,papounet74,85394001,1506
2917,523914354,97274606,1506
2918,Nicolexx33,93966554,1506
2919,GeertNL,88519740,1506
2920,Aquilon,85060986,1506
2921,Secret Ga,91655846,1506
2922,ramiresu55,96841133,1506
2923,abonwhiskas,95883292,1506
2924,gryfyn1,83887101,1506
2925,0snowcrane0,94035409,1505
2926,ArkadiiP,97550838,1505
2927,Rozqobets2,94354988,1505
2928,analyzechris,85391185,1505
2929,JeSuisMatt,89366854,1505
2930,IcingDeath857,88700409,1505
2931,PresidentXi,95638780,1505
2932,jacky9,84555599,1505
2933,Riory08,84815488,1505
2934,deweeey,97014755,1505
2935,luthrel,97638990,1504
2936,ojlxroo,97024713,1504
2937,Orange222,88508770,1504
2938,borja68,88915223,1504
2939,InstaNomadic,88413292,1503
2940,EmmanuelKant,88783125,1503
2941,Super_Ming,93826019,1503
2942,lys94,95002145,1503
2943,DufGnar,86351329,1503
2944,tak0108,92897959,1503
2945,ZkZyXiaoJuan,96010307,1503
2946,rakass,95298696,1502
2947,Jas1024567,96054077,1502
2948,Poruchik,83888026,1502
2949,Tonalt,90102940,1502
2950,Titims,94306281,1502
2951,YAMASHIN,84391678,1502
2952,Typicalduck,89723923,1502
2953,sketrik,92350062,1502
2954,Zaelkar,39655297,1502
2955,linyihan,97076956,1502
2956,LiGouDan01,91183274,1502
2957,halailai2,97445786,1502
2958,elistein10,97773344,1501
2959,Seiso,84620585,1501
2960,TheRizzzler,94301101,1501
2961,Gaborpapa,94676053,1501
2962,Pintuu,90098160,1501
2963,yy1688,95007369,1501
2964,inside_number_9,97393789,1500
2965,victor0lynn,11787258,1500
2966,lisamarieking,94371451,1500
2967,Tarish,96590513,1500
2968,headsoap,91617018,1500
2969,EuSuntGiGi,93343373,1500
2970,Dogelas,94497393,1500
2971,liuqytjueducn,96240021,1499
2972,Inquisitor9,66646358,1499
2973,puizeru,91412542,1499
2974,unorderedmap,91056246,1499
2975,hiro17,84618025,1499
2976,Luzzzzo,88756540,1499
2977,big big monkey,97413303,1499
2978,Londrien,93603653,1499
2979,knownothing0629,95243974,1499
2980,Saundog,96382799,1499
2981,cuipiji8,95833809,1499
2982,nekoDan,95363287,1498
2983,Bernardo Bazone,85612174,1498
2984,legozu,92398683,1498
2985,HCche,85024475,1498
2986,xy952700,96500284,1498
2987,a535641350,94359746,1498
2988,Ice_change,97473948,1498
2989,patio-d,94323208,1497
2990,Sand_Baby,83837261,1497
2991,amadeux,83927021,1496
2992,Captain Qt,96524102,1496
2993,shutzy,92223791,1496
2994,ukii0811,95544589,1496
2995,hydralisk_896,95119136,1496
2996,Paul F,84375276,1496
2997,kalkaoual,1591303,1496
2998,SPikeStaAr,94406053,1496
2999,JensTT,95792910,1496
3000,grimmjow91330,95455634,1496
3001,cupinseemoon,95598022,1495
3002,Dries450,87567403,1495
3003,talentdeficit,94626374,1495
3004,genrand,6848270,1495
3005,Koncert,85312636,1495
3006,r1hcgo,97577302,1495
3007,Tazdr,87682348,1495
3008,Prosperus,86746051,1495
3009,scritch86,90169775,1495
3010,Traconis,89523908,1495
3011,HppyFt,85834588,1495
3012,yezi777,97521197,1494
3013,chendoubt,94401855,1494
3014,Joe Steele,94330942,1494
3015,winter Dates,96480422,1494
3016,QllQ,95047217,1494
3017,Lemmings,84048225,1494
3018,pangbai2b,90905311,1494
3019,Gero33,94382911,1494
3020,Halli_Hallooo,96122704,1494
3021,Gedutis,85180490,1494
3022,hellohello33,93830523,1494
3023,apexbreebird,97696561,1494
3024,83333,97089097,1493
3025,Aain_,96849880,1493
3026,Choco_23,95685288,1493
3027,mosesclearswater,97029050,1493
3028,SnarkyGinger,97108800,1493
3029,Nansouu,90849435,1493
3030,wuersan,92780765,1493
3031,Birmingham Winery,96076752,1492
3032,Tenebrane,84311487,1492
3033,DBerglund,89874381,1492
3034,Mukinb,95679465,1492
3035,emute,84207486,1492
3036,dada623,83841975,1492
3037,WooStyle,97662185,1492
3038,psobbfan,92669040,1491
3039,Gauchograndy,86666242,1491
3040,ll92,87810938,1491
3041,blurrr1998,94980259,1491
3042,JJJiaaa,95624438,1491
3043,YjwZ,93124273,1491
3044,iriszzzz,97263329,1490
3045,Nomoral,93126668,1490
3046,eason_1shen,96632445,1490
3047,DadoMaestro,94742804,1490
3048,Link_hero,94718990,1490
3049,WXsama,94628041,1489
3050,phlying,94488927,1489
3051,Dunnerkeil22,95349081,1489
3052,ddngg,96159371,1489
3053,Philou2801,85720257,1488
3054,potyid,97390745,1488
3055,Frathussy,96638124,1488
3056,2597337075,97658793,1488
3057,Flaem,84674840,1488
3058,OMG_I_LOST,94694460,1488
3059,somans,94891168,1488
3060,makasi1978,92354310,1487
3061,Joker0429,94911326,1487
3062,smuikq,94667304,1487
3063,ssr_eth,96983514,1487
3064,Royalde,96889882,1487
3065,qiqi12560,97484522,1487
3066,Stobbe2,89369299,1486
3067,Niclson,91396112,1486
3068,yw_jobby,88942101,1486
3069,Mongoose01ca,85451811,1486
3070,The Gamesman,93044454,1486
3071,laff-00071,97759367,1486
3072,Ella_is_alive,95865530,1486
3073,benzkungnarak,92614782,1486
3074,runetraeholt,89376980,1486
3075,Bevanslaw,85700291,1486
3076,xxkifxx,85514483,1486
3077,swolpoll,90330864,1485
3078,miyanaga saki,97746297,1485
3079,xiaoyupwww,95440477,1485
3080,flowing poison,93229253,1485
3081,lv3curtiss,84335732,1485
3082,zufours,88203018,1485
3083,trisun4fun,91584847,1485
3084,iccyab,85307489,1484
3085,IzZI127,85256255,1484
3086,kwxxixi,93308570,1484
3087,ChesterDeBester,88024028,1484
3088,Marebre,94475581,1484
3089,Flinky1,93149448,1484
3090,fayss38,93685321,1484
3091,ZjwY,97754349,1483
3092,Galnar,85915778,1483
3093,Groemar,94053023,1483
3094,chenhx,96271878,1483
3095,Nouko_,96631065,1483
3096,botsur,85186774,1483
3097,saldiasmiguel8,97044303,1483
3098,Puguny,94024031,1482
3099,apogeu,95804381,1482
3100,GiorgioZ,87762815,1482
3101,CHENZOUZOU,96105545,1482
3102,lofixop481,97052723,1482
3103,Carlo_VS,84012586,1482
3104,mesag,85354908,1482
3105,Qingcen,96733460,1482
3106,koboldyyz,95188268,1481
3107,newbietop,92437801,1481
3108,Djibonus,96806703,1481
3109,Illasos,96137892,1480
3110,enfp-t,96953601,1480
3111,jacedu,85459109,1480
3112,Dark Apprentice,95100655,1480
3113,Dawn_CTT,97283992,1480
3114,brendabai,94709259,1480
3115,ThorgrimThunder,83907724,1479
3116,XxLöfflerxX,96388672,1479
3117,Fujibakama,90624269,1479
3118,I3raVo,92470954,1479
3119,ElVikingo73,92601687,1479
3120,ADTeaching,84180052,1479
3121,morsocute,96882448,1479
3122,petr577,84533326,1479
3123,Countercurrent fish,96196158,1478
3124,sabsew,90842314,1478
3125,wecarealot,85732341,1478
3126,GrandDed,95584568,1478
3127,Allendana,93140259,1478
3128,legasteropode,86100915,1478
3129,mrCAS,96662908,1478
3130,jbeaulieu646,94850460,1478
3131,Giuseppe8,89423018,1478
3132,Moonstone999,95085604,1478
3133,Yal1shanda,97142381,1478
3134,cwpll2,94077991,1478
3135,MPouf,96764903,1477
3136,zeroser,95586608,1477
3137,qianyeluofei1125,96282749,1477
3138,vermella,96264317,1477
3139,verylargephatboy,95306456,1477
3140,xvt808,97559826,1477
3141,Valh3ru,97328655,1476
3142,wingspend,96468264,1476
3143,timilon,95490866,1476
3144,Taratafus,85443243,1476
3145,Zsgergoe920607,95847800,1476
3146,suwako_cola,96865604,1476
3147,DumplingOvO,96989076,1476
3148,believer9,97692312,1476
3149,leonling,95991232,1475
3150,hu3153,95535688,1475
3151,VLgx99,94582349,1475
3152,Quinmu,96392502,1475
3153,udarevvv,97674811,1475
3154,epic-alpaca962,97319686,1474
3155,dengjx6,97404951,1474
3156,mangomadman,94798731,1474
3157,PersonaSY,93664150,1474
3158,vasean,97562048,1474
3159,Lorindion,93340346,1474
3160,Lgtmvlnc,94444347,1474
3161,Demostiny,92315952,1474
3162,JohannV,95069929,1474
3163,just a peasant,89474426,1474
3164,girele,90305627,1474
3165,u_u o_o,95974025,1473
3166,liang1988,91014143,1473
3167,DavidBadalona,63441048,1473
3168,beckerc,2278646,1473
3169,zachgarcia,94382064,1473
3170,dailyigor,97458096,1473
3171,Omelet79,87914743,1472
3172,BigGreenMelon,94472463,1472
3173,Galdor_Luelle,95975484,1472
3174,ursohaha,96954883,1472
3175,Devier,7076316,1472
3176,geicok,93864425,1472
3177,Tiki Lover,95201622,1471
3178,qaz123gai,96104905,1471
3179,Yunch123,96258150,1471
3180,backfiring,91319372,1471
3181,Angus MacDeth,89340130,1470
3182,Viscum coloratum,94536272,1470
3183,doraemon tabletop,84058435,1470
3184,jRs80,84743920,1470
3185,Pppip3,84465322,1470
3186,The Bag Inn,95247425,1469
3187,Rojaz,85220751,1469
3188,BBuRingCheesebal,91180395,1469
3189,wabbwyw,97592226,1469
3190,paracetamololo63,97894194,1469
3191,UnMagu,94591500,1469
3192,eifen jing,97622939,1469
3193,yoondaekang,97479595,1469
3194,Sidamos131,85330580,1469
3195,mochioka_mochi,85183100,1469
3196,GoldenSea,94849099,1468
3197,HulkAG007,91121759,1468
3198,Likkle1,13407681,1468
3199,s redhat,83948108,1468
3200,Donus,3044936,1467
3201,Theion,95727329,1467
3202,BizarreSour,94913600,1467
3203,Paulx1x1,90658502,1467
3204,Guodong-,93058981,1467
3205,Dantedoo,94507351,1467
3206,ciz296,97436922,1466
3207,newssss,97929911,1466
3208,Articula55,93858406,1466
3209,jfbus,94841914,1466
3210,Ginny Jin,95541045,1466
3211,Diminouille,96457792,1465
3212,RivaIIs,95160327,1465
3213,ljaeger2001,84355091,1465
3214,LoveStar1,97052216,1465
3215,Domalama728,95300621,1465
3216,Re Federico,95184762,1465
3217,bingzwy,95002251,1465
3218,DuoDuoTeam,93197481,1464
3219,dudel26,94639087,1464
3220,andypants40,94965436,1464
3221,BlueSteel,35702251,1464
3222,sekiechooo,94997391,1464
3223,schmuspel,96152618,1464
3224,kacangpanjang,88252041,1463
3225,knish21,87555605,1463
3226,sidfreeze,92071959,1463
3227,The Starling Show,84804338,1463
3228,warieyemii,95939896,1463
3229,Ulski86,91748713,1463
3230,sharkaaa99,96627041,1463
3231,richgoldpizza,94767284,1463
3232,B0llehenk,87437016,1462
3233,adhocmenagerie,94476035,1462
3234,sweet-elephant513,97848095,1462
3235,JoeExotic5000,87207448,1462
3236,magina54,94338969,1462
3237,Bennea,84642847,1462
3238,QuinnVN,90658706,1462
3239,lianego,92157053,1462
3240,noahjt2,94550465,1462
3241,spango,84814440,1461
3242,provokinggg,95689355,1461
3243,ParticleC,97061402,1461
3244,haneul-so,84060632,1460
3245,PrestonyStark,97198775,1460
3246,MOMOMO234234,95951442,1460
3247,Latsyrc129,89461192,1460
3248,DarthAlbus,88937987,1460
3249,romance900,94254384,1460
3250,suny03ua,88616973,1460
3251,zendeno,94586822,1460
3252,gregorythepigeon,96804723,1460
3253,LP041,94330943,1459
3254,moon wb,96551212,1459
3255,TrinitSSN,92683604,1459
3256,Jemlarixe,87204367,1459
3257,payles,97131847,1458
3258,laoHJ,92858578,1458
3259,Kierstey,83977736,1458
3260,shecon,75349551,1458
3261,mount-lofty,91451153,1457
3262,ZHY_yy,97317703,1457
3263,twp016,96585274,1457
3264,gonzoalfonzo,94800353,1456
3265,RolandoRonaldo,92102199,1456
3266,richelieuOS,94033376,1456
3267,iliiliili99,94442145,1456
3268,nxvnadia,97652294,1456
3269,yamakeka,94184931,1455
3270,Swheinix,97027999,1455
3271,baohcl,91378605,1455
3272,tuoas,84169556,1455
3273,crazypyroz,95538436,1454
3274,Lauta,92904261,1454
3275,Martin_49,94077727,1454
3276,rin yu tao,93086752,1454
3277,NicoEscabo,95236314,1454
3278,HORIZONPIU,92405936,1454
3279,murrrrrr123,96219280,1454
3280,Rudimentor,94664889,1453
3281,I3lackAdder,87760772,1453
3282,Igor-ace,97886624,1453
3283,Stefinelis,84416510,1453
3284,HD_Wang,97557609,1453
3285,LOYETE,97765211,1453
3286,johnbyui,95552136,1453
3287,Hae Seong,91357735,1453
3288,Gilgameshzero,92478873,1452
3289,timelapze,95467261,1452
3290,Elsiecd,94700635,1452
3291,Bokkel81,97543243,1452
3292,Aaricia-Thorgal,39360898,1452
3293,dearever11,97679952,1451
3294,Immopp,84530029,1451
3295,Elvisko,92255531,1451
3296,haoyunlai94,95534825,1451
3297,Zajcu,88799451,1451
3298,pagyew,89796518,1449
3299,OliBoardGamer,89365992,1449
3300,Agramer,94264591,1449
3301,frangge86,90736630,1449
3302,Quinlanvos,96934142,1449
3303,Karijin,89812462,1448
3304,rastko,83923321,1448
3305,knappeca,97629132,1448
3306,beikeqinshou,84486675,1448
3307,arcgisforron,91997015,1448
3308,touch_fish,92566197,1448
3309,saibottsag,86439802,1448
3310,ComboBell,95154806,1447
3311,Rekulati,95108895,1447
3312,Mystar,85066694,1447
3313,finwe1880,88557101,1447
3314,Nilis,85380966,1447
3315,litchi060710224,96729494,1446
3316,livetune kz,96302590,1446
3317,Quetzalkev,83954895,1445
3318,faulie,96231566,1445
3319,CaptainLeeroy,93165574,1445
3320,tttomleung,84240656,1445
3321,ShadowLiran,85055077,1445
3322,P_FTER,96154087,1445
3323,DubuSalad,92705859,1444
3324,pahs-cat,94380029,1444
3325,Aglarel,1219528,1443
3326,SerenaYHung,91646546,1443
3327,diluvien,91764064,1443
3328,StarGate,33210087,1443
3329,Dylz321,95879979,1443
3330,1120304320 whale,97574165,1443
3331,k4r,44186487,1442
3332,LuoXuHui,92334403,1442
3333,544817593,95649554,1442
3334,Dadyny,94183948,1442
3335,Bounette999,94686444,1442
3336,purplefalling2,97423845,1442
3337,a1basxewxzub,97455074,1442
3338,seol_lot,97893822,1441
3339,RIMBarisax,84658544,1441
3340,urnotwrong,96183543,1441
3341,Gmaestro43,90363410,1441
3342,East_Sea,92351079,1441
3343,_HAPPY_,97349696,1441
3344,9140,92483108,1440
3345,MikkoAL,95129017,1439
3346,Allekey87,94909772,1439
3347,DALI136,98024532,1439
3348,Shibarino,95334240,1439
3349,chad7882,90498574,1438
3350,HarveyAlmighty,92930807,1438
3351,TjorbenB,94045995,1438
3352,darrowirongold,94452536,1438
3353,Sacrifar,84832745,1438
3354,mata,4608085,1438
3355,SantiHM23,86182289,1437
3356,LSausage2,94641260,1437
3357,DiterVd,93840567,1437
3358,masterfrisbist76,86352034,1437
3359,ChioneWinterfury,90593489,1437
3360,mccoy1,87712975,1437
3361,adburger,93942887,1436
3362,Piierluck,96434977,1436
3363,nzsthl,95189584,1436
3364,Freude25,88259342,1436
3365,XDCRichard,97506018,1436
3366,Igna_20,94724561,1436
3367,winperfect,97819964,1435
3368,yonkman32,88023657,1435
3369,madzerker,85595981,1435
3370,joker-jake,97067279,1435
3371,sunana_suke,94656826,1435
3372,YOU2024,95749384,1435
3373,CarltonMilford,89229841,1435
3374,bebebic,88218409,1434
3375,CH-Gregor,97652897,1434
3376,luowei930410,96012773,1433
3377,crossingwalls,85536843,1433
3378,bigking,23977353,1433
3379,nyr851,97584046,1433
3380,Doomgate,94955294,1432
3381,tinchoacade,97518613,1432
3382,bigbadgoosey,95520577,1432
3383,TETSU88,92184852,1431
3384,WeirdJerk,95825117,1431
3385,koinegauhito,95748083,1431
3386,babagrinch,95348808,1431
3387,Tothemoon05,94515425,1431
3388,frankg_212,94635069,1431
3389,shogi_neko,90981707,1431
3390,salieri12138,97436145,1431
3391,cnbg84,96204931,1431
3392,X Turock X,92511378,1431
3393,FloWitt,87938673,1430
3394,Dundo77,96025354,1429
3395,shmilytyz,96417368,1429
3396,Subbak,91298192,1429
3397,woohyuk,85048029,1429
3398,Tine1802,95115048,1429
3399,1171449953,97857416,1428
3400,Commonplayer01,94324558,1428
3401,19max91,90041124,1428
3402,petereg,91900088,1428
3403,EVA809,92241379,1428
3404,uqz708,97521030,1428
3405,KushMory64,97054934,1427
3406,wkwkss7,97566753,1427
3407,synL0812,94995089,1427
3408,Itegal,93472274,1426
3409,RolandWithers,94929578,1426
3410,psippola,89716747,1426
3411,zhongthegreat,97499010,1425
3412,Kronsteen97,95508613,1425
3413,Pola Bear,86006485,1425
3414,nicklima24,89804289,1425
3415,Shiimay,95352548,1425
3416,nanaya77,91489089,1425
3417,Danthemanrocks,26324976,1424
3418,Power_T42,87204250,1424
3419,dragonfly007,95401617,1424
3420,Leirasffff,95157594,1424
3421,grossq,92916452,1423
3422,ighorteixeira,97731439,1423
3423,Tiitom,87438641,1423
3424,sedrik00,92555554,1423
3425,kampfrabe,84700901,1423
3426,baby1123,94489379,1422
3427,qmzmf,95249846,1421
3428,Tsunachev,96990979,1421
3429,polza711,88013203,1421
3430,3235396383,97713326,1420
3431,Sönke1189,90705908,1420
3432,SaMatra,21764473,1420
3433,chesskikok,95579803,1420
3434,Duchess_Jenifer,94879803,1419
3435,Astro-123456,95361987,1419
3436,Hiede,87116596,1419
3437,arnaulowry13,94451275,1419
3438,marineblu,88322952,1419
3439,KrassPanda,96135442,1419
3440,cOlman14,84871892,1419
3441,0oZKingo0,94478355,1418
3442,butchii,97090257,1418
3443,dinokat,89095716,1418
3444,LJanos,84307252,1418
3445,Elsabela,97067686,1418
3446,genya157,84311148,1418
3447,Paullliiii,97788554,1418
3448,Carlos-lam,93853637,1417
3449,dochi33,96146097,1417
3450,Stylefruit,94895837,1417
3451,ambushraspberries,88072805,1417
3452,DeAl3,85457181,1417
3453,frischesVeltins,93024653,1416
3454,Shinsooooo,96078945,1416
3455,AJCIII,95943391,1416
3456,debrupa,88535709,1416
3457,Dw60,96762975,1415
3458,zhanx,90951086,1415
3459,JazzK83,94894271,1414
3460,MilkyK,95501945,1414
3461,dimongo_O,97367805,1414
3462,JerBu,85835357,1413
3463,bebgui,91511523,1413
3464,Kaffeefilter,94648397,1413
3465,aedzuko,96721157,1413
3466,trondurt,96947059,1413
3467,Rouuliaa,94394727,1413
3468,uppel,96898807,1413
3469,otokim,85131185,1413
3470,Portland08,95505002,1413
3471,rht646,97455752,1413
3472,gfizdek,84581673,1412
3473,Stzzz1102,97737717,1412
3474,AngelGG93,94673649,1411
3475,Saunanissen,89622746,1411
3476,Bokinho,90339153,1411
3477,CarterDZ,94467672,1411
3478,hadvig,91723786,1410
3479,pedrillogdl,93256403,1410
3480,Zavanz,9772341,1410
3481,21stMoonlight,96419552,1410
3482,Kratos011,96130270,1410
3483,cheeky35,84578471,1409
3484,Kilo_Watt,94521270,1409
3485,da_Ruke,97841364,1409
3486,MottyPT,95167653,1409
3487,mahakasyapa,94625109,1409
3488,Roobid,85429639,1408
3489,GehLordT,96448129,1408
3490,JakMink,95686181,1408
3491,suo2001,96731154,1407
3492,boardgamesmue,93909596,1407
3493,yvd976,97437002,1407
3494,MidnightMist,92346002,1407
3495,baihanl2,83867577,1407
3496,Mr Bojangles,89021456,1407
3497,chagaman,83838150,1407
3498,Andrewhy,92044627,1406
3499,inte,84278765,1406
3500,babouic,84324568,1406
3501,maliu7777777,96096066,1405
3502,maxbeatking,89200888,1405
3503,Lisza,94691566,1405
3504,bnorrac,85996339,1405
3505,chuckerace,91227313,1405
3506,Yarina-Z,97041109,1404
3507,cuberner,86668551,1404
3508,pandkten57,94457852,1403
3509,Melodia,84779027,1403
3510,Tiggaro,93795485,1402
3511,Flying_Monkey,94246891,1402
3512,Latronibus,83874671,1401
3513,RhinoBro,95619157,1400
3514,Galiquany,84203186,1400
3515,Xenath09,95094659,1400
3516,Lord Monke,97715721,1400
3517,sollywhy,94855765,1400
3518,BROJIN94,97915742,1399
3519,oli360,97104405,1399
3520,SaberDrake,94611960,1399
3521,Guiguou,85759597,1398
3522,medlo30,97994010,1398
3523,AaaaaaaaRrTtttt,94682844,1398
3524,Vexedo,91924364,1398
3525,gregparso,93699849,1398
3526,RBVS,87560236,1398
3527,bluelok,88858438,1397
3528,gzyxxia1799,97261575,1396
3529,xnu,85218294,1396
3530,selfee,86241731,1396
3531,MrSophokles,94919312,1396
3532,Gytissan,90089943,1395
3533,sjcl76629171,91346259,1395
3534,abbydixon,89728552,1394
3535,bunnyjuice,84080571,1394
3536,Bertrand_,85531270,1393
3537,UR1CH8,91655358,1393
3538,MaximilienLeblanc,96862178,1393
3539,Zacostav,94705070,1393
3540,Vae-OY,97455882,1393
3541,Pa3k27,91402757,1392
3542,Dragoonwildfire,95462968,1392
3543,Kapteeni5,88484472,1390
3544,Polavski,93117249,1390
3545,erythropus,2039422,1389
3546,yoddelinyogurt,95270502,1389
3547,DH76,88929861,1388
3548,837711354,97743210,1388
3549,notkoi,94714809,1388
3550,KaMaKaDzA,90011061,1388
3551,svenSolingwn,93165330,1388
3552,ku0n0,92568046,1388
3553,tanaka705,90759909,1388
3554,kochun,87565745,1388
3555,Gleb166,95201804,1387
3556,samallgrey,95141509,1386
3557,KyleCoyle,89240078,1386
3558,Bogweasel,16722063,1386
3559,khesha,94698623,1385
3560,Sakura13495,96717109,1385
3561,laoluloal,97676016,1385
3562,Ffk12580,96610801,1385
3563,manuarch,95101623,1384
3564,NNMilan,95873106,1382
3565,Faazzz,97473661,1381
3566,adgeyDApagey,95085438,1380
3567,GeneralAMF14,94622913,1380
3568,SMACKPEACE,84875129,1379
3569,naurarice,89630325,1379
3570,zalarg,29674631,1378
3571,holyhunter3c,97683247,1377
3572,antiprogrammer,97081531,1376
3573,lanzhou321,94340231,1375
3574,A9da9m,94963615,1373
3575,ohkub,94768339,1373
3576,filipporio,84163109,1372
3577,Temza7,94391883,1371
3578,azcats2002,43599321,1370
3579,smugskull,38589596,1370
3580,Hermesssss,85137223,1369
3581,fronzonight90,96562969,1369
3582,gpolin,93668955,1368
3583,quicklyslowly,85050457,1367
3584,Greensong,94506680,1367
3585,Thibautv,85983213,1366
3586,DonkeyBanger,94281596,1366
3587,Wizardzombe,95600096,1365
3588,cysrabbit,90032150,1364
3589,YangL,96377608,1364
3590,saltandvinnychipies,95591364,1364
3591,Huffle15,85597135,1364
3592,Fiffoos,91493453,1363
3593,MNvikings8,92720361,1363
3594,ahe8,97161621,1362
3595,adrii_no,96261084,1362
3596,BonzofSteel,87821023,1362
3597,Meng Shang,94108197,1361
3598,dawood,372650,1361
3599,User123456,96395174,1361
3600,nichenlas,97318921,1361
3601,El_Misericordioso,94755399,1360
3602,miwu123456,97564182,1359
3603,saibothh,86372861,1359
3604,BitterLemonCurry,84551583,1358
3605,tjr_y,86210115,1358
3606,daFool,1971504,1358
3607,kptainkirk,95008489,1358
3608,Unangbeses,94602151,1357
3609,idum,2430867,1357
3610,ASAP828282,94538373,1354
3611,Atlas8004,92783623,1352
3612,jonahm,88176557,1352
3613,TTXW0710,95647901,1352
3614,Faceless_UA,94595842,1352
3615,Sleipsnilen,94866358,1351
3616,dotul,90956449,1350
3617,CocoPetitSinge,93492964,1350
3618,BioMAN,83990746,1350
3619,xiexinlonga,97539464,1350
3620,WarriorPaco,96673873,1349
3621,dangerK,94119350,1349
3622,Huang_Boyi,88973523,1349
3623,vospeh,84823340,1348
3624,AlexFiorito2022,92432842,1347
3625,Sirmalion,89285791,1346
3626,Nurcio,89975372,1346
3627,friendly-jellyfis280,97757702,1345
3628,7_hachi,94795645,1343
3629,Frantz Von Rheinetem,85790382,1343
3630,gifted-owl88,97273100,1342
3631,janinho221,97205730,1341
3632,DummerSchimpanse,95485383,1341
3633,sanellebasi,85823307,1340
3634,F_S_C,97546162,1340
3635,DrewWilliams9,91062393,1339
3636,Ohmikron,85064524,1338
3637,EliBaloo,90258729,1338
3638,willou76,94346000,1338
3639,thetiger08,94266888,1338
3640,LalaWalker,91312421,1337
3641,Mateica12345,94908568,1336
3642,Yoimiya_,91903952,1336
3643,Kat5318,93532478,1335
3644,marionblc,94299942,1335
3645,MoooNtato,85707366,1333
3646,zappie87,83934592,1332
3647,rokaz9,96512461,1332
3648,uaknrek,91135141,1332
3649,Milcrovic,94758248,1331
3650,blaugreniak,94676648,1329
3651,HansEllinas,84357418,1328
3652,ninpoyo,84795828,1327
3653,Benjamin Hau,94591111,1325
3654,momi510,83955479,1324
3655,XDragoner,96535476,1324
3656,Mykadlo,93013301,1323
3657,HannahLH,95056640,1322
3658,Alexia507,91247520,1321
3659,alonzoyuk,92733668,1320
3660,ngocnuchankinh,95690737,1320
3661,Fully,13214358,1318
3662,Savage74B,88205169,1317
3663,H E F F,89859983,1316
3664,JayLou,94533006,1315
3665,vacation_in_germany,91305009,1314
3666,ralindel,20519639,1313
3667,Jlampert,95505578,1312
3668,SharpMii,91050334,1312
3669,Elkadain,95460841,1311
3670,pukommastekuchen,93462523,1310
3671,Morgalad,84397364,1309
3672,dram86,94303078,1308
3673,Neva97,88094460,1308
3674,PandaPie1,92530392,1303
3675,Hochdahler,87052463,1303
3676,midar76,90290349,1300
3677,lorelia,84630349,1300
3678,SbabbaroX,85460172,1299
3679,AlgebraistPoney,84721013,1297
3680,2648583424,97167153,1292
3681,daysofjuly,92079049,1292
3682,carleyer,85905243,1291
3683,mrbiao1993,96656220,1289
3684,arubyn,84357237,1288
3685,Paulus Toronto,85852351,1282
3686,WarEagle53,94400489,1282
3687,daisyzoe,95793800,1280
3688,Claymer94,94595899,1279
3689,kaiorani,95726269,1273
3690,Samgeise,91166934,1272
3691,Ceelou,85104461,1253
3692,gaga0409,97670504,1236
3693,malyvinka_the_best,96517544,1235
3694,admea,14416757,1227
3695,NicoNico_8,95644779,1226
3696,Michikiba,95200786,1222
3697,o_or,97197442,1209
3698,BookSavvyKat,92320263,1190
3699,sabine2210,93171023,1159
3700,sharonbdd25,97074834,1134
