#,BGA Name,ID,Rating
1,What How,97462972,2208
2,duyanhcao,82653384,2106
3,Chen233,89148114,2106
4,LXYR,96155907,2102
5,t3734920,98282400,2099
6,Window56,94675560,2096
7,Vespera77,98731092,2086
8,sorryimlikethis,86346298,2079
9,human_light,92255273,2079
10,fqk003,98066506,2065
11,JDansp,94308984,2052
12,fgffsgs,92566177,2051
13,electrolled,95115352,2044
14,Helbiii,90097742,2039
15,extrazen,95137016,2037
16,MlNG,86727668,2028
17,hardtounderstand,95740428,2026
18,Duci9,94929538,2022
19,koishi1245,97072295,2020
20,ViciousCyclist,89020074,2018
21,The constant,96836394,2005
22,Snowyowl Tale,96392781,2004
23,MortisVD,86303012,2003
24,traine3g,95459839,2001
25,kakaoshkin,92098712,2000
26,Sa-tou,91540369,1999
27,ceobo,95771863,1996
28,AKNovaYYDS,96536721,1992
29,QBert,2658233,1983
30,MYGO SOYO,97443993,1981
31,cheiru,98086505,1981
32,portgard,83927465,1980
33,derekhuo,94707613,1979
34,Propaganda Panda,94936862,1978
35,MonkeyinAround,96964879,1972
36,murong-xue,97924370,1972
37,CXWFractalux,98091092,1971
38,Faerch,92121387,1967
39,qizixi123,96380443,1966
40,vuk246,97335860,1965
41,QuantumEagle,97745256,1964
42,Sunny369,84768502,1964
43,nifty-clownfish181,98798912,1962
44,Chewwy,85852390,1960
45,fished my wish,97645154,1957
46,vinny_boy,93730884,1953
47,perrylin,95602651,1950
48,Koudee,84640241,1949
49,Pelirrojo1711,92166550,1947
50,serpentinite,98915321,1947
51,saninecat,95631894,1947
52,bwj059,96013334,1947
53,ceejaex,87105665,1946
54,sea turtle tank,95908670,1946
55,deeezz,97144181,1946
56,Targetttt,95030461,1946
57,uff571,98611499,1945
58,kamikakai,96698847,1944
59,CCU1211,97058663,1939
60,Lucas-Tariq,98558718,1939
61,ice wizard,91882672,1939
62,HappyChild,96390330,1938
63,gh1101,95458811,1937
64,totally_not_dave,92631906,1937
65,SunbathingEmu,96032319,1936
66,SilkyTrealawson,98076232,1934
67,yz97,94020257,1931
68,zhpls,90738010,1931
69,BlanketAddict,90278947,1928
70,653862455,97498068,1927
71,day001,95961187,1926
72,Grahamtasia,87821022,1925
73,ysl0310,93151535,1924
74,eager-panda583,98147246,1924
75,Annabellla,96734674,1923
76,New Zealand fur seal,97784313,1923
77,AtarUltio,97419993,1922
78,Gordon10,96275754,1922
79,SnubEnjoyer,98880953,1921
80,BaseSig,3936472,1921
81,coolsunday,84864189,1921
82,jingji007,94306177,1921
83,Cat_Food,94391749,1920
84,skälding,94401618,1920
85,Yohan06,91158844,1919
86,brewmaster12,89599421,1919
87,Fifty_grosz,85665517,1919
88,shakers,93503297,1919
89,Just_one_time,97603160,1918
90,emu456,97601075,1917
91,komono_425,98016412,1917
92,HLE Gumayusi,98762124,1917
93,general_panda,92073775,1916
94,stanley654321,84030537,1916
95,Superjulo,92299024,1915
96,BraveCat123,95763757,1915
97,IanaPiana,95144027,1915
98,vesper-,98026638,1915
99,zaky26,95892885,1914
100,EvoIuti0n,96146124,1913
101,Zuzannatuba,95583970,1911
102,Aza_one,96984075,1907
103,nacl123,93041465,1907
104,Abiath,95350940,1906
105,magicfeng37,94290713,1905
106,MaximumVelocity,91975055,1905
107,sushimekabu1,97555423,1904
108,BS_,94623704,1904
109,Tharsis15731,94796767,1903
110,Pengxiangoumian,96283195,1903
111,Teh_Zealot,84017922,1902
112,diabloli,37382141,1902
113,ooltje,88803089,1902
114,icefacez,95424534,1902
115,nimoac,84658502,1902
116,liyiting23,26209302,1902
117,CatNONO,98863864,1901
118,DugongEnjoyer,95424407,1901
119,SirDragos,96002757,1901
120,none404,95722729,1900
121,HZLsDaddy,96708592,1900
122,Andrewsmile,86610938,1899
123,watermelon5730,96094578,1897
124,VerdantRhythm,97968113,1895
125,Gunor,96919064,1895
126,BraveChicken95,96394580,1893
127,eatbamboo,97776633,1893
128,Crickert,97815705,1892
129,sareyu0753,95056599,1891
130,Nic11111112,89389346,1891
131,Footloop,90899183,1890
132,PectoralisM,95546867,1890
133,Yy0712,94448692,1889
134,Lucasbiao,96656609,1888
135,relaxed-cat747,98758528,1888
136,Milowitt,96135209,1887
137,Cheese - 4000,90719758,1886
138,quickskillscarlos,95690096,1886
139,sroconno,96754790,1885
140,yuany0712,97647301,1885
141,Angry_SSu,93750298,1885
142,Raisefine,88205322,1885
143,YouYu_Ye,92683390,1884
144,LasagnaEater,98317590,1884
145,leaf_PKU,96409949,1883
146,Merlinjz,95048086,1882
147,Long0103,92102371,1881
148,Hisbe4948,89578751,1881
149,xhsbhh,95620771,1880
150,Boom Baboon,98705146,1879
151,Mercury321,95333345,1879
152,wedidntplaytestthis,88646608,1879
153,mshjs,98087253,1879
154,Sanctuary L,92928466,1878
155,l t y,94064771,1878
156,yanyulou,98788343,1877
157,pinkex239,95085497,1877
158,mce009,98462845,1876
159,yunfeiyang90,92674329,1875
160,greed_is_good,98634951,1875
161,DaZaiErXia,91315943,1875
162,tmkk,96613779,1874
163,lanlanwww,96669088,1874
164,CHOUCROUTOMAN,98089147,1874
165,NemesisLD,96388128,1874
166,zenkyleD,84321999,1872
167,tamamushiiro,97487576,1871
168,M_kk_k,93584459,1871
169,yanyusansheng,98334121,1870
170,werfmark,46907093,1870
171,alfinho16,95977802,1869
172,ilenenessserensng673,98608654,1869
173,umegf,84727173,1869
174,trinity111,96358825,1869
175,Lacii91,89285386,1868
176,msinohdd,97620751,1868
177,knorpule3000,92483308,1868
178,t4xjxfpkgnuf,98696192,1868
179,Ilyas_aut33,93004469,1867
180,affectionate-llam223,97998455,1867
181,YBreen,96561950,1867
182,Huawei ceo,97066121,1867
183,cun guang,97488087,1865
184,Sakura0001,98546131,1865
185,Blackbar Triggerfish,98325650,1864
186,Grianos,96788517,1864
187,mqx793,96004986,1864
188,torfiss,97157634,1863
189,1321094437,97019193,1863
190,ArkLover,94358443,1863
191,ChrisTao_0,94535476,1862
192,Sicario9527,92350084,1862
193,kaobaozi,98082707,1862
194,pxdpxd,96516430,1861
195,Window114,94851126,1861
196,melkor123,96799639,1861
197,Fool Klein,92425274,1861
198,wangdaishu,96870803,1860
199,wcy710,91694654,1860
200,JohnnyWin,94847523,1860
201,yakku99,95727905,1859
202,ah_lcg,97616549,1859
203,ykakai,98001580,1857
204,makamaru,84320942,1857
205,ScientistOmni,90480114,1855
206,McRolando,95736503,1854
207,AWu,83864699,1854
208,justparente,94656232,1853
209,YQ-utopia,96597406,1851
210,lamawurm,95860033,1851
211,Andydoorc,94492682,1851
212,wanan1991,97679017,1851
213,B_I_T_S,97048616,1850
214,kmf856,98759287,1850
215,Dagstaff,94134337,1850
216,AdamHorton,83877945,1850
217,puzzlepuzzle,87206981,1850
218,Kyshantry,84033406,1849
219,M a s q u e r a d e,96360250,1848
220,Angry Huan,98382299,1848
221,3Dragons,95425150,1847
222,Midashood,95608713,1847
223,077cpw,97177585,1847
224,neonlight07,93623131,1847
225,Skurata,95562912,1846
226,ThreadPacifist,88368905,1846
227,HubrisRakarth,85637820,1846
228,jackochow,96364530,1845
229,whutqiufeng,85267995,1845
230,The Aristocrat,85027110,1845
231,trollivar,95581551,1845
232,Doburoi,84038972,1844
233,yitu1,96557743,1844
234,Berthelsen,34368722,1844
235,rudaZz,94569606,1844
236,Rock_P,92912883,1844
237,jiuxiangdian,97771136,1843
238,Mallaki,98612857,1843
239,DerTodgeweihte,98088756,1843
240,Hivaoa,84521096,1842
241,XodKaniom,85309072,1842
242,shooooooooooot,95094577,1842
243,JustKinsilm,96622138,1841
244,GiiNN,92487233,1841
245,Paju_,93885418,1840
246,yuxuanguo1999,97903627,1840
247,bgtrainer,95397753,1839
248,hoodmidas,96505175,1839
249,Sir Fluffy,86344862,1839
250,SimpleMuffin,98341606,1838
251,LDDDDDD,94343654,1838
252,csong99,94065245,1837
253,jdmonn,95224489,1837
254,gryteklut,98459851,1837
255,Blyb,93875195,1836
256,CafeOle52,95765557,1836
257,HY2025,98555890,1836
258,GenAaro,93702040,1836
259,Guoguoer,98184498,1836
260,The cat fish,97180419,1836
261,gergi,85599429,1835
262,esddse1,96046666,1835
263,007Br,90161849,1835
264,strangekoalaa,98757972,1834
265,Krokmew,92113014,1834
266,AiMisteria,97380173,1833
267,LeeCloud,88351661,1833
268,tbu3k,93311473,1833
269,chelseafanboy710,98323297,1833
270,drinklelecha,97062209,1833
271,Viciow,96598822,1831
272,Luciddream08,94532497,1831
273,jan dc,86016907,1831
274,Quinlan1,95676482,1831
275,NoooobPlayer,93086420,1831
276,nifty-seahorse221,97164755,1830
277,bentudiaxue,91198519,1830
278,adysk,84503166,1830
279,Midaaaas,96932679,1830
280,Jay1110,89491942,1829
281,alxsmrs,96264435,1829
282,Yuno20220502,96222108,1829
283,n2309,94913747,1829
284,nxvnadia,97652294,1829
285,nj48,92750059,1829
286,unt376,98554321,1829
287,demyurge,84428955,1828
288,Kawasaki2933,97517850,1828
289,geniuslty,92445507,1827
290,Lichen4anke,95676183,1826
291,bgk_zero,90664461,1825
292,chrnzhihan2020,96316803,1824
293,2CP_Worker,98454399,1824
294,HappyClam73,96071015,1823
295,GreenDotes,98254030,1823
296,Mostrom,94827315,1822
297,clumsy fish,98691317,1822
298,AlexSK06,96081266,1821
299,B4astmode,92737456,1821
300,chenran,84315570,1821
301,zackray79362,98530794,1821
302,stevenlhyeung,96715015,1820
303,lidamiao,94351981,1820
304,citazn,95426807,1820
305,hughieg1230,92970688,1820
306,Christ Surprised,96227549,1820
307,A fresh start,99022849,1820
308,jjeeeeeeett,95848775,1819
309,kenchu198012,98305084,1819
310,rune_2002,84575319,1819
311,Mrqiu,84644105,1819
312,print_helloworld,97238324,1819
313,jimmydk,87221869,1819
314,alitahh,95544465,1819
315,opcrewmember,92093462,1819
316,Pippocampus,96607599,1818
317,FCUTHU,92638686,1818
318,ComplexMuffin,85854492,1818
319,Ghostie2013,96338305,1818
320,DanV546,96764977,1818
321,hust_boardgame_club,97577490,1818
322,Jellomelon,98822747,1817
323,sc sc,95185167,1817
324,onlyone04,94593544,1817
325,Mondaycold,93198466,1817
326,wilhelmfors,89948126,1817
327,nohye68,85120095,1817
328,xiaopengyou,85072549,1817
329,trusting-seagull275,98175359,1816
330,labrosafas,93522154,1816
331,thirsty380441579,97054054,1816
332,Arcadium,35561541,1815
333,LeoTheLion,47631766,1814
334,jinwandalaoh,95949796,1814
335,Moechtestdu,84937135,1814
336,cheegg,96437125,1814
337,techietaka,96478463,1814
338,psxmd,88523917,1813
339,mathdebate,94493120,1813
340,Johnsoncccc,94634063,1813
341,Gabor421,84989824,1812
342,Khrikuli Is Robbed,97861035,1812
343,JosephLawless,87345950,1812
344,James1109,96674284,1812
345,pppppdian,90883583,1812
346,LorraineRC,88707360,1811
347,486mao,94197720,1810
348,saki7788,93586059,1810
349,wu hen,96798497,1810
350,weiansaber,94512867,1810
351,StromSpirit,93992210,1810
352,chenkangkang3,97444527,1810
353,shongz,88384924,1809
354,Alexis05,84375673,1809
355,tianshunwudi,96385115,1809
356,owllyflower,98033376,1809
357,cwang27,84213420,1809
358,PaulStupka,92100380,1809
359,themackerel,98125776,1809
360,egirel,97747345,1808
361,treetop70,527954,1808
362,2223612456,96389103,1808
363,boardgamedude2,94420091,1808
364,fudahuang,98077663,1808
365,GilgameshTheKing,95812007,1807
366,HZLSSB,97803205,1807
367,Druen88,91111167,1807
368,applezhuzhu,98281579,1807
369,Cats bigking,97650192,1806
370,Whykecoakfly,86901055,1806
371,sirwilliam80,94739723,1806
372,lianhaoyu,91091997,1805
373,chuanliu,95349251,1805
374,Banana__Fish,95558196,1805
375,itayor,93317470,1805
376,vibrant_cognos,98915785,1805
377,AlternateMuffin,91258390,1804
378,jimmygoodman,94562096,1804
379,szddg,95203686,1804
380,SvenBeijing,97177819,1803
381,ThHard,97998815,1803
382,tripledentgum,95247729,1803
383,k4tt,95088764,1803
384,Mikabuto,90038771,1803
385,J-boi,87800502,1803
386,Gucizhou,96065032,1803
387,erico0205,95902801,1803
388,gnoptar,92861765,1802
389,zxjiang,97262160,1802
390,eckvmartijn,95910119,1802
391,JasonILTG,84029887,1802
392,abhilash,85810614,1802
393,TB19,98405376,1801
394,WingspanG0D,97750747,1801
395,SoftChoco24,94525996,1800
396,humanfy,95383459,1800
397,Faiz Ali,27783769,1799
398,hardyzhao,92147740,1799
399,quinnaylward,96999107,1799
400,HotsauceWally,84773109,1799
401,nifty-ssrnaa728,98411828,1799
402,Emutionally Dammaged,98842366,1798
403,Shirosaki Ei,98696017,1798
404,Midashoood,96865593,1798
405,eastercornbread,98398092,1798
406,Amaori Renako,99065017,1797
407,Zoo1010,97004524,1797
408,birdymeow,97069679,1797
409,roy163,94337877,1797
410,fuyc,94109191,1796
411,arf999,83933747,1795
412,arane2202,84312426,1795
413,Ares111,27669001,1795
414,jfr33zy,97314856,1795
415,CerealAisle,86098176,1795
416,2win9,94328850,1795
417,bqn370,98692745,1795
418,Diophantus91,95816062,1794
419,lanshalu,96379402,1794
420,amazingkitty,91975511,1793
421,ghj77,96790954,1793
422,robgeibel,96133931,1793
423,17-Tree,94952640,1793
424,Althenorn,85438498,1793
425,devgup,87939185,1792
426,epoxid,96959062,1792
427,kokomiera,96265327,1791
428,demian83,33342302,1791
429,FlowwYote,94296840,1791
430,kelkoo,84424523,1791
431,Iris_catf,96405064,1791
432,kanamiQ,98758840,1790
433,SheepKnight,95700044,1790
434,ReCooperative,92708622,1790
435,Akagi29,96568996,1790
436,joldfield1000,95032615,1790
437,FrankieValon,98310118,1790
438,SilexSaxum,88730461,1790
439,Terry2872,96023108,1790
440,lightKTS,85004119,1789
441,alanndlr,96326900,1789
442,lx_xlO--lo_oQl,94358490,1789
443,songdeze,96566015,1789
444,yunchetuo,96281150,1788
445,Ex_on_A,96588790,1788
446,zrpzbatt,96232348,1788
447,2366439349,97292136,1788
448,whxin,96549955,1787
449,Manerma,88096743,1787
450,RobinGuk,92499328,1787
451,nuq043,97870922,1786
452,Bossa_Nova,93119676,1786
453,lee902,93094884,1786
454,greysleeper,97360987,1786
455,Star_Mao,84425242,1786
456,wang857,87927050,1786
457,lidamiao2,95082163,1786
458,Shahar48,90131480,1786
459,mmuye,97702253,1785
460,babouche_babouche,97243337,1785
461,yinwen,84858201,1784
462,greedisgood000,97140944,1784
463,lyw001211,94388285,1783
464,1Argo1,98466393,1782
465,Philblink,96484446,1782
466,angel2121,84850475,1782
467,Leleland,95881581,1782
468,FKYS,96369213,1781
469,Il_Paninaro,85282119,1780
470,elephant542,97228214,1780
471,Fzdwy-0703,98956925,1780
472,mathbkw,97740395,1780
473,handsomemessleo,95167205,1780
474,Sigmar Gabriel,95749984,1780
475,Pepsi_zero,90925636,1779
476,Blood_Stone,97320620,1779
477,Zucchini rosti,91354752,1779
478,wentaowulue,94890848,1779
479,wbn534,98554846,1779
480,RHM4,98149079,1778
481,Ghost8472,94119769,1778
482,AliciaPees,94050239,1778
483,Kaisilton23,94762106,1778
484,bravetiaotiao,92309466,1778
485,nobody814,93561127,1778
486,oli35,72618899,1777
487,darreljnz,84479654,1777
488,tjh23,94970791,1777
489,Monkeyunit,7261491,1777
490,dl0v0lb,94984984,1777
491,lebouff,90364740,1777
492,wonderful-penguin221,98152179,1777
493,pizzatoasty,96371004,1776
494,sjtuxiaowei,94429868,1776
495,elastic-owl787,98644609,1776
496,parrotlover,97843327,1776
497,Nedyaz98,97164540,1776
498,taobai19,95586620,1776
499,ShovelKnight,85305282,1776
500,zqgpj,93854435,1775
501,one_more_try_plees,95887845,1775
502,Giorno Giovanna,85079888,1775
503,donggone,92615273,1774
504,avgjoe40,88518426,1774
505,Lillkev,95455795,1774
506,tehimmortalking,94805538,1774
507,KaeptnZurSee,89972532,1774
508,ezboi98,96308571,1774
509,zhuozhuoqihua,96326965,1774
510,Brutus330,94114889,1774
511,JanaiLama,95017290,1774
512,OwOvOwO,89644128,1774
513,KORBOARDF,96730871,1773
514,noconstruction,98933194,1773
515,cammauta,84720804,1773
516,wasbjorn,95587560,1773
517,Rust_,95777023,1773
518,HellaciousFlame,94975385,1773
519,Relaxmyfkbrain,98997891,1773
520,Spitzbueb,86960516,1773
521,mapleturk,89213147,1773
522,DreXXL,89402685,1773
523,Evenkar,92853680,1773
524,uu535,96155330,1773
525,AlexandriaBAbuser,92970165,1773
526,mjourard,96149394,1772
527,JontyMC,83845727,1772
528,wk220,98050259,1772
529,TRarrk360,98904858,1772
530,ayc837,98542846,1772
531,zixak,85591727,1771
532,magoplayer,94530210,1771
533,Newlife777,95179890,1771
534,ZeckeNeuendorf,96796784,1771
535,jhzed,95191209,1771
536,djl07,94445979,1771
537,nights1030,85261380,1770
538,dzt_,88494685,1770
539,dprise,95996437,1770
540,yaboyjayce,96970663,1770
541,kimimumu,97371917,1770
542,niksic,98490335,1770
543,377737,99010300,1769
544,327443211,98635694,1769
545,Stellere,95496754,1769
546,yuancong07,96514787,1769
547,miaojiBOMB,96778258,1769
548,axb980,96950023,1769
549,Tawanda21,93049181,1769
550,duckmammal,84017990,1769
551,dingga11,94068967,1769
552,auuu12,96565150,1769
553,fya373,98264149,1769
554,huangmincheng,95418892,1768
555,L X N,94847916,1768
556,Martus28,93519490,1768
557,GanYu777,98479434,1768
558,problematiq,92545197,1767
559,pm2595,85487593,1767
560,Anan1anan,94917127,1767
561,zak676,98363502,1767
562,MasterHako,95150962,1766
563,ehzl,91173009,1766
564,slhsxcmy,98374629,1766
565,WhyNick,97716500,1766
566,ShadoWindss,94811381,1766
567,jp65456,97337645,1766
568,Ecoresky,92894111,1766
569,Zookeeper4,98354734,1766
570,shengxiao,95453044,1766
571,vengeaxenon,87914167,1766
572,a14xt7j,96661076,1766
573,Victorique De Blois,95089660,1765
574,light rain so sleepy,97545622,1765
575,skerstein,96608730,1765
576,BlueSwan,84376365,1765
577,zufours,88203018,1765
578,lil_mashedpotato,97218668,1765
579,nikozzhw,95277568,1765
580,baiyi3985,98068507,1765
581,kozaza,95289690,1764
582,matthewcrumby,97981932,1764
583,August8745,94622823,1764
584,blueboat9,92440453,1764
585,laminar_flow,96387501,1764
586,BDMARS,97864782,1764
587,hnc490,97437259,1763
588,edwedu,97704325,1763
589,SQR_PI,94409075,1763
590,Petra_J,95236088,1763
591,nebulousnightshade,97323177,1763
592,Dominicliyixi,95565125,1763
593,Vitalijus,85498916,1763
594,jjboy96,91163694,1763
595,N3EE,95613539,1762
596,usyu,88530691,1762
597,TonyBegonia,91640596,1762
598,tobyskov,92896423,1762
599,Bourrac,94753917,1762
600,RiskyTall,84714675,1762
601,tiktok250119,97264634,1762
602,Joooooshuee,88237026,1762
603,FridayPaw,98561657,1761
604,Terrence06,98450064,1761
605,Zheng,30574650,1761
606,heiqiqi0822,94468175,1760
607,yayboardgames,83894592,1760
608,keep dreaming,98880364,1760
609,46manjuu,95286106,1760
610,Pawn38,83919620,1760
611,sashn,93483569,1760
612,Jabberwock3,84322115,1760
613,kajiraCindy,98483180,1760
614,Ciskesa,97072609,1759
615,Luigi_Ji,98220347,1759
616,blessedgaming,95471737,1759
617,summer66,94892221,1759
618,Durian Times,96067846,1759
619,PP_CAT,96636156,1759
620,yazavats,93165237,1759
621,YuBaSuo,91271722,1759
622,Joe Orser,94983628,1759
623,Moc king Jay,93733630,1758
624,ncs7,97440365,1758
625,blueiceix,94676126,1758
626,BraveGangBeatsRat,98492609,1758
627,SShark18,97992783,1757
628,Spyderino,96810800,1757
629,ours144,85995697,1757
630,TheCadger,90361616,1757
631,wanwan7,87728204,1757
632,Ning-,98320932,1756
633,forist,93536913,1756
634,carcassian,95756634,1756
635,hogpog_98,97047863,1755
636,hxf9762,96129948,1755
637,AX111,96712483,1755
638,KiTCC,83839920,1755
639,czh530,93294753,1755
640,brendanjthomson,16308871,1755
641,EnGoGubbe,95490149,1755
642,JoMiStXY,94365327,1755
643,vasynyt banaani,84390251,1754
644,LovelyFish,96193509,1754
645,tobiko11,84390486,1754
646,Sheldbarn,85239067,1754
647,Hidolala,94976168,1754
648,Atopo,97146919,1754
649,KhalDjango,92901311,1754
650,3382613180,97770220,1754
651,XiGua9527,96916614,1753
652,y695444005,85093854,1753
653,boardgamecafeone,92352931,1753
654,Incognitoh,87442869,1753
655,Redbuster,95132749,1753
656,kimssk05,88340590,1753
657,ss-uuz,94441741,1753
658,fangyhhh,97799419,1752
659,keemap,98121278,1752
660,Illidanb,95477077,1752
661,MrYama,95308303,1752
662,hjjmz,95658146,1752
663,riverwang,92543084,1752
664,BAmbooEW,95704267,1751
665,randale_und_hurra,92600865,1751
666,ShadowDragon92,95026422,1751
667,PistachoPato,95116474,1751
668,mochal,95296762,1750
669,Adm11Ricky,97610293,1750
670,LoonyNo7,94266999,1750
671,8SloBlackMamba24,98035343,1750
672,HalfSquirrel,91033810,1750
673,cat_Ferine,98648722,1750
674,sixriver1,95086205,1750
675,im only luck,97387436,1750
676,waytim,68923869,1749
677,davidb9,84441130,1749
678,Fish one,92334636,1749
679,skrhao,93978923,1748
680,SS-LGD,96718094,1748
681,whillg,96298248,1748
682,HansDieGewürzgurke,92672256,1748
683,Triplepigs,85410533,1748
684,g_glamdring,74313798,1748
685,sy-bao,98561285,1748
686,Game-master-Liu,96388239,1747
687,MezzoMike,97926740,1747
688,jhuano,95591308,1747
689,gunners009,98404571,1747
690,kirblcrusher,95826981,1747
691,GWGY,92184632,1747
692,cyan0874,90639339,1747
693,mmjimmy,84854344,1747
694,AzzBzz,83925906,1747
695,Hoodaumic,85872815,1746
696,strange radish,92879266,1746
697,HUChenfeng,98537845,1746
698,Phottor,96165067,1745
699,sanbraind1,97302948,1745
700,woowoo01,94077674,1745
701,peti920820,95586869,1745
702,Tarrs,94786622,1745
703,hyb656,98462900,1745
704,chicjf5w2u,98962222,1744
705,theroarin,97355952,1744
706,blei_ffff,96941012,1744
707,rlyeh dream,90311801,1743
708,0000Milktea000,94569325,1743
709,RANGO6626,85170006,1743
710,BlankHand,94707078,1743
711,kingofloons,85230147,1743
712,colour pen,95169545,1743
713,gua gua gua,91092202,1743
714,kehenba,98464184,1742
715,crosshappy,96544279,1742
716,jdwaterman91,94295227,1742
717,90091412,90091412,1742
718,eager-bat236,97142294,1742
719,OnlyBirds,96249741,1742
720,Chrisnizzz,86500165,1741
721,eaking13,93401066,1741
722,stofflappen,95173563,1741
723,YRXL,95549442,1741
724,sheeon,90648118,1741
725,Laaan,84170037,1740
726,surssy,96099564,1740
727,thornsill,96481941,1740
728,Leech2023,94607409,1739
729,f0urchette,94448165,1739
730,Cakmak,89728233,1739
731,B1234B,97900742,1738
732,slamsk,3314436,1738
733,fleeting water,97072840,1738
734,XDXD233,85172205,1738
735,lengjie1234,95320919,1738
736,820546804,98189426,1738
737,cranesflyhigh,95240579,1738
738,metro,19426953,1738
739,anticapitalist97,91600656,1738
740,xzc370,4269255,1738
741,Krovax27,84773688,1738
742,- Ash3s -,93840128,1738
743,SYSXD,84197450,1737
744,esecan,94606198,1737
745,Leon Jing,95678978,1737
746,GotsC,93392534,1737
747,CrazyPenguinGUAN,93563465,1737
748,yuan1230,96757030,1737
749,ajlyford,92060087,1737
750,NoBuildUpgrade,98491585,1737
751,brave-goose131,97698023,1736
752,d0c15,88715524,1736
753,tuotuosi,94113746,1736
754,morphith,95937837,1736
755,Yeoul-ie,96719153,1736
756,blind2,95341083,1736
757,haiduk,86236054,1735
758,1998KR2019IAN,91110025,1735
759,feifange,96751895,1735
760,JohnnyBlaze2013,93755095,1735
761,GloryQS,97958121,1735
762,BernadetteBagel,93252513,1735
763,AdaidaiNo1,96470110,1735
764,Animalfriend,95604380,1735
765,PUMPK1N-,97770396,1734
766,ShakeDatDice,96415484,1734
767,barnev,31018316,1734
768,MapleKenD,95996922,1734
769,hipalmer,92971061,1734
770,ysc312,98462961,1734
771,tyalo,95186252,1734
772,Iksbawks,92203629,1733
773,chaoji,28815332,1733
774,TuggerNuts,94499511,1733
775,erikvoigt,86636563,1733
776,Nikach,87877982,1733
777,mj256,95301670,1732
778,txy111111,95537186,1732
779,Chairman_Marv,87840567,1732
780,CZMonkey,85390748,1732
781,triangleforce,95997311,1732
782,facegood521,93486547,1732
783,Dashabie,97222965,1732
784,dazzling-parrot556,97562465,1731
785,yukixin,95940587,1731
786,zhengyixianyu,95430601,1731
787,Sylvia_Enid,91746113,1731
788,rockmanx2021,93551947,1731
789,ACKnowledge,95958603,1731
790,Target star,95331673,1731
791,gxiaohan,96505568,1731
792,RenegadeCracka,96092496,1730
793,Emil90,94854600,1730
794,Boisblûche,87475813,1730
795,TheFlyingArcher,94531650,1730
796,Davy4,98164155,1730
797,tuschba,95835490,1730
798,fs0c1ety,90323296,1730
799,awsl123,96817614,1730
800,Matt0623,92777397,1730
801,vlk807,98345088,1730
802,PingisPongus,96566886,1729
803,UUbest,99094795,1729
804,ngtriant,88282419,1729
805,modest-sheep892,98938436,1729
806,gugul,91650076,1728
807,jkoiuyce,94916131,1728
808,vaako17,94251807,1728
809,ConTroTroleR,98607401,1728
810,vyr972,98823536,1727
811,Rymor27,95151558,1727
812,exn105,96390366,1727
813,Hitman 47,95535212,1727
814,Adeyno,92354825,1727
815,ritterboehs,97249970,1727
816,SometimesRaining,94957718,1727
817,duokagovos,95620582,1727
818,Pattern,83837106,1727
819,lokusr,97177808,1727
820,Whos Back,99073821,1726
821,3182825267,98227885,1726
822,intelligent-eagle811,98989918,1726
823,anonymous_platypus,93494486,1726
824,yucky-nante,90047894,1726
825,jppandas154,95165208,1726
826,halailai2,97445786,1726
827,Gestra,95022416,1725
828,gwp0577,97000550,1725
829,Verena99,96412085,1725
830,Jmalcoba,94910817,1725
831,Artisary,95036182,1725
832,Bellmaker,10295966,1725
833,bentieciacarey4319,98592434,1725
834,tnikea,84069301,1724
835,JNaiQ,96482623,1724
836,gamesliker,96291280,1724
837,ToaoMT,85411690,1724
838,sad-seahorse577,98309764,1724
839,edo554,98241032,1724
840,-WonderWoman-,90369620,1724
841,rocklee9999,94036828,1724
842,Getelbeuse,96311501,1724
843,MrTang3stone,94687241,1724
844,Byte_Force,98027448,1723
845,AlanWaP,96739583,1723
846,peisaugachi,95608914,1723
847,PM_Shrimp,96228065,1723
848,BPSwagner,88858078,1723
849,anonaddict,91267239,1723
850,anon0525,97675847,1723
851,chomkrengkrai,84432648,1722
852,GaoEy,84484843,1722
853,cs2376jr,84148889,1722
854,smoogums,93208637,1722
855,brangbrang,93565062,1722
856,ACR85,86802162,1722
857,EuroCadJ,94220570,1722
858,Yunch123,96258150,1722
859,BearsAndEagles,96072128,1721
860,feedmm,93108057,1721
861,AtlasKuma,83981894,1721
862,xianxinghai,92949419,1721
863,Dicey Prawn,94918696,1721
864,yzxcc,97602180,1721
865,mosstao,98481051,1720
866,Soulless Robot,95377405,1720
867,Smoo,1066561,1720
868,rRoooooc,91801048,1720
869,lipu_ding,94407840,1720
870,layton42,93752921,1720
871,Doctor Nonagon,98043658,1720
872,DDG1999,95879739,1720
873,Bunnykept,94992539,1720
874,Last Pride,94370035,1720
875,higharm,96249331,1720
876,Lesdex,98536518,1720
877,Pretpielman,95643655,1719
878,dandelion1009,96786777,1719
879,mch254,97869457,1719
880,ddubois,914385,1719
881,giraffe_hannah,94077672,1719
882,sohan22,87852950,1719
883,3495298153,98257702,1719
884,relaxed-penguin820,97784092,1719
885,WallytheWombat,98257362,1719
886,Boondizzle,93147236,1718
887,trippdup,95628579,1718
888,Beammeup87,95056415,1718
889,chexmixes,91302888,1718
890,Thunder1619,88232488,1718
891,TomdevBE,92134536,1718
892,chickenallthetime,95295341,1718
893,thinginitself,92484258,1718
894,Wardener,95364900,1718
895,tpig,86372262,1718
896,pine288,84636791,1718
897,Teatime Tortoise,98113715,1718
898,MonkeyinAround6_9,96815284,1718
899,Do0oD,94704039,1718
900,unreviseddelusion,98522577,1718
901,SpencerC,88552119,1717
902,Vegamon007,87604735,1717
903,Guojiiii,96813295,1717
904,IsaszeXyIlona,96209277,1717
905,BMOv1,86633716,1717
906,mesag,85354908,1717
907,blastaoi,92119987,1717
908,Nicolas21,84311582,1716
909,papkotruAtec,88736783,1716
910,gghub,83846305,1716
911,daniyuni,95511906,1716
912,mathtiger2005,95487093,1716
913,xCorey,94275041,1716
914,Phulla,35959401,1716
915,Aegidus,84840877,1716
916,nobodyhome,84524098,1716
917,Pinecone222,84341816,1716
918,PotatoLord3,96940309,1715
919,CustodioDan1,94490545,1715
920,NinjaSheep0323,92757287,1715
921,kurohailo,94101510,1715
922,gikgik123,95803129,1715
923,pattonhelman,92237877,1715
924,so0nii,94226590,1715
925,eason_1shen,96632445,1714
926,ezeeckiel,86537638,1714
927,Willjo22,88982662,1714
928,Dark_Tweek,95439778,1714
929,GallifreyFall,94401949,1714
930,ArkNovaKing,97575687,1714
931,lukeaiya,97111911,1714
932,yaoshou,98217112,1713
933,kakakarl,85162550,1713
934,zfs27,97775021,1713
935,hiro17,84618025,1713
936,EChao,87561182,1713
937,remgad,98621068,1713
938,MonchoRizo,95095708,1712
939,LYD0012,98624218,1712
940,BYED273,98659606,1712
941,JoonPown,94391464,1712
942,lFlowerl,84340674,1711
943,Djalina,3987138,1711
944,whoopsie123,96435796,1711
945,Velotrampler,96406259,1711
946,shiroudongwu,96958322,1711
947,Le spectre,31086688,1711
948,-b0o0d-,92289580,1711
949,ryebone,84530249,1711
950,Tarquinius Superbus,96841531,1711
951,Fonnonnn,97095366,1711
952,1ref,96271783,1710
953,Eber65,96926419,1710
954,pjzfcjm,84186722,1710
955,xingchilalala,94962294,1710
956,Aristai,95065204,1710
957,Mbkristiansen,95746209,1710
958,huy070,97132652,1710
959,Moe100,91190326,1710
960,Sekiyaki,94109427,1710
961,meepdalizard,98085857,1710
962,RickyRacc,95491363,1710
963,explosion kitten,97542305,1710
964,Tukiyori,95795220,1710
965,kerrybgg,85312674,1709
966,itskins,94095093,1709
967,Jovat,92373009,1709
968,flyingmuskrat,86237008,1709
969,yhc9527,96421428,1709
970,lordafi,98383410,1709
971,Alebaster,85270203,1709
972,Bin16,85493807,1708
973,Ohrmazd,97178519,1708
974,GeLuBiYa,98852252,1708
975,heehan,89682368,1708
976,Pola Bear,86006485,1708
977,piomoc,94819504,1708
978,kalipolis,93213835,1708
979,Lux6556,95839725,1708
980,BIackHawk,96182755,1708
981,randomronny974,92354598,1708
982,Nuraxxt1ao,95222006,1708
983,mmmoooooommm,92613529,1708
984,Anubis2021,91661573,1708
985,spitfireharry,17145465,1707
986,rob10123,94320518,1707
987,nice_houyx,97456799,1707
988,polarxiao,95205458,1707
989,wkccc,94929533,1707
990,Ashakura,33643513,1707
991,Dracan,90066102,1707
992,perceptful,96080544,1707
993,yidingge11,98590750,1706
994,HeirOfFire,97865241,1706
995,acesythe,94227792,1706
996,AssassinDoDo,97645257,1706
997,MangoBubblee,97040483,1706
998,rdf240,88468344,1706
999,7ukechu,98179445,1706
1000,F3nRir3,95216857,1706
1001,Shinfay,95105404,1706
1002,buldozer,85270584,1706
1003,Warden_,97679902,1705
1004,dongdongz,93101083,1705
1005,dengshouhang,94558890,1705
1006,wanpiqiu123,91549857,1705
1007,AverageBGEnjoyer,97368536,1705
1008,yuyu2424,93821681,1705
1009,Doppelgang,98873832,1705
1010,Zreal,94785838,1705
1011,avclampitt,95286548,1705
1012,TalentlessOrator,98450341,1705
1013,Ricardo12138,95545823,1705
1014,TinyFAS,92316292,1704
1015,wouter106,98232902,1704
1016,Ibukilin,95135371,1704
1017,NiklenNick,96251147,1703
1018,tomatototo222,96689365,1703
1019,TinyH,88485228,1703
1020,Agiagi,96362634,1703
1021,I3lackAdder,87760772,1703
1022,mbamber,92172849,1703
1023,Nemoses,90842825,1703
1024,997630542,97038309,1703
1025,tao123456,97607392,1703
1026,SmokinFlounder,94675357,1703
1027,fp149,84186406,1703
1028,Im A Pickle,97608553,1703
1029,chengzi9898,95625344,1703
1030,Fiebster420,96324926,1702
1031,beklauser,88050377,1702
1032,cplo42,95116606,1702
1033,MrWu1open,94686519,1702
1034,Jevi07,94800632,1702
1035,Paraplegic Otter,88638129,1702
1036,The Daviator,86356824,1702
1037,Abeeeeeeeeeee,94100933,1702
1038,dwarvintime,94276826,1702
1039,xiaoss123,97754332,1701
1040,utopia15,95429084,1701
1041,CCCChen-1,96866373,1701
1042,shiq17,95893812,1701
1043,justplaynosay1,93937213,1701
1044,ArtEntre,88207269,1701
1045,Rael77,93557476,1701
1046,sleepy-chicken142,97480370,1700
1047,wecarealot,85732341,1700
1048,amirg,86114395,1700
1049,buckeyeguy15,95472782,1700
1050,zombira,97487622,1700
1051,qwq223,93207383,1700
1052,momb00m527,97029106,1700
1053,kriptovadasz,91098713,1700
1054,xing1000,93283803,1699
1055,hushwo,96138126,1699
1056,SchnittyGames,94851925,1699
1057,Zodiac42,90843762,1699
1058,yp1244,95327691,1699
1059,rezett,85447129,1699
1060,Holyland,86760336,1699
1061,Dinandino,6894032,1699
1062,CIEX,97253334,1699
1063,JongSeok Bae,85032190,1698
1064,Isme Daglas,93965367,1698
1065,aerfalg,95510251,1698
1066,Gamingpine,90000970,1698
1067,yuchen4444,96801794,1698
1068,thuanphong,91163419,1698
1069,Teego,85135352,1698
1070,yiweihangzhia,95046218,1698
1071,12270110,89644742,1698
1072,petr577,84533326,1698
1073,wufengyuluo,93284227,1698
1074,FiloDePicis,89660444,1698
1075,francescoshi,95200528,1697
1076,yangmalou123,96626231,1697
1077,thoams,84173338,1697
1078,Orbitwalker,98524237,1697
1079,checkyu,95093226,1697
1080,paperboi03,83847533,1697
1081,ryanechternacht,86046658,1697
1082,Atari94,91219981,1697
1083,HuanTT,93854292,1697
1084,DAVID3264,97955843,1697
1085,RazgrizChronie,95501593,1697
1086,SenileBear_,96935112,1696
1087,ISENGUARD 4658,93914286,1696
1088,OrrBi,96413170,1696
1089,jump to bed,96995903,1696
1090,LCerr,95887137,1695
1091,theophilos,94101427,1695
1092,AteEverythin,96309050,1695
1093,quanquanjenny,95842793,1695
1094,tracycomes,98495471,1695
1095,baiyi81,98823400,1695
1096,citytimes,95544494,1695
1097,17773155643,97369605,1695
1098,Tebal,88880642,1695
1099,PawelJumper12,96554469,1695
1100,momb00m7,94634133,1695
1101,nxymc,95846527,1695
1102,uexpmebk,97107862,1694
1103,Bin1010,92157988,1694
1104,hyang380,97954658,1694
1105,lanoue01,94115147,1694
1106,hopjesvla93,95637767,1694
1107,SarahBearah92,85715952,1694
1108,Grugno,8968883,1694
1109,Arm7n16,96355904,1694
1110,dagoth_dylan,91819481,1694
1111,qfn683,97869684,1693
1112,on9on92024,95278542,1693
1113,HassyHH,96546809,1693
1114,Romainlehardi,92723844,1693
1115,Citrus Bear,97851149,1693
1116,EPOXIDATION,93040342,1693
1117,bread_wq,92267113,1693
1118,akalcic,93681663,1693
1119,Andrethegiant,85582951,1693
1120,Mania06,87651704,1693
1121,eager-koala521,98524257,1693
1122,slayerlol99,98142396,1692
1123,sotroublesome,96721030,1692
1124,cuteg1301,92762023,1692
1125,Yannick1084,95896432,1692
1126,Hoosk,96645386,1692
1127,MyAsylum,97908787,1692
1128,ostynpowers,86678606,1692
1129,Wolf Ren,92800174,1692
1130,Lixdark,94711439,1692
1131,TavernForever,87374443,1692
1132,Huang-Yuxiao,91102236,1692
1133,AVASAx,98669823,1692
1134,qinian0111,96355754,1692
1135,Irra_tional,94890312,1691
1136,bytr,85322625,1691
1137,Shaola_cn,96132405,1691
1138,Granulite,96354457,1691
1139,PookieFoster,96222616,1691
1140,zeynne,89206928,1691
1141,BilBob171178,95876163,1691
1142,SunYork,89979818,1691
1143,zhardo,98718801,1691
1144,Christa88888,96149752,1691
1145,vinny172vinny172,41224105,1691
1146,Dymension,84563034,1690
1147,ThomasPoul,96237778,1690
1148,tsj7,93976058,1690
1149,Hebbs,91277660,1690
1150,Talisker42,95990517,1690
1151,bigstinkypoo24,98224744,1690
1152,zzzz123439,95952744,1690
1153,yeason,94434339,1689
1154,LeHunter,84979765,1689
1155,Eglogue,92320401,1689
1156,supercoolbrianD,95731029,1689
1157,kdr234,97653516,1689
1158,Butina,84227374,1689
1159,XXB-AA,98394433,1689
1160,shengtang135,91441574,1689
1161,paxx075498,96195657,1688
1162,DurdleGerg,86875937,1688
1163,zycccccc,95632620,1688
1164,confident-leopard7,98887092,1688
1165,chooooovy,98201848,1688
1166,TurkeyTacos,92305503,1687
1167,cypresstrees,92136462,1687
1168,shagen,88490540,1687
1169,day_day_up,98542686,1687
1170,cloud_turtle,85226956,1687
1171,cotecec204,97242080,1687
1172,rabbitgeorge,93492999,1686
1173,counquestriumph,98497426,1686
1174,Valh3ru,97328655,1685
1175,Akimio,94663322,1685
1176,skol3m,87947672,1685
1177,goraewang,96930936,1685
1178,karlo,84490672,1685
1179,log612,93538154,1685
1180,dk_for_game,87743662,1685
1181,Mather,84156984,1685
1182,OscarLeo,92948972,1685
1183,splendiddddd,94158214,1685
1184,FalconPunch511,95069740,1685
1185,gck364,97045298,1685
1186,olx215,97045323,1685
1187,AveMaster,94141880,1685
1188,Mikro_,98026267,1685
1189,d3rf1299,86732547,1684
1190,mmanch,95299209,1684
1191,KousukeKun,86160271,1684
1192,MENUTABLE,97728608,1684
1193,Celebella,96139585,1684
1194,selwyth,85072583,1684
1195,zambonid,91211418,1684
1196,zis300,95972088,1684
1197,reverent busy turtle,99041189,1684
1198,Jams39,88241667,1684
1199,lucid-donkey763,98733051,1684
1200,F4br1c3,93679437,1684
1201,FlyingDeep,83942832,1683
1202,Terminator Thomsen,95773389,1683
1203,Mic_thu,95649831,1683
1204,Normannnjr,94938662,1683
1205,fanqie404,94954961,1683
1206,tocomasz,84859753,1683
1207,Vilibur,90723643,1683
1208,DocW1,94643091,1682
1209,bizarbus,95498202,1682
1210,LetsHaveFun82,96307285,1682
1211,zealotcharged,84763333,1682
1212,usunmet,97496016,1682
1213,kjr_love00,97489206,1682
1214,Andr1aN3,96771983,1682
1215,khoinm,91418243,1682
1216,Taco2022,94532368,1682
1217,lha123com,30652433,1681
1218,aibi,95067277,1681
1219,Dong-Fang,93363452,1681
1220,Rhino Bear Run Club,97850262,1681
1221,wendahl,95462703,1681
1222,UndercoverAgent,95223667,1681
1223,Deemer-1,98593501,1680
1224,shadowdancergr,95556688,1680
1225,Seraphsan,92084087,1680
1226,Daole,93289415,1680
1227,Marssssssssss,94049866,1680
1228,535587437,97881229,1680
1229,Yasaxin123,95978548,1680
1230,RoyceLin,84152435,1680
1231,910JQKA,91827947,1679
1232,benzabill,86633776,1679
1233,f9216iolxryu,96547231,1679
1234,NeighborPeterParker,97664557,1678
1235,hohighb2024,96987567,1678
1236,Gabriel_Alister,3999186,1678
1237,tixty6,97608746,1678
1238,deadkev,97741606,1678
1239,tspintetris,88259733,1678
1240,626456164,95574301,1678
1241,Golven,87614886,1678
1242,amitlevi45,94077627,1678
1243,kevinling,83927272,1678
1244,BHYO,96049356,1678
1245,handsomeDudu,96257147,1677
1246,1270153197,98984345,1677
1247,pepealas,94382995,1677
1248,lifetaker3000,96560884,1677
1249,1oppo3,93695359,1677
1250,Shryle,94648691,1677
1251,CXBCCC,92969731,1677
1252,SaligiaAkso,96121200,1677
1253,yuigahama1997,94526179,1677
1254,upbeat3277397997,97846817,1677
1255,Lyuuuuuuuu,95596686,1677
1256,jeffrey13250,94305448,1677
1257,QZzhen,96656919,1676
1258,Gucus,89289260,1676
1259,ch68ocgj,96621388,1676
1260,zzw89,94376267,1676
1261,Dubsy26,84557914,1676
1262,Zesdav,95504772,1676
1263,gohongohon,2005114,1676
1264,TempleLin,96103249,1676
1265,STHaus,94573431,1676
1266,bananasmoovie,97284244,1676
1267,Demonictutor,92161752,1676
1268,qoc967,98128343,1676
1269,Jason Wang xu,92902236,1676
1270,zutomayofans,98364528,1675
1271,Dolcekit,95291118,1675
1272,Cheetos4in1,94233740,1675
1273,xxsilent_strike,95789672,1675
1274,cjflash76,86513304,1675
1275,Lularge,92413986,1675
1276,Thomas Hougaard,89574035,1674
1277,374714001,93218098,1674
1278,Vinznx,94869209,1674
1279,Nanami7Chiaki,96926374,1674
1280,STMQAQ,96740801,1674
1281,AsukaW,84779250,1674
1282,Te Araroa,97911385,1674
1283,agitated-jellyfis733,98788787,1674
1284,shaka3,94470069,1674
1285,Grand_Blue_Lore,96732187,1674
1286,monkeydo,93896193,1674
1287,whitehg,98186929,1673
1288,UpperDecker,39460297,1673
1289,Enrique28,95916480,1673
1290,R_LV,95369133,1673
1291,seriously antisocial,94296684,1673
1292,Knight of Aya,95849090,1673
1293,Roonan,95670141,1673
1294,selcos21,89476807,1673
1295,BESTFONDA,98669439,1672
1296,HOONBO,94166134,1672
1297,Daanotello,93882185,1672
1298,Rick Muus,85760343,1672
1299,peaceful-penguin844,99010151,1672
1300,DemocracyNow,97686346,1672
1301,Forthewind,96924913,1672
1302,kuneeee,96669880,1672
1303,scseabass,89652721,1672
1304,Billy233,85389080,1672
1305,G0OD,97365132,1672
1306,mesousa22,84723106,1672
1307,poyuo,95431302,1672
1308,Yukino013,95554796,1671
1309,miniPENG,91228652,1671
1310,fengzhuzhu,97649537,1671
1311,xushijiepupu,91961920,1671
1312,zuke9,92395929,1671
1313,Astrolog1st,98785796,1671
1314,mattmatt0623,96078060,1671
1315,Asgaut,98248963,1671
1316,pate de lo,94901382,1671
1317,K uro,85081375,1671
1318,Firdorn,92714536,1671
1319,Homura1997,95311849,1671
1320,phlying,94488927,1670
1321,Smart Winner,94607102,1669
1322,mevejiv14,96516241,1669
1323,lupinxdt,84175245,1669
1324,MichuToJaChyba,88929743,1669
1325,dandusz,96468637,1669
1326,Daretofly,95421678,1669
1327,static_h,97030148,1669
1328,pummel,94854947,1669
1329,Boomer007,96099245,1668
1330,Karijin,89812462,1668
1331,Xorazi,93987948,1668
1332,OffIGoThen,95993834,1668
1333,Loveming1,97530338,1668
1334,kbrakke,91713048,1668
1335,ImmunoLogical,98347555,1668
1336,dkd014,98325836,1668
1337,lemengcun,91973620,1667
1338,Att9527,96298727,1667
1339,Illasos,96137892,1667
1340,WooDooDoo,96315611,1667
1341,Shoarzi,84075731,1667
1342,klmgaaa,98277795,1667
1343,quiet orange,90829606,1667
1344,NNEEEE,96521242,1667
1345,_LANSELOT_,94710156,1667
1346,Tryycks,39562274,1666
1347,vok683,98763459,1666
1348,ZHIMIx,94562203,1666
1349,g321gg,93648034,1666
1350,PromiseIAN,92440452,1666
1351,Dramatisch,94833584,1666
1352,llamafia,97136100,1666
1353,Alex4488484,95995744,1666
1354,IPAMSTER,91323142,1666
1355,HOJAYE54,90698160,1666
1356,Kawnstie,95032053,1666
1357,maurice386,97343142,1665
1358,Kaijisama,85401065,1665
1359,Pilkimon,95270102,1665
1360,Agatebeo,85223927,1665
1361,Superbowl Peafowl,93599764,1665
1362,AvaX,84958413,1665
1363,yanzw4,97546377,1664
1364,hzliujun12345,96321238,1664
1365,50sam,35528096,1664
1366,milk dragon,90823783,1664
1367,su594628025,97521360,1664
1368,mikechike,85159195,1664
1369,T_Rex,41714449,1664
1370,DmitriiElf,96283010,1664
1371,nkufzmd,98228931,1664
1372,jokerkhor,95969936,1664
1373,Rysiuvg,85715505,1664
1374,shjman1,93697173,1664
1375,jarmz,86067665,1664
1376,Lzero009,98357960,1664
1377,TundarStonehead,95636136,1663
1378,FAE44,92461793,1663
1379,Rudimentor,94664889,1663
1380,Blc95,96028870,1663
1381,halabalala,84073519,1663
1382,Yuanzhuzhe,95904966,1663
1383,HCche,85024475,1663
1384,l1kkr1t,98486163,1663
1385,myfish,94720386,1663
1386,mcboyes,84460077,1663
1387,AvanNan,96812640,1663
1388,wongpp,98226722,1663
1389,joseph26hughes7854,98066113,1663
1390,reverent-bat736,98151226,1662
1391,leech2024,96531582,1662
1392,irtranquil,30576691,1662
1393,YourMichael,91602724,1662
1394,zlorfik,17960944,1662
1395,ccav,91228982,1662
1396,Vinto,86938918,1662
1397,Tok Yeon Ma,95308983,1662
1398,bigfish_yyy,95684653,1662
1399,Elladan56,96532786,1662
1400,lucid-fish383,98782702,1662
1401,Blastobeer,84604161,1662
1402,hj1025,94719277,1662
1403,zuttoden,85578526,1661
1404,Plato0314,91388581,1661
1405,vincents1994,92683795,1661
1406,Quattro,84568159,1661
1407,RicardoLu,97765460,1661
1408,woodenbox,92893596,1661
1409,lanchikiss,23377061,1661
1410,Settledowngamer,93136383,1661
1411,charlesthedog,97753714,1661
1412,bjornanders,98026947,1661
1413,renyee,94653220,1661
1414,lildreamSun,97026298,1661
1415,lclubby,97909199,1661
1416,Wysnard,88746052,1661
1417,Isametric,87971621,1660
1418,jingaposs,97166268,1660
1419,Latroiv,94701258,1660
1420,kkatusch,96522059,1660
1421,Evanender,98477065,1660
1422,814607668zebra,97776744,1659
1423,onedaytour,84640549,1659
1424,amaama10,85207263,1659
1425,CirezPrydz,94901630,1659
1426,Teacher Mi,94307333,1659
1427,tooimichi,97901556,1659
1428,wwwchenxin787,97941017,1659
1429,shadowstorm,84441736,1659
1430,Beeeater,95007152,1659
1431,bingzwy,95002251,1659
1432,hozzi,95081552,1659
1433,simityethel,98555700,1659
1434,KyleCoyle,89240078,1658
1435,yves_lanuit,94761989,1658
1436,aoccoa,83866587,1658
1437,Zecon,90760160,1658
1438,sebinou,84297635,1658
1439,MidoneKouichi,93868659,1658
1440,hot water terasareru,96249105,1658
1441,wbh893,97190205,1658
1442,demonsq,97634689,1658
1443,RichardWest,94985359,1657
1444,wrdvdd,95429044,1657
1445,Ttmanm,94987436,1657
1446,sugarife kiriki,96717433,1657
1447,wasabi3104,84312007,1657
1448,yymh,94389561,1657
1449,2063753255,97061822,1657
1450,konky14,95327812,1657
1451,drops,83944161,1657
1452,Tyrelanas,84219840,1656
1453,Paul_Summerville1996,95405717,1656
1454,slea96,95203679,1656
1455,FKorsvik,94538001,1656
1456,losingreallybadly,91881120,1656
1457,czupbpejj5f,98684212,1655
1458,qiyana_,95370940,1655
1459,ruru52,94778750,1655
1460,Maxbot10,93924785,1655
1461,Benstar85,84944675,1655
1462,kaldarr,85214664,1655
1463,Waggi,96896221,1655
1464,Exikm,95629622,1655
1465,Leemzz,90596488,1655
1466,Chupparito,96295011,1654
1467,Kebabchef42,96070163,1654
1468,sinsumchoi,97730887,1654
1469,Nocoodolf,95680752,1654
1470,SpajderDzerusalem,1551692,1654
1471,molotovcow,94687222,1654
1472,smart onion,85288480,1654
1473,DVDvDVD13579,92484270,1654
1474,instvs,98601892,1654
1475,slashno1,93267101,1653
1476,Anjou07x,94518318,1653
1477,DatGuy1998,95131546,1653
1478,gametime101,97413527,1653
1479,adburger,93942887,1653
1480,zachgarcia,94382064,1653
1481,Ayrow33,96608094,1653
1482,puizeru,91412542,1653
1483,SiBuXiang,97831121,1653
1484,Psch8,96369415,1653
1485,981137749,97830554,1653
1486,ke83339,97523211,1653
1487,luckyman111,96803384,1653
1488,biggamerss,95731339,1653
1489,WLnova,96281222,1652
1490,michaelfliesplanes,96635266,1652
1491,Mariko2009,95769598,1652
1492,KofArk,95495345,1652
1493,Dimou,86582730,1652
1494,claude81,98779673,1652
1495,xysggame,96435430,1652
1496,Kyrsimys,95619371,1652
1497,cuipiji8,95833809,1651
1498,cyl1,97579052,1651
1499,chun geer tai,94169485,1651
1500,patrickwai,91266412,1651
1501,maxbeatking,89200888,1651
1502,maltman,5026424,1651
1503,da0220,97555834,1651
1504,tzsolt92,98419858,1651
1505,Syitnw,97159318,1650
1506,KingLang,84667860,1650
1507,hidesuwa,98922257,1650
1508,remilstl,94587394,1650
1509,bgz544,96161121,1650
1510,humanfy420,97530457,1650
1511,alunhuang,94187459,1649
1512,byoungju,85003907,1649
1513,Zclzy,95000912,1649
1514,Rosanna0925,95034180,1649
1515,aluckyboy,98913637,1649
1516,vikiyvv,96218967,1649
1517,greenwo1f,86500479,1649
1518,xiurui1517,97662234,1648
1519,Frost Polaris,95108866,1648
1520,HydrargyrumDuke,91215768,1648
1521,johnny_s,98382042,1648
1522,OzyOsterman,84319551,1648
1523,riptorius,93293963,1648
1524,qdd QAQ,98012592,1648
1525,ShrimpBuger,95753538,1648
1526,KalecgosK,91130553,1648
1527,HaogeBob,92358202,1648
1528,xiuyic,95057943,1648
1529,SOSOKOKO5828,96412718,1648
1530,Nevermore_lulu,96326779,1648
1531,Avenger1395,92867059,1647
1532,stuug,89645503,1647
1533,ar12312,93933987,1647
1534,Corran-,95761365,1647
1535,IwillDraw,96984317,1647
1536,monkins,92972968,1647
1537,Sharp1636,98715611,1647
1538,RAKHIM,84374657,1646
1539,gamez shuffler,90749143,1646
1540,Telenaut,94318663,1646
1541,shiyandu,94783545,1646
1542,gg237q5,96850802,1646
1543,Kimbum,85118908,1645
1544,shi-nian,96436012,1645
1545,renren15,98860836,1645
1546,BGlajiA,97814508,1645
1547,glacieriver,93291625,1645
1548,gegedoushirencai,95709734,1645
1549,tingxi118,92454916,1645
1550,Fizheuer,89199763,1645
1551,Arctocephalus forste,98524788,1645
1552,mobai2013,93832310,1645
1553,Tandrei,84611303,1644
1554,shecon,75349551,1644
1555,bjy161,95488618,1644
1556,cardshard,88843196,1644
1557,Djugdish,89700657,1644
1558,DaDaDaTou,85123309,1644
1559,gaoyuan0112,97195777,1644
1560,poikai2,84837633,1644
1561,bglover170,97916625,1644
1562,superiorsl,91236932,1643
1563,GeertNL,88519740,1643
1564,17yanhuo,95724470,1643
1565,VTUTUV,92358566,1643
1566,yubaibai-77,97802571,1643
1567,alunl,88393344,1643
1568,momo233142,97281739,1643
1569,diabetoh,97917717,1643
1570,SlothInSpace,90937482,1643
1571,JustCallMeAlex,98058697,1643
1572,doasisaynotasido,94705731,1643
1573,BilletjeBil,88779278,1643
1574,cocoshot,89851583,1643
1575,WubBa1UbBa,97445023,1642
1576,Dwx1998,90569188,1642
1577,aurik,84732539,1642
1578,allredx2,94444918,1642
1579,quackdlg3 duck,98240201,1642
1580,jaybeibei,97483189,1642
1581,CHKIM1,85605679,1641
1582,dvan21,96158795,1641
1583,honglongweng,92079732,1641
1584,jc3635,92225434,1641
1585,ivanmmmmm,97696692,1641
1586,amelia0109,94778067,1641
1587,Eddos2,95345563,1641
1588,Dogtian0202,94806141,1641
1589,micklee705809,96598801,1641
1590,andypants40,94965436,1641
1591,C_D_B,96287441,1641
1592,iceiscold,92156616,1641
1593,jaychali,97217360,1641
1594,escapellar,90567989,1641
1595,peter-san,94509324,1640
1596,MSTstar,97478582,1640
1597,girlyrobot,95061572,1640
1598,zht539,98747549,1640
1599,J A Frederick,95056203,1640
1600,visceral7086,97262028,1640
1601,DiterVd,93840567,1640
1602,Markus_12,90767965,1640
1603,NickyLarson,84879830,1640
1604,BraveDaddy,95250853,1640
1605,xiang_0,96669679,1640
1606,Djuhan,95798015,1639
1607,Killvil27,94414109,1639
1608,FleurdelysFan,97920839,1639
1609,heroofevil,38375601,1639
1610,Kunlun_XXX,97587602,1639
1611,cyn726,98509147,1639
1612,Hanzibal,86374828,1639
1613,koumpa3,98793780,1639
1614,fugas,84076011,1639
1615,Alex0526,96401668,1639
1616,yezi777,97521197,1638
1617,CEDARYAO,95681578,1638
1618,alonemaster00,94208179,1638
1619,IRAlukardo,91575223,1638
1620,qianqian0,92230197,1638
1621,beepzop,88424815,1638
1622,Racer31,95018246,1638
1623,weicuiwqh,97656649,1637
1624,Kludde123,98556124,1637
1625,lddbddam,94988802,1637
1626,squidwardhhh,94429629,1637
1627,Block1312,94020266,1637
1628,nervous youhomin529,98758557,1637
1629,akarin_,91342074,1637
1630,J1NY0,95365196,1637
1631,tua536,98611522,1637
1632,Nekratal,98193255,1637
1633,Byggemandbob,94989249,1636
1634,ljxngift,30612112,1636
1635,week1901,98542747,1636
1636,GiraudWu,95608174,1636
1637,Birdie_onwire,85072637,1636
1638,gmmudkip,95618342,1636
1639,UnluckyGuy_,98369058,1636
1640,bobosunny,97553906,1635
1641,hepgev,98951752,1635
1642,sssssiru-scvn,98157614,1635
1643,MirkoKatanic,86225342,1635
1644,Nana7miXING,94400971,1635
1645,PoPung,87244095,1635
1646,Doorak,83903896,1635
1647,Carltonanytime,97477991,1634
1648,Steammachine,85146292,1634
1649,Leafly,84349711,1634
1650,jrhawk003,92989784,1634
1651,nicklima24,89804289,1634
1652,LeBaoGogogo,94447130,1634
1653,Haha242,98062743,1634
1654,MeatScythe,92425920,1634
1655,nirwan,86011752,1633
1656,Curse Words,98513390,1633
1657,229133119,98339822,1633
1658,sbk006,86580306,1633
1659,Max_chan,94911601,1633
1660,Agentus,60242560,1633
1661,Gleikara,96328313,1633
1662,Deliberate,97208723,1633
1663,DoubleSP,93144034,1633
1664,--blink--,94405559,1633
1665,nice-hummingbird923,98710488,1633
1666,Baimay,97653660,1632
1667,uil685,97473739,1632
1668,thatiseric,90644530,1632
1669,dayfla,90753401,1632
1670,ronniezl123,94287444,1632
1671,Lampler,94331264,1632
1672,8laoban,96024091,1632
1673,Titims,94306281,1632
1674,ericlpress,93194072,1632
1675,Nylez85,96071274,1632
1676,sunshuren93,97834522,1631
1677,tank0201,83905681,1631
1678,xxmOjo,95064883,1631
1679,xfzqscdry,96735532,1631
1680,X_alter,95935953,1631
1681,smoothziwi,96311476,1631
1682,hollow7777,94847227,1631
1683,sharonSS,95828792,1631
1684,lonely_1sland,97366575,1631
1685,Patataki,97542765,1631
1686,Double Blue,85403864,1631
1687,Gutgolf,94489661,1631
1688,Poppapete,93436622,1630
1689,hungry-elephant-,98397527,1630
1690,Scrastolo,83906954,1630
1691,MysteryJack,97317728,1630
1692,Mukinb,95679465,1630
1693,Yimiky,97761663,1630
1694,Awesimitus,24878560,1630
1695,YBbetterPAINreal,98939206,1630
1696,Manoter,97811981,1630
1697,overloadedpotato,83865904,1630
1698,ambroisemarche,97150713,1630
1699,VirtualCourager,97788940,1630
1700,Incredible_indo,93879491,1630
1701,icecaler,91710923,1630
1702,Twouelv,94417748,1630
1703,GoshdarnBF,83825995,1630
1704,Sharon1204,91108415,1629
1705,rcollegari,85872988,1629
1706,helle,89011572,1629
1707,SPZDestro,95147854,1629
1708,ravenpeter,94532715,1629
1709,yuan020209,97939913,1629
1710,talangloes,94379245,1629
1711,salfaa,98192564,1629
1712,q1617625128,97801706,1629
1713,AHejl,97837049,1629
1714,whalexxl,98105381,1629
1715,huayanxing,95265028,1629
1716,Kactomorderca,98023010,1629
1717,capybara_ninja,98035054,1628
1718,3qkz0yp91,96573005,1628
1719,RavenDavy,92320931,1628
1720,House Goat,94028404,1628
1721,MartinAdler,93294875,1628
1722,euq115,96719552,1628
1723,t_ja11,86318524,1628
1724,Fantasy_Official,93204385,1628
1725,Mizaral,98598673,1628
1726,frosty-dolphin165,97509850,1628
1727,Nntk,4767273,1628
1728,Yumihei233,97459760,1628
1729,emitrewolf,97373238,1628
1730,xuechen159,97165882,1627
1731,Frogking81,93807724,1627
1732,Kunizial,94991389,1627
1733,CanuckEast,96930775,1627
1734,pdpd134,96928056,1627
1735,NaiFuEr,98730487,1627
1736,xebbijohw,96564965,1627
1737,2548611481,98700238,1626
1738,Jacky He,94313073,1626
1739,Darin_0222,97663186,1626
1740,littlesadmango,98240691,1626
1741,wahaha913sky,94893379,1626
1742,Robin_1997,95254787,1626
1743,Dunnerkeil22,95349081,1626
1744,frosty-ferret954,98583067,1626
1745,NonNewtonianNarwhal,92197985,1625
1746,aNuBiS_4,96040118,1625
1747,dasPaani,85514783,1625
1748,Galnar,85915778,1625
1749,applebeer,94028747,1625
1750,shadowwing0,89467531,1625
1751,zeitgeist0,94882704,1624
1752,Melkyrios,94242584,1624
1753,chenhenry003,95112378,1624
1754,overdrinkgin,95140361,1624
1755,lyyyyyu,89977038,1624
1756,turkiel,91284324,1624
1757,mohei0,98153727,1624
1758,holyhunter1,97484136,1624
1759,Xenath09,95094659,1624
1760,ulq456,98363504,1624
1761,Manrick,95089440,1623
1762,zaoshui081,91592721,1623
1763,evelynz489,97632447,1623
1764,xy952700,96500284,1623
1765,Lka1,97771476,1623
1766,hhhharry,85403455,1623
1767,Anon Tokyo,95168890,1623
1768,XCrookX,98220683,1623
1769,objective-wsa8246mm,99029081,1623
1770,Ziyuanyuan,96303358,1623
1771,R2D2Skip,94417376,1623
1772,surfer890c,95485490,1623
1773,Nevermore_dyx,92657280,1623
1774,Frank66zhende66,95579839,1622
1775,everythingbagel73,96624970,1622
1776,lulululudi,95041138,1622
1777,PhatGimli,96982647,1622
1778,crazynightatthe,96344970,1622
1779,sidalin1321,95846834,1622
1780,xzh233333,90804294,1622
1781,zaf106,91572429,1622
1782,yoav2024,95471226,1622
1783,jujubeans123,97923211,1622
1784,taobai,94347058,1622
1785,urk632,97196011,1621
1786,lzero137,97803024,1621
1787,SMARFFFFFF,98752308,1621
1788,ainzzzzs,94240600,1621
1789,Vivian8210,84799166,1621
1790,Lj0123456789,95842234,1621
1791,antaguilar,87906568,1621
1792,JoshhhG,84185972,1621
1793,confident-clownfi750,98093789,1621
1794,Au_,98204011,1621
1795,SharkWGY,91679557,1621
1796,TheNights7,96407081,1621
1797,yunge11,94315627,1621
1798,Immopp,84530029,1620
1799,petereg,91900088,1620
1800,Azoken,83857881,1620
1801,Quentino0,95709123,1620
1802,Avorax,95433760,1620
1803,net395,96360878,1620
1804,zhushen66,96160038,1619
1805,teacherSan,97477840,1619
1806,Fresh84,95776120,1619
1807,12qqwwooo123,93948583,1619
1808,Animator4532,94149760,1619
1809,Stormamma1337,95996481,1619
1810,luobo_Radish,96438974,1619
1811,plutocratic,95823246,1619
1812,Ben Field,88742130,1619
1813,qoq603,97111361,1619
1814,yoi6,84391451,1618
1815,Jukut,91596966,1618
1816,Smallcatmi,97910800,1618
1817,Falafel Waffle,95983082,1618
1818,safinafang,98555753,1618
1819,jackkj,95975209,1618
1820,soratajxt,96120416,1618
1821,ChorongFan,92839083,1618
1822,Igord Kanoots,88353096,1618
1823,hieu1998,94037868,1617
1824,TjorbenB,94045995,1617
1825,nuowei zh,97133786,1617
1826,jeejeeka,85832579,1617
1827,LuvRaychell,97522172,1617
1828,Shelter9527,91224035,1617
1829,Hakunnnnn,96580240,1617
1830,Xerxes17,85541763,1617
1831,ZIANAN,97048781,1617
1832,WUK7,92766196,1617
1833,xtez,95116679,1617
1834,Tigerfood,85366248,1617
1835,Arknovaplayer,94618061,1617
1836,Akari114514,97004633,1616
1837,Ananwenwen,97178023,1616
1838,rhythnick,98353422,1616
1839,SmurfBois,98027540,1616
1840,smuikq,94667304,1616
1841,Ice_change,97473948,1616
1842,nengbengbear,94534456,1616
1843,whiskypedia,95480765,1616
1844,GoldenEagleLover12,93124616,1616
1845,yanhuayishi,94930870,1616
1846,Katyusha and Pikachu,95454579,1616
1847,heyitsmyturn,94538782,1616
1848,Dnanreh95,95752683,1616
1849,Nansouu,90849435,1616
1850,Lester Burnham,92969515,1615
1851,hieu98,93941541,1615
1852,chris778898,95463214,1615
1853,Whippet11,86327878,1615
1854,wingspend,96468264,1615
1855,Paumenn,93898902,1615
1856,m0n3,93901102,1615
1857,ZkZyXiaoJuan,96010307,1615
1858,dada623,83841975,1615
1859,EEEch0es,94773861,1615
1860,Susuly23,96149339,1615
1861,alex van,94426097,1615
1862,lululululucy,94501259,1614
1863,zhejiushiai,95146124,1614
1864,hignite,95458554,1614
1865,pipi8976,83919399,1614
1866,rpopr,95003210,1614
1867,Watorword,85023948,1614
1868,scottvw,84430015,1614
1869,CepafoPro,91165399,1614
1870,lyfyufei,97857957,1614
1871,on_maway,85368013,1614
1872,1556552239,97158135,1613
1873,liuqytjueducn,96240021,1613
1874,vectorxvector,96028968,1613
1875,Hanley-luo,95117088,1613
1876,beyondgame,90131208,1613
1877,sshowtime,97052629,1613
1878,vinnyvamp,33156436,1613
1879,Vali1590,85604495,1613
1880,Mokam112,88941313,1613
1881,Joker0429,94911326,1613
1882,argally,85891459,1613
1883,ZZZWF,97627027,1613
1884,yurisaki mika,98819419,1612
1885,Zhou_ker,96656250,1612
1886,JohnnyBlazePL,91686520,1612
1887,StrikeFreedomXA,97109383,1612
1888,charlesmartin22,98073580,1612
1889,goakaki,96334474,1612
1890,NeonPixie,97291028,1612
1891,calvaria,84401152,1612
1892,determinedcrab70,98834613,1612
1893,Raty8,85774283,1612
1894,begggah,95387138,1612
1895,7-More,98463265,1612
1896,Sand_Baby,83837261,1612
1897,shansz,96902568,1611
1898,Danthemanrocks,26324976,1611
1899,Linkangel,92438556,1611
1900,Qeqe-Racoon,97967065,1611
1901,ImperialStout,84339872,1611
1902,Jonesinger,96522704,1611
1903,jaskins811,83838270,1611
1904,bearhunter996,98003026,1610
1905,deman13,92420655,1610
1906,sollywhy,94855765,1610
1907,yellowloveq,92396635,1610
1908,zc74560,89987253,1610
1909,Tothemoon05,94515425,1610
1910,silverash01,94800374,1610
1911,Henke79,88830068,1610
1912,JoeGaGa,96678424,1610
1913,kaibail,96902432,1609
1914,Xoth2,92905462,1609
1915,zmn322,98681521,1609
1916,Airdorf,98857746,1609
1917,ScarSheep,18175794,1609
1918,Boborockt,94364013,1609
1919,SharkNova85,93228324,1609
1920,OceanStar,98204705,1609
1921,Shin Ramyeon,84849625,1609
1922,ru1chong2zhuo2,97594602,1609
1923,GrandBlueLore,96735201,1609
1924,Kraplok,96368111,1608
1925,TheDoktar,91987211,1608
1926,Mr79,97862392,1608
1927,atx7541,27396869,1608
1928,fengqi929,95944277,1608
1929,lv3curtiss,84335732,1608
1930,lukulus74,96904102,1608
1931,tamakoko,85275387,1608
1932,DamiSoldi,96903883,1608
1933,Magic23,1599493,1608
1934,Balticus,94639910,1608
1935,HuAerr,94227716,1608
1936,Double0Seven_007,98583912,1608
1937,f beef rice,94334051,1608
1938,BeItrath,94120040,1608
1939,Baimax_,96354471,1608
1940,dharaevijayentxn762,98613228,1608
1941,silver33,92619284,1607
1942,skl034,97779106,1607
1943,xRicardo,97770188,1607
1944,0melette,95560051,1607
1945,jlui8888,93722780,1607
1946,sdmartinca,89973996,1607
1947,Nabalt1,91986124,1607
1948,Demostiny,92315952,1607
1949,amazingrobot,97816705,1607
1950,shushanyalida,95238827,1607
1951,farhanav,91407072,1607
1952,Rokafuchs,84307670,1607
1953,vex751,98731300,1607
1954,zombie0518,88763599,1607
1955,ningning1031,95424549,1607
1956,oldbison,98365271,1607
1957,Mrcoolcool,95989888,1606
1958,Pitufitoo,86871207,1606
1959,Roobid,85429639,1606
1960,MYS109,94872727,1606
1961,Gadzooks-RW,94173509,1606
1962,timelapze,95467261,1606
1963,Harqalada,85652434,1606
1964,runxiao,97053343,1606
1965,JohannesMoth,94534737,1606
1966,wizardly-kangaroo15,98235069,1606
1967,unraffled duck,97280863,1606
1968,Tywin Lanister,91095444,1606
1969,bbk821,96394793,1606
1970,Aleggyn,98941793,1605
1971,islxyqwe,96891744,1605
1972,mmmmmeeeeeppppo,96987104,1605
1973,fireflys,95240074,1605
1974,qlz326,97335858,1605
1975,zafy05,95897652,1605
1976,Oxazepam,89414228,1605
1977,yzlyx,95468015,1605
1978,forestowl,94331439,1605
1979,yoyoppps,94922888,1605
1980,whn18,97125092,1605
1981,Krazmov,91725018,1605
1982,MiangMun,94944752,1605
1983,ukii0811,95544589,1605
1984,shinyonghyun,95582827,1605
1985,dreamy-hummingbir432,98959926,1604
1986,ZhaoBing,95023282,1604
1987,meng813,96260153,1604
1988,Herein,85410118,1604
1989,addsalt5729,98342275,1604
1990,djudjudeb,85032496,1604
1991,mr meowu,96948535,1604
1992,huc289,97190307,1604
1993,muneya909,94988891,1604
1994,ZzReborn,95656596,1604
1995,Diminouille,96457792,1604
1996,deeeX,96681940,1604
1997,Tokai Teio 945,95561586,1604
1998,zuiaipaoJ,90903235,1603
1999,ItIsRickyAgain,96943599,1603
2000,ginki,83888832,1603
2001,hjxga,97624350,1603
2002,Huaqianshu,96227896,1603
2003,Seattle Curry,87958667,1603
2004,zakoko,91786129,1603
2005,wlae,95127950,1602
2006,Darkbright6,95310057,1602
2007,erlkönigin,95349776,1602
2008,kico13,88570801,1602
2009,mzagrabe,97773758,1602
2010,JUANMENGHUAN,97557657,1602
2011,MKMUNICH,97293122,1602
2012,Cylara,87601556,1602
2013,MantisTobogganMD,94474917,1602
2014,Wylaryzel,84287320,1601
2015,rookie boardg,97017558,1601
2016,Wanna-Bee,98175610,1601
2017,Merchinator,91861982,1601
2018,Mandian Zenmele,96550858,1601
2019,YouZoney,87986520,1601
2020,huntsamuel,95093778,1600
2021,yangzu22,88083093,1600
2022,Clairex,94358441,1600
2023,half awaken,93186377,1600
2024,ExpertOnBears,98311445,1600
2025,East_Sea,92351079,1600
2026,jergal98,91379040,1600
2027,Nicolexx33,93966554,1599
2028,736452236,97569321,1599
2029,Kanggu,94866706,1599
2030,a220172555,97540939,1599
2031,EdsonDu,95833972,1599
2032,akuai,94255226,1599
2033,doitagricola,98349629,1599
2034,Kamaza,93005840,1599
2035,Knight Zero,94949458,1599
2036,libra and,98499076,1598
2037,baycpt,94595194,1598
2038,Bluewind0102,94309896,1598
2039,Lestatm,87763288,1598
2040,riannel,91932005,1598
2041,tetsu2,94483630,1598
2042,idkwdya,83904075,1598
2043,sunindoor,94982532,1598
2044,Darcii,95733657,1598
2045,YoungJae,85231119,1598
2046,BenjaminXie,95105237,1598
2047,huanyingyueshi,98371083,1597
2048,eg92,84829589,1597
2049,Night-dyeing,96599535,1597
2050,miller4460,95918984,1597
2051,dtien,88035313,1597
2052,ntjingjing,92498820,1597
2053,douganjin,95158777,1597
2054,1185264824,98326124,1597
2055,QUEYANG,97728558,1596
2056,68870070,98320879,1596
2057,banan,92489292,1596
2058,simon winwin,96679981,1596
2059,gtgt410,96740318,1596
2060,Leonidas_1982,98234292,1596
2061,rockstar18,95285472,1596
2062,wwwwwwooo,97662185,1595
2063,Isaacdnt,94001984,1595
2064,brave-panda775,98669688,1595
2065,boysClub,13757918,1595
2066,modest-crow449,98227573,1595
2067,igorer,95342852,1595
2068,dodo773,97602433,1595
2069,SlugMiao,97359229,1594
2070,shrubs7,88055331,1594
2071,vikkeer,97068945,1594
2072,AntiDandruff,98856816,1594
2073,wetasdasd guo,97903665,1594
2074,Spielemedaillon,95083894,1594
2075,qwesazqwesaz,93126152,1594
2076,XJCF,94618450,1594
2077,Deekoh,84947633,1594
2078,BroVi,85902544,1593
2079,tinchoacade,97518613,1593
2080,InstaNomadic,88413292,1593
2081,Pips_In_Profit,97066179,1593
2082,Yideng,90042704,1593
2083,zyd1994,96473771,1593
2084,ppztest006,96561491,1593
2085,kramnworb,94755193,1593
2086,tsondger,85635584,1593
2087,ponkicho,93709482,1593
2088,epic-wolf626,98653960,1593
2089,jeanvahisseur,86622392,1593
2090,chrislimjiaan,84524876,1593
2091,Nidd Pomme,91807261,1593
2092,TOJE,95891217,1593
2093,zooTroop,94651522,1593
2094,ArkNovaGot,98757914,1593
2095,Tokuma081,95159434,1592
2096,havdalabills,90131528,1592
2097,loojen,98530953,1592
2098,Hixsept,94285897,1592
2099,AADAMIEC,94890144,1592
2100,Very cute king,96415453,1592
2101,OKTarg,93266133,1592
2102,Epeius,90231693,1592
2103,StarAndLamp,91666960,1591
2104,ali20070823,96961751,1591
2105,kers199010,95342151,1591
2106,LaLanan,94625441,1591
2107,padrefinancia,91940735,1591
2108,zkfreedom,94408912,1591
2109,Aaberg87,94407141,1591
2110,Easonsixsixsix,92738692,1591
2111,nerdindisguise2,95107700,1591
2112,dcrzzck,96704024,1591
2113,xyyyyyyu,98749717,1591
2114,zzgundom,93148192,1591
2115,Emerald_Cui,96540182,1591
2116,nitiandidi,96926275,1591
2117,shuoyi,98909103,1591
2118,yangyangxue123,96866359,1591
2119,Little3loy,85787138,1591
2120,Masnonet,85516982,1591
2121,OoTonyHuoO,90956423,1591
2122,Barly20,94746016,1591
2123,jbbrick55,93298788,1590
2124,arnoldpower,97478764,1590
2125,Oelephant,95127754,1590
2126,chungypoo,95282411,1590
2127,Gornal,83901621,1590
2128,Zulda,84387079,1590
2129,CatweazleBG,94422376,1590
2130,zhunandelong,8377958,1590
2131,rautisbebetsu,95826693,1590
2132,sepkor,91996028,1590
2133,KurumiWalnut,97356284,1590
2134,alvinlee59897,98567137,1589
2135,Poruchik,83888026,1589
2136,Robyn Hood,94057549,1589
2137,Moonstone999,95085604,1589
2138,TC-tang,96190831,1589
2139,Haohand,98533410,1589
2140,MaximilienLeblanc,96862178,1589
2141,choifah,94102744,1589
2142,clever-koala164,98597473,1589
2143,Luluaxinxin,95893320,1589
2144,MasterMystery,66074417,1589
2145,MONPQ,94421739,1589
2146,Valdebum,95422739,1588
2147,VicVic1995,95673859,1588
2148,botsur,85186774,1588
2149,Yanbou,87491323,1588
2150,TVM,88767758,1588
2151,youio,88838351,1587
2152,XZXX,85860036,1587
2153,iccyab,85307489,1587
2154,1792015341,97064035,1587
2155,ctsingo,34855760,1587
2156,rrosulek,94621639,1587
2157,industrialcookie,97941769,1587
2158,TemurB,96423098,1587
2159,Abenteurer 86,89640771,1587
2160,Sisheen,95435988,1587
2161,Dubbbb,95081305,1587
2162,WazaTinyAnimal,98863681,1587
2163,t-o-b-i,98150137,1587
2164,solar777,96781365,1586
2165,ROSEALLENzwt,94453618,1586
2166,Big_Zoo,95075359,1586
2167,vft811,95812462,1586
2168,tawashi3,93143134,1586
2169,Turtledude3333,94157812,1586
2170,Hatesnows,94191828,1586
2171,Omalleyy,87712696,1586
2172,Aain_,96849880,1586
2173,sukiyakimika,98842947,1586
2174,Asuet,93479963,1586
2175,zx925067879,95899544,1585
2176,swxcy,96898515,1585
2177,chouhu1,96989872,1585
2178,Theerathatja,92624266,1585
2179,dangerock,38770469,1585
2180,TheMyke,97351535,1585
2181,Dr Kira,95435106,1585
2182,produce_guy,85854809,1584
2183,protect route,97032683,1584
2184,josecarrmr301995,98115732,1584
2185,ZTG13,96223379,1584
2186,Galdor_Luelle,95975484,1584
2187,BasaranAC,85089891,1584
2188,monorum,96198142,1584
2189,earlytimes123,94389569,1584
2190,Aladinskii,93700314,1584
2191,karoshisan,94655151,1584
2192,Mira Bella,98546383,1584
2193,moulou1,92476963,1584
2194,Steinsson,95022170,1584
2195,chenji98,97399030,1584
2196,facelessmask,77687241,1584
2197,khanlee,97782935,1583
2198,totootoooo,95103676,1583
2199,AgentSmith09,96040853,1583
2200,RogerRTW,95972652,1583
2201,GehLordT,96448129,1583
2202,Halli_Hallooo,96122704,1583
2203,El9noz,95519190,1583
2204,MEIdebenne,98655689,1583
2205,whoisCDZ,96849911,1583
2206,TOEYKUBB,96863249,1582
2207,rEpeius,90156863,1582
2208,supertrampLee,96602086,1582
2209,1010jjqqkkaa,94796494,1582
2210,AaronLegenson,98336165,1582
2211,Nushasmall,94807131,1582
2212,Please_No_Injury,92259006,1582
2213,Quinmu,96392502,1582
2214,MatheusBra2il,97115168,1582
2215,hansdampf,94808305,1582
2216,GilgameAsh,98474601,1582
2217,SonShark,85137217,1582
2218,oddandordinary,93162814,1582
2219,xxnm,94540253,1582
2220,ToastyMarshmallow,84443040,1581
2221,infallible-sheep-man,98250544,1581
2222,DoctorFianchetto,94076822,1581
2223,Red-one,88078824,1581
2224,gufeng,97595008,1581
2225,maomao16,95473018,1581
2226,Mrjojae,85144397,1581
2227,mem-cyo,97656905,1581
2228,victorioushermit,95438390,1580
2229,sevenny77,97846894,1580
2230,Xiguamao,92596605,1580
2231,PandaDan365,98208623,1580
2232,Michnata,92467003,1580
2233,staurakios,94923152,1580
2234,xvt808,97559826,1580
2235,J_hou,92750668,1580
2236,david he,84668175,1580
2237,Middag,93233762,1579
2238,victor38085,47307787,1579
2239,Montu,83829111,1579
2240,nice-lion736,97615424,1579
2241,asdswsxs,88983874,1579
2242,dannyding,93488829,1579
2243,jilebai,92316169,1579
2244,twotwo_0222,97663291,1578
2245,tqy2101,95377504,1578
2246,Slevix,84636650,1578
2247,Fooooooox,97201851,1578
2248,horses of horse,96596682,1578
2249,rockenwind84,97505934,1578
2250,dazzling_ww155843997,97506590,1578
2251,cancel9,92752803,1578
2252,Jaded_Kronos,95716162,1578
2253,SteveHerbert,87706937,1578
2254,jajozh,94955120,1578
2255,Macaaron,84212443,1577
2256,Vento1000,93232586,1577
2257,Membochka,94073594,1577
2258,HOLYquacaMOLY,97006424,1577
2259,B and S,96401492,1577
2260,Icybone,93209560,1577
2261,shrodinger,85763315,1577
2262,lazieast,97486222,1577
2263,AAAllen,95828140,1577
2264,dadouzi,93148180,1577
2265,Koming,83957409,1576
2266,frx123,98705069,1576
2267,la-li-lu,97662381,1576
2268,shiren157,89623481,1576
2269,316001767,97745307,1576
2270,gmoneyt1me,94323200,1576
2271,WazaMediumAnimal,98864037,1576
2272,837711354,97743210,1576
2273,50percenttoconcede,96286699,1575
2274,Goodduck,94153211,1575
2275,ResyreV,83896577,1575
2276,Ch0co1ny,96052197,1575
2277,ImbaAsuka,97641229,1575
2278,ghostdd,87939568,1575
2279,tflet,92157222,1575
2280,yy1688,95007369,1575
2281,xiaoyingfeiya,95541311,1575
2282,flywolfw,96132208,1575
2283,woliubukaidao-bstar,97038908,1575
2284,TGio1027,90950870,1575
2285,Snafu58,93126527,1574
2286,Zoosis,96051655,1574
2287,patio-d,94323208,1574
2288,ingzjny,94174082,1574
2289,smoothduck15,84725614,1574
2290,Osmosmo,89591328,1574
2291,Qilian mountains,94542866,1574
2292,Mr80_real,97846885,1574
2293,micng066,94659393,1574
2294,karnokrat,95456491,1574
2295,Angelady,84253168,1574
2296,infallible-tiger198,98497158,1574
2297,luminous48,92663924,1574
2298,saltandvinnychipies,95591364,1573
2299,marvely,93308392,1573
2300,YY114514,92326858,1573
2301,DxKxY,96230007,1573
2302,RamuneGuy,88955129,1573
2303,MonkeyyyKing,98409943,1573
2304,Daniel1234567890,89493343,1573
2305,sinarmed26,97590396,1573
2306,TurboCesar,96484387,1573
2307,rainlovecc99,97672370,1573
2308,sinkkaa,97778125,1572
2309,Almire,84644424,1572
2310,dushuhaizi,97771457,1572
2311,YouAndMeBestfriend,95041695,1572
2312,AaronBE85,85499118,1572
2313,KIPI00,95863928,1572
2314,Time2Pretend,95790551,1572
2315,bodof1,95237219,1572
2316,spider-ham,94582564,1572
2317,Viceroy,9491185,1572
2318,lanis,84533556,1572
2319,type077,95598187,1572
2320,WhatTheDice,98682835,1572
2321,EAGLE619,97596306,1571
2322,Wander_lust,96864050,1571
2323,VanCity,84584019,1571
2324,Moo81,90584211,1571
2325,unponder,93987321,1571
2326,snoopyboy,95612058,1571
2327,RivaIIs,95160327,1571
2328,BestofSNU,92976064,1571
2329,Taes21,90886496,1571
2330,xiaobai6,94946912,1571
2331,zhongjing715,97983334,1571
2332,revamaxx,85732442,1571
2333,fov686,98345090,1571
2334,Buksy,84762717,1570
2335,tatakaitatakai114514,98488722,1570
2336,chadmills,88162699,1570
2337,sleepyist,92854547,1570
2338,Sheepinc,96828938,1570
2339,Dream_CACAO,93472544,1570
2340,Benny_Balboa,84298460,1570
2341,Eurusxxx,97637291,1570
2342,Terrance,15860643,1570
2343,luckyHanzo,95348598,1570
2344,crush one,98337101,1570
2345,kongbaizi,95787042,1570
2346,p-tash,95301794,1570
2347,cuberner,86668551,1569
2348,davidcnaoh,84282956,1569
2349,Un Duel Masters,98598564,1569
2350,EquilinT,94160543,1569
2351,JohannV,95069929,1569
2352,Elephantastic,94982094,1569
2353,L Kama,85018525,1569
2354,nomorl,96516958,1568
2355,llxllx999,94184206,1568
2356,Pheasant1234,90988921,1568
2357,ZAAKSAN1999,93021055,1568
2358,Kchalot,85627083,1568
2359,Kain123,95573808,1568
2360,cattttt_,95540094,1568
2361,Kiwistrauch,97724407,1568
2362,Maharadza1008,94603801,1568
2363,nhw831,98531584,1568
2364,TETSU88,92184852,1567
2365,kbuibe571,97839454,1567
2366,ofb655,95621784,1567
2367,TheAmericaExpert,97217382,1567
2368,WannesVyvey,95763496,1567
2369,board8989889,96111153,1567
2370,Melodia,84779027,1567
2371,szzqaag,96556838,1567
2372,vitaz97,90058784,1567
2373,foringy,94535089,1566
2374,hulizhou,96679167,1566
2375,ericsabee,83873230,1566
2376,xupengzhi9688,98546878,1566
2377,maxczz11,96334890,1566
2378,icering,85240987,1566
2379,yelowang,98081999,1566
2380,Mutsumi_,98112566,1566
2381,water is ice,98767400,1565
2382,Xlier,84192972,1565
2383,Maskil-,89388685,1565
2384,stander,84599958,1565
2385,cakepopdance,97239408,1565
2386,nfo641,98509053,1565
2387,lilzuke,87981121,1565
2388,wangxiaowei,96401875,1565
2389,BigGreenMelon,94472463,1565
2390,Brombergius,94255406,1565
2391,Niclson,91396112,1564
2392,wenhe11,98097682,1564
2393,whisnana,95196176,1564
2394,MatChan7212,83959906,1564
2395,sr4444,94822168,1564
2396,sharp-koala953,98714632,1564
2397,Allen Evans,96552690,1564
2398,crossingwalls,85536843,1564
2399,AperolSpritzigAmBerg,98248882,1564
2400,marca64,87483373,1564
2401,show maaker,95192255,1564
2402,pandingyi,93432004,1564
2403,df5dhm97w,98382431,1564
2404,wang xiaochuan,91574792,1563
2405,Niggovic,94351070,1563
2406,Verna_,97398690,1563
2407,chuncheng,94385377,1563
2408,kandomdc,98268634,1563
2409,fortunatelygaston,97226792,1563
2410,enfp-t,96953601,1563
2411,Stefinelis,84416510,1563
2412,NOABR,73541905,1563
2413,zwz184,97445740,1563
2414,yugioh321,95114258,1562
2415,sandnfire,92079545,1562
2416,Third_Era,94887820,1562
2417,motyapa1,93925077,1562
2418,Vigfus,84018978,1562
2419,shizhishuangmou,95418772,1562
2420,TSTS23,97600563,1562
2421,AnselmJia,85214842,1562
2422,yanxi_,97770378,1562
2423,Saundog,96382799,1562
2424,wangqiu,96632590,1562
2425,ChioneWinterfury,90593489,1562
2426,dafeiaki,95326217,1562
2427,convillenowacksv4615,98449894,1562
2428,Mitochan7,97019259,1562
2429,zz2telet,96294094,1561
2430,Suzu_XIII,97741231,1561
2431,Mr_Rhodes,94369216,1561
2432,HeavyKladdkaka,94947404,1561
2433,IAMKCHINA,98352091,1561
2434,Galiquany,84203186,1561
2435,LeaPear,96111217,1561
2436,cxyou,96903626,1560
2437,Geneeyow,83896388,1560
2438,gudao1212,97737302,1560
2439,mikyvr,85017906,1560
2440,KarnumSalgidor,87275661,1560
2441,Tyrian,28976494,1560
2442,ahonyek,84789791,1560
2443,haript,97617166,1560
2444,Yelenafree,94799447,1560
2445,ryv703,97909671,1560
2446,kyh351,98611602,1560
2447,Forgi,85694133,1560
2448,Jollyl3EAR,88725051,1559
2449,LiverG,88714519,1559
2450,vicroth,97738934,1559
2451,Londrien,93603653,1559
2452,Barbodas,96507724,1559
2453,Daylight Robbery,96158595,1559
2454,lyzzgx,95714089,1559
2455,Corwin007,84493122,1558
2456,IzZI127,85256255,1558
2457,Z-Type,54370796,1558
2458,SIGChief,91171376,1558
2459,Arkhamft,96876359,1558
2460,sinnyo,94566753,1558
2461,Wargraith,95584545,1558
2462,MoesesBM,94506581,1558
2463,Ein_z,85387833,1558
2464,PrestageHolmes,94489766,1558
2465,chouderen,97819446,1558
2466,zhaozk21,98314389,1558
2467,step hoddy,98374706,1558
2468,SMAV,95301938,1558
2469,elsa_anna,92074429,1558
2470,ddddx04,93196095,1557
2471,Bamhurger,86071563,1557
2472,bastieH,96527370,1557
2473,chenhx,96271878,1557
2474,Djackalle,94359994,1557
2475,billchex,84878657,1557
2476,Mensa King,95215527,1557
2477,U5712000,94763606,1556
2478,IzaSledja,94264560,1556
2479,tty34913376,93179149,1556
2480,BluAnt0612,94718370,1556
2481,liaz37,98159727,1556
2482,new kerbal,96870686,1556
2483,OUTinFRONT,98090663,1556
2484,GKZhukov,83863423,1556
2485,clampthechamp,95289090,1556
2486,Joseph1198,85197151,1556
2487,flamboyant-crow752,98793632,1555
2488,mickying,91658657,1555
2489,Tge1,97759652,1555
2490,NieHell,87006146,1555
2491,Bennea,84642847,1555
2492,c0c0crunchy,84701529,1555
2493,lywai,96056953,1555
2494,emute,84207486,1555
2495,0mmx0,93123242,1555
2496,balabalaeric,98794282,1555
2497,vnl993,96843566,1555
2498,ChrisShan,92579787,1555
2499,FishLifi,91417584,1555
2500,ninpoyo,84795828,1554
2501,Jecoluce,94865522,1554
2502,Cpt_Pingu,95589715,1554
2503,BhSuza,95768863,1554
2504,pedro677,88833745,1554
2505,mimiwoh,93551206,1554
2506,RLrobot,91372060,1554
2507,Eternal Plague,98432503,1553
2508,crixalis_su,98509628,1553
2509,rothschildli2,96249551,1553
2510,seth2311,84345517,1553
2511,wanghorange,88377778,1553
2512,Sacrifar,84832745,1553
2513,vctrw,91005754,1553
2514,Zoo Manchu,95455618,1552
2515,ajie1111,91727101,1552
2516,947762988,97044452,1552
2517,Groovenstein,92746874,1552
2518,litiany,94950295,1552
2519,gmoneydr,95551438,1552
2520,fei yu,84380781,1552
2521,July20249,97307170,1552
2522,crestfall,94703857,1552
2523,BeiChen21,98399925,1552
2524,OY-WT,98278695,1552
2525,hooooli,85409218,1552
2526,Fizbobo,90642482,1551
2527,HotRodParties,98330913,1551
2528,haoyunlai94,95534825,1551
2529,thigya,90750695,1551
2530,RalpHog,93633593,1551
2531,imllkxs,92541257,1551
2532,Captain Pandaaa,97946358,1551
2533,kindfortress,85510517,1551
2534,ACT_F,97726587,1550
2535,atnino,97180083,1550
2536,Dallu,95646213,1550
2537,squaretree,88578988,1550
2538,TTTiger54,92563226,1550
2539,rj645,93540622,1550
2540,evilmajin,93829431,1550
2541,RM147,90890083,1550
2542,szakaaa,97138563,1550
2543,Pneuma,83993982,1550
2544,beibeikiss,95802008,1549
2545,aihuijiao,98779007,1549
2546,Sumatra Tiger King,97232421,1549
2547,fthuning1,89079774,1549
2548,Pkuhn,89465639,1549
2549,star0824,94235898,1549
2550,buq679,98606341,1549
2551,butou,92359733,1549
2552,happy-oldman,98331859,1548
2553,Nhson,85104186,1548
2554,iriszzzz,97263329,1548
2555,Luci_Likey,95360936,1548
2556,OleBlund,94845915,1548
2557,hsawczuk,98491911,1548
2558,na7na7mi,94584541,1548
2559,PiliTommy,96854480,1547
2560,yueshi,94448440,1547
2561,arkalex,95683273,1547
2562,iceeed,84996817,1547
2563,cndota,95668708,1547
2564,foreverxin,98071793,1547
2565,danimalk6,95177231,1547
2566,cjschinn,86792443,1547
2567,GrandDed,95584568,1547
2568,Berry,85226698,1547
2569,TerrorCrew,95795630,1547
2570,yellowmambas,98697889,1547
2571,Bearded_Cuddler,93787235,1547
2572,sun-lelouch,97370310,1547
2573,zcNeuer,94245350,1547
2574,axeworrior,84787722,1546
2575,xky399,98711936,1546
2576,ray_,95272182,1546
2577,LYHDoc,96075533,1546
2578,sleepy z2867571095,98388809,1546
2579,Cookienator93,96492912,1546
2580,Moooooooooooo0o,96011386,1546
2581,shova280,94650382,1545
2582,anto9202,95771163,1545
2583,MrMaymay,94734537,1545
2584,chenlin1218,97715212,1545
2585,D0ughnut,95560252,1545
2586,elwirfo,85528330,1545
2587,knightmare66,88012850,1545
2588,SPikeStaAr,94406053,1545
2589,The Kuan,96319642,1545
2590,Ocunpitier,97789561,1545
2591,prajmus_,94159758,1545
2592,seastory1,96529543,1545
2593,DogHoney-_-,92563698,1545
2594,infallible-chicke231,98385075,1545
2595,lujian520000,94308336,1545
2596,842100855,97857900,1544
2597,DwayneFa,92203661,1544
2598,jpharrison13,94717909,1544
2599,Fif23,89389146,1544
2600,Treadmilldrg,94541652,1544
2601,758407667,96028165,1544
2602,ThisIstheNight,96256426,1544
2603,jcphoenix,91074475,1544
2604,Gongsung,87308372,1543
2605,MalibuOrange,93746170,1543
2606,Larisa-03,95492671,1543
2607,zhanx,90951086,1543
2608,1787428500,98127919,1543
2609,hys1213,97117212,1543
2610,305387106,97084023,1543
2611,BarneyRubals,86787244,1543
2612,bakyy,97735523,1543
2613,Fettfjes,84298491,1542
2614,doriczhou,96853802,1542
2615,qianyeluofei1125,96282749,1542
2616,aHug2705,94402481,1542
2617,gregory96,95529963,1542
2618,kim goguma,95183439,1542
2619,peanutmi6,98298110,1542
2620,Junning,97955984,1542
2621,azsxy,95807369,1541
2622,lavoia,97992984,1541
2623,Fan83,94684236,1541
2624,cyu255,96674637,1541
2625,wyzbill123,98332313,1540
2626,toraratora0704,96742109,1540
2627,Min4kam1Yuki,98834705,1540
2628,Pozman,804216,1540
2629,tutu0610,96812699,1540
2630,cheval_raye,85578828,1540
2631,jakeywakey10,96510297,1540
2632,MartoTom,84953013,1540
2633,GoranyKing,94680378,1539
2634,KaijuYeager,95010957,1539
2635,Tarish,96590513,1539
2636,laynewebb,88376997,1539
2637,kourepai,88432851,1539
2638,yokoco1027,94510130,1538
2639,priceless-horse251,98497455,1538
2640,jack21407,14953804,1538
2641,Boostel,96476792,1538
2642,jjjjjun,94956930,1538
2643,Louis5151,92187781,1538
2644,Vul13,93941253,1538
2645,HeeroChris,97261202,1538
2646,cheuklokcheng1990,89946723,1538
2647,lidawuqiong,92538705,1538
2648,tuoluxingdong,92181384,1538
2649,Pomegranada,85245217,1538
2650,bulbasaurus7150,98391248,1537
2651,Boostel,96476792,1538
2652,jjjjjun,94956930,1538
2653,Louis5151,92187781,1538
2654,Vul13,93941253,1538
2655,HeeroChris,97261202,1538
2656,cheuklokcheng1990,89946723,1538
2657,lidawuqiong,92538705,1538
2658,tuoluxingdong,92181384,1538
2659,Pomegranada,85245217,1538
2660,bulbasaurus7150,98391248,1537
2661,zxu1989,98321968,1537
2662,KOTOBUKI_TSUMUGI,95191324,1537
2663,415180100,97053244,1537
2664,MirkoMirkoMirko,88348816,1537
2665,Nihihi,86441861,1537
2666,tichog,93677215,1537
2667,aec29,95188932,1537
2668,ille450,96613203,1537
2669,SpearsMartinTroy,94207052,1537
2670,AugustSomebody,90201062,1537
2671,MottenJott,97954623,1535
2672,trickbreaker,92103022,1535
2673,eliseu88,42511972,1535
2674,hydralisk_896,95119136,1534
2675,XiaoFeiLie,98907091,1534
2676,MOMOMO234234,95951442,1534
2677,ganjarlander,95574571,1534
2678,T Street,93256427,1534
2679,medlo30,97994010,1534
2680,miyanaga saki,97746297,1534
2681,Hank1426,96586974,1534
2682,adschinner,95295243,1533
2683,Krakatora,96160264,1533
2684,xiyucai,97789563,1533
2685,Logabibi,97420095,1533
2686,johanki123,85036397,1533
2687,LOVE JIEJIE,97692012,1533
2688,superCMR,96612132,1533
2689,yakult-,96843470,1533
2690,galvnmanuel,94745017,1533
2691,Stormpp,96024723,1532
2692,Bencoudon,95358559,1532
2693,Badgamer10,97839801,1532
2694,xifeng,97915026,1532
2695,hidonbush,98011407,1532
2696,KeepCalmAndWazo,91235933,1532
2697,Gaandalf,88883422,1532
2698,WAZALargeAnimal,98793093,1532
2699,ChamHa,85287719,1532
2700,anw201018,90103115,1531
2701,KHun71,90330735,1531
2702,Terz,85167658,1531
2703,blanket manager,93728906,1531
2704,wddmm,97166650,1531
2705,lmstevenson20bear,98489660,1530
2706,kampfrabe,84700901,1530
2707,Paulie Garand,98679101,1530
2708,channelish1,95553868,1530
2709,aedzuko,96721157,1530
2710,LLorange,95137404,1530
2711,Emmanuel321,96880210,1530
2712,Nasher1976,84803594,1530
2713,Kai Der Grosse 42,92429835,1530
2714,MiloWhite4,92908347,1530
2715,M4K,95280722,1529
2716,jerry29torres7900,98649620,1529
2717,qkn626,97473695,1529
2718,bigbadgoosey,95520577,1529
2719,kinotf601-alligator,98549066,1529
2720,yangdan,90019590,1528
2721,Chicobing23,97249641,1528
2722,zhen_1996,91590219,1528
2723,RenarinFansOnly,98914358,1528
2724,DMIREE,97041359,1528
2725,Fish96,96287050,1528
2726,nieflyfly,98621619,1528
2727,kazui31,91573665,1527
2728,fantyz,92922795,1527
2729,BROJIN94,97915742,1527
2730,Raxxax,98511691,1527
2731,whippersnapper,97562773,1527
2732,Myshkin90,98228721,1527
2733,bxx321,94875410,1527
2734,sshure,93088903,1526
2735,cysnyydd,98317348,1526
2736,Kulvinst,83824468,1526
2737,luckywagner,91185510,1526
2738,laowuke,96958459,1526
2739,nanaya77,91489089,1526
2740,kit0330,88536041,1526
2741,heyijie2000,95422173,1526
2742,DeadPunker,84076636,1526
2743,gamergirl1994,94572698,1526
2744,ericlizhiyao,97236245,1525
2745,plzbepatient,95080857,1525
2746,boardgamesmue,93909596,1525
2747,Tolpe87,97742905,1525
2748,jacklisifeng,96365355,1525
2749,regular_daddy,89328656,1525
2750,bigJJking,95841839,1524
2751,sheep0616,92673658,1524
2752,ohkub,94768339,1524
2753,cccs12345,84873327,1524
2754,Orange,1140293,1524
2755,hru150,95879720,1524
2756,NecroPaly,96440589,1524
2757,blaugreniak,94676648,1524
2758,Saunanissen,89622746,1524
2759,HW2657,98269804,1524
2760,Tomy_Young,95046007,1524
2761,Nocilo,96340845,1524
2762,FrankTiar900,95340344,1524
2763,kof2076,95615296,1524
2764,au1001,93114127,1524
2765,hyd175,98637191,1524
2766,TZD,91939345,1524
2767,laff-00071,97759367,1523
2768,jakhollmann,86138009,1523
2769,DannyT,78208993,1523
2770,yuzuyuzupo,86674319,1523
2771,_Freestyle_,93436169,1523
2772,WYJ0529,93929499,1523
2773,Ffk12580,96610801,1523
2774,Masschy,30189720,1522
2775,NgDrago,92156157,1522
2776,smarts24,95538715,1522
2777,Jonuique,96097655,1522
2778,demon Po Kong,94338839,1521
2779,jodash,94328424,1521
2780,americandingo,96873740,1521
2781,CrvenaFronta,94640210,1521
2782,efc948,98427988,1521
2783,thewizardsbaker,94509742,1521
2784,Chen2333,91459236,1521
2785,josephhu19991113,97785437,1521
2786,Meltapo,95793107,1520
2787,DerenskiiEvgenii,90507384,1520
2788,mettevbadenski,97110900,1520
2789,Berlyan,95370603,1520
2790,nds_dc,86732331,1520
2791,happy-parrot776,97474614,1520
2792,misplaymaker,97759070,1520
2793,2961139064,98440051,1520
2794,relaxed-bull,98440051,1520
2795,yujungx3,97083845,1519
2796,HanzyEZ,97241388,1519
2797,helpme-,97983704,1519
2798,RicHunter,95051175,1519
2799,Tatertoteatalot,95529184,1519
2800,KeeperofLolis,97056265,1519
2801,Mamba23,85554306,1519
2802,yakitorityan40,93300638,1518
2803,JQ93,97666771,1518
2804,annypanda,97530346,1518
2805,u_u o_o,95974025,1518
2806,myonly,97914626,1518
2807,ComboBell,95154806,1518
2808,I3raVo,92470954,1518
2809,vasean,97562048,1518
2810,orange Observer,97294737,1518
2811,QuetzPro,6724997,1518
2812,yongggon,93071976,1517
2813,DACATKING,91808333,1517
2814,Tenebrane,84311487,1517
2815,enthused,28686768,1517
2816,gaokai,96722771,1517
2817,talentdeficit,94626374,1517
2818,nybb,84779259,1517
2819,17858667668,97535535,1517
2820,yafeiji,92650950,1517
2821,Skyrios2657,87251226,1516
2822,tyco7,94975493,1516
2823,Cotton Wool Spot,98600094,1516
2824,Sakura13495,96717109,1516
2825,BanditMax,96376473,1516
2826,RLackie,88547680,1516
2827,suxiaoqiao,98438227,1516
2828,xxkifxx,85514483,1515
2829,yangyishen21,97170473,1515
2830,HIHI HIHI HAHA,95848356,1515
2831,Link_hero,94718990,1515
2832,yhs18544415,94072884,1515
2833,CONGW,95258487,1515
2834,DH76,88929861,1515
2835,OliBoardGamer,89365992,1515
2836,ndot6,97902841,1515
2837,midar76,90290349,1515
2838,coastline-go,94385799,1515
2839,bhunio,98178725,1514
2840,mengbidelaoshiren,94916054,1514
2841,ambush_raspberries,98883510,1514
2842,ModdashG,92768003,1514
2843,sberi,95578035,1514
2844,Coinflipr,87508291,1514
2845,houzi0209,84396877,1514
2846,hqqqqq_q,96622519,1514
2847,magina54,94338969,1514
2848,jaeman park,93577539,1513
2849,bopoqod,93020486,1513
2850,HiBigWhiteDog,95608961,1513
2851,Swift_J,97116353,1512
2852,Khoiace,97414193,1512
2853,TrickNic89,94912236,1512
2854,ByCh,95355322,1512
2855,JIJINFrank,97950452,1512
2856,TheRizzzler,94301101,1512
2857,297115150,97762452,1512
2858,Arthur Jeannot,85095229,1512
2859,DJBuro,85237751,1511
2860,dearlate,84789010,1511
2861,1alicez1,96178631,1511
2862,MartinDanson,84776454,1511
2863,K_Bear,97804997,1511
2864,trntxp,96661047,1511
2865,Paul F,84375276,1511
2866,Ark Nova Builder,94360475,1511
2867,HyperJammy,98889628,1510
2868,4399MM,98011549,1510
2869,JohnDo123,97373131,1510
2870,Viscontinental,96235814,1510
2871,crazypyroz,95538436,1510
2872,Mangogoo,97867921,1510
2873,Krootish86,94463268,1510
2874,WilloSdaddy,98046583,1510
2875,lazyWombat,91110787,1510
2876,Griff1n,97838669,1509
2877,ybj0309,91903691,1509
2878,oli360,97104405,1509
2879,jjomedosa,97061601,1509
2880,CHENZOUZOU,96105545,1509
2881,super203,96077823,1509
2882,Krokofant,95690037,1508
2883,MaxiNomade,84646913,1508
2884,Lambda503,85290543,1508
2885,Schizofranz,85837660,1508
2886,dalarlawson472,98514655,1508
2887,upbeat-llama201,98629903,1508
2888,intelligent-cat881,98337148,1508
2889,-SHEN,97501602,1508
2890,zaomengxiansheng,96602745,1507
2891,krunx,87524804,1507
2892,supealen,93766767,1507
2893,moore,75874858,1507
2894,Malekbonnudd,90105801,1507
2895,MilkyK,95501945,1507
2896,Choco_23,95685288,1507
2897,ElJefe81,95447587,1507
2898,Happyi,93646635,1507
2899,charlessbc,93696604,1507
2900,wifi-bieka-zyq,97829664,1507
2901,Kamoulox57,90562134,1506
2902,aefhiogaming,97753396,1506
2903,elastic-cat,97167708,1506
2904,Erfthegreat,88187538,1506
2905,FireFireSpark,98400968,1506
2906,DANTABOB,98462804,1506
2907,da_Ruke,97841364,1505
2908,XGHJ,97466547,1505
2909,KindIsPunk,98163589,1505
2910,bloodies,85392871,1505
2911,Docter_Fool,92179697,1505
2912,koinegauhito,95748083,1505
2913,JJJiaaa,95624438,1505
2914,HarleSOS,89634572,1505
2915,FranHV,92080274,1504
2916,asalasfdez23,98466258,1504
2917,emilchik,97186332,1504
2918,keflak,98551713,1504
2919,nooks,87880290,1504
2920,dreamandpoet,93495842,1504
2921,aurepaul,86823643,1504
2922,BossLOU,97529707,1504
2923,pjjss,95405734,1504
2924,dazzling-kangaroo572,97977804,1504
2925,mbp2592,97560612,1503
2926,ThomasOmata,90369024,1503
2927,Elsabela,97067686,1503
2928,vvv1104,98055534,1503
2929,shakafish,97839087,1503
2930,tadafuyu,98840877,1503
2931,sleepy-crocodile843,97650351,1502
2932,yw_jobby,88942101,1502
2933,eloquent-fish122,97825079,1502
2934,LEITINGBANYUEZHAN,93260147,1502
2935,snowystar,95002298,1502
2936,Diana Sianodel,86126963,1502
2937,Sand_,98734971,1502
2938,le_asmo,91930865,1502
2939,CarterDZ,94467672,1502
2940,tsp338,98839910,1501
2941,infozzzzyw,98257740,1501
2942,RoublardChenapan,85591979,1501
2943,HoHaen,92933875,1501
2944,Aisakal,98364159,1501
2945,dwarf80,84052063,1501
2946,Yuan724,97479779,1500
2947,Xiao93,89107474,1500
2948,livevilive,96889277,1500
2949,warieyemii,95939896,1499
2950,Shhmanduh,88386282,1499
2951,peeverson24,94533337,1499
2952,guatai321,94362339,1499
2953,Omelet_NAaT,87914743,1499
2954,Aliandro,96372888,1499
2955,Don Worry B Happy,95507248,1499
2956,Stormfury_2701,95124281,1499
2957,TheLegoPadawan,95341532,1499
2958,Donus,3044936,1498
2959,borja68,88915223,1498
2960,zxnb,94215578,1498
2961,salieri12138,97436145,1498
2962,ab960083,95103687,1498
2963,Tongtong2021,90274680,1498
2964,Kat5318,93532478,1498
2965,DBerglund,89874381,1498
2966,Djemba_Djemba,94348756,1498
2967,shogi_neko,90981707,1498
2968,pajdo119,96010624,1498
2969,Oxygen M,98491946,1498
2970,YQ play,96755884,1497
2971,kawayacine,85050964,1497
2972,nl2imhhb3h,98518149,1497
2973,CoolGeom,88207868,1497
2974,Shinsooooo,96078945,1497
2975,Rekulati,95108895,1497
2976,darkorbit777,94137360,1496
2977,StarTAT,98037086,1496
2978,joy persona,98298973,1496
2979,azcats2002,43599321,1496
2980,Ponlun,95848309,1496
2981,innovation813,96664691,1496
2982,BluntestGlobe39,91746241,1495
2983,wutchero,92828621,1495
2984,Pandevmonium,83844308,1495
2985,ahboonnnn,96676985,1495
2986,Joel Sandström,90070148,1495
2987,HououinOrange,94354619,1494
2988,cattleon1khills,94687065,1494
2989,Vinho25,88437158,1494
2990,sharkaaa99,96627041,1494
2991,Xyrrath,88701447,1494
2992,8NoobooN8,95791560,1494
2993,HaskyFDU,90651844,1494
2994,GingerHearts,91156188,1494
2995,XAShadowFreedom,97095659,1493
2996,dobreczasy,97352806,1493
2997,Ailsa18,97436922,1493
2998,Wishy_Washy_1,94173101,1493
2999,dizroo,98404441,1493
3000,gBerggeit,85577605,1492
3001,Anuna8,94603579,1492
3002,Illu333,91544252,1492
3003,AnteB,95118064,1492
3004,xuhao2080,95637307,1492
3005,Colivarius,98416100,1492
3006,Mongoose01ca,85451811,1492
3007,ZennyCy,84356128,1492
3008,Inxoteb,91160005,1492
3009,grossq,92916452,1492
3010,davidlohovren,97172479,1491
3011,HORIZONPIU,92405936,1491
3012,LangerHs,92413652,1491
3013,Urb_Allycat,93062001,1491
3014,WNYwny123,92427923,1491
3015,BioMAN,83990746,1491
3016,ArHiMeDMIPT,94817261,1490
3017,sunana_suke,94656826,1490
3018,Nikita001,95417872,1490
3019,Quetzalkev,83954895,1490
3020,JerBu,85835357,1489
3021,Thwuck,84238317,1489
3022,qkn791,97365737,1489
3023,silap5pygifnxai,98765188,1489
3024,hypnotum,95226336,1489
3025,Dinosaurinlabor,60651678,1489
3026,claysnow,98178978,1488
3027,munpoi,96703210,1488
3028,cqapp,91097392,1488
3029,Jedixc,85406411,1488
3030,EiskalterRegen90,95648915,1488
3031,444713455,98217920,1488
3032,crazydanejones,95087493,1487
3033,arnaulowry13,94451275,1487
3034,uppel,96898807,1487
3035,7anyun,94614094,1487
3036,Kenneth S,88716591,1487
3037,Stylefruit,94895837,1487
3038,OlafderSchneemann23,95220969,1487
3039,migu89,94367436,1487
3040,Cuzoolius,98314166,1487
3041,crusader-san,97783908,1487
3042,YUNYING2025,97048844,1487
3043,dadahao,91029806,1487
3044,QHZJ,98204824,1486
3045,weiweiC,85477744,1486
3046,NNMilan,95873106,1486
3047,Buliano,94610946,1486
3048,festive-robin802,98975129,1486
3049,WazaSuperAnimal,98956094,1485
3050,luowei930410,96012773,1485
3051,Mahabufu,84918860,1485
3052,Kilo_Watt,94521270,1484
3053,0snowcrane0,94035409,1484
3054,lso821,97995431,1484
3055,likainen_rusina,97013922,1484
3056,Cajun Viking,95415980,1483
3057,beovam,98303977,1483
3058,Winnie1001,84315744,1483
3059,chagaman,83838150,1483
3060,lack,5110256,1483
3061,jRs80,84743920,1483
3062,Bevanslaw,85700291,1483
3063,marge2,94989321,1483
3064,Pumpds,84791061,1482
3065,butchii,97090257,1482
3066,Amor_NaNa,97677342,1482
3067,mangomadman,94798731,1482
3068,lizzie321,89962809,1482
3069,Stoic-Sloth,97194516,1482
3070,Jump-hop-shout_,97705586,1482
3071,1178164920,97679800,1482
3072,Szentes Richard,93921018,1482
3073,17burger,98629078,1482
3074,ClimbingOtter,98489875,1481
3075,WarriorPaco,96673873,1481
3076,super limon,97361364,1481
3077,AisakaShana,98189383,1481
3078,cve599,98696255,1480
3079,Viscum coloratum,94536272,1480
3080,BushyyDoc,98872149,1480
3081,Iaranator,91069574,1480
3082,il1uuu,96657063,1480
3083,ToToRo1101,96092672,1480
3084,wen0794,92648370,1480
3085,Ramonsterchen,87623428,1479
3086,reborn8787,95298213,1479
3087,DanielCamposR,94907986,1479
3088,Carlo_VS,84012586,1479
3089,zyx1005,91120675,1479
3090,Xiaojuzi,97755337,1479
3091,myyangshux,84514540,1479
3092,BernardoMcLeod,87532838,1479
3093,Hrhrhr185,97956577,1478
3094,ajsbsmdk,96546449,1478
3095,WarEagle53,94400489,1478
3096,Rouuliaa,94394727,1478
3097,s redhat,83948108,1478
3098,Redemptionfu,95573369,1478
3099,Lurvetull,92485451,1478
3100,mdjx,98289129,1478
3101,CurtainMaek,96590257,1478
3102,zajpit,97850859,1478
3103,Loki 88,98451048,1478
3104,Stobbe2,89369299,1477
3105,AnzeA,95690171,1477
3106,lijin18175708034,97328493,1477
3107,mongsik25,94712252,1477
3108,QllQ,95047217,1477
3109,clemente96,95840152,1477
3110,ARK - Totoro,97656676,1476
3111,socoldwood,94838994,1476
3112,lingyipyipyip,98295391,1476
3113,svenSolingwn,93165330,1476
3114,blurrr1998,94980259,1476
3115,xiao shao,98267089,1476
3116,Aglarel,1219528,1475
3117,saintrop,94334065,1475
3118,ramiaace,98783554,1475
3119,Arashikage,84087437,1475
3120,GeekGirlGrace,94565170,1475
3121,alinna621,98081023,1475
3122,Sealseal,85073848,1474
3123,Burgos,85044413,1474
3124,Time machine 1991,96983350,1474
3125,LaPukanDeBombi,98570105,1474
3126,beikeqinshou,84486675,1474
3127,Hugg Tra,95386970,1474
3128,jbg442,96341046,1474
3129,tttomleung,84240656,1473
3130,babagrinch,95348808,1473
3131,TXC Surprise,95349252,1473
3132,zerel21,91441444,1473
3133,LuoXuHui,92334403,1472
3134,DEFCON5,97594003,1472
3135,inside_number_9,97393789,1472
3136,KillaaMax,98124068,1472
3137,saibottsag,86439802,1472
3138,MehdiJavani,98461932,1472
3139,lorelia,84630349,1472
3140,207747141,97068179,1472
3141,micusilver,97610630,1472
3142,Bertrand_,85531270,1471
3143,haneul-so,84060632,1471
3144,blacjack64,92708562,1471
3145,litchi060710224,96729494,1471
3146,XERO1,13125563,1471
3147,horarp,85027484,1471
3148,ASAP828282,94538373,1471
3149,thewrewkcs,93190494,1471
3150,antiprogrammer,97081531,1471
3151,Countercurrent fish,96196158,1471
3152,dearever11,97679952,1470
3153,suo2001,96731154,1470
3154,friendly-jellyfis280,97757702,1470
3155,Rojaz,85220751,1469
3156,heg964,97677068,1469
3157,Crazybo,96011113,1469
3158,msnman25,97582273,1469
3159,Rozqobets2,94354988,1469
3160,supermarioover,98269989,1469
3161,Miledy,85173910,1469
3162,moonmor_,94436719,1469
3163,Timote24,96485982,1469
3164,Lauta,92904261,1468
3165,Lynch_vikki,97397474,1468
3166,LEEJS99,90672566,1468
3167,Devotion,84018089,1468
3168,bewared,95105870,1467
3169,JeSuisMatt,89366854,1467
3170,Tsunachev,96990979,1467
3171,sjosteiner,95685916,1467
3172,jfw200,96666956,1467
3173,m4irintadenise303,98521845,1466
3174,yaoguoJZ,92479360,1466
3175,Tazdr,87682348,1466
3176,yongqidon2393,98245499,1466
3177,cherry017,96573269,1466
3178,AutComeSerendipity,98410089,1465
3179,oldfanold,96636150,1465
3180,Jas1024567,96054077,1465
3181,jimbojimjim,94240387,1465
3182,gfizdek,84581673,1464
3183,lopatta,4422464,1464
3184,moanammm,96700464,1464
3185,NDIrishGuy99,95213175,1464
3186,BakaDays,96539283,1463
3187,makasi1978,92354310,1463
3188,Revan206,86172086,1463
3189,crf88,84406029,1463
3190,LudiFred44,85649701,1462
3191,Elvisko,92255531,1462
3192,ylang824,95753189,1462
3193,naivescrooge,97772588,1462
3194,wwtaiqfj,95654253,1461
3195,1992clement,95021506,1461
3196,nondead,94337858,1461
3197,Disarli,91780249,1461
3198,Miisha77,93942476,1461
3199,chisa_fan,98161375,1461
3200,aiyou123,95239161,1461
3201,abonwhiskas,95883292,1460
3202,HikariMM,93727168,1460
3203,BoyuLBY,95613852,1460
3204,NJUnameless,89919767,1460
3205,provokinggg,95689355,1460
3206,Arlya955,92593586,1460
3207,Angry_huaji,97553867,1460
3208,plrbr,98051582,1459
3209,NicoNico_8,95644779,1459
3210,badbard76,96825795,1459
3211,Browserverlaufen,98354937,1458
3212,nan,84740779,1458
3213,LegendofEric,98335026,1458
3214,ShangXY,96057258,1458
3215,ocollard,86867845,1457
3216,amadeux,83927021,1457
3217,Simon_0ne,92542635,1457
3218,YapzOr,96973361,1457
3219,FreeedPig,83870148,1456
3220,jimmy_naoki,94752615,1456
3221,Jeandwich,85417007,1456
3222,SeppoKepponen,95104087,1456
3223,s384102104,97674656,1455
3224,ArkadiiP,97550838,1455
3225,XxLöfflerxX,96388672,1455
3226,Tinchodin,85040524,1455
3227,onoitsyou,95609093,1455
3228,RhinoBro,95619157,1454
3229,florentleopard,97766690,1454
3230,WesleyLiu,98461480,1454
3231,The Bag Inn,95247425,1454
3232,pddk1,93170253,1453
3233,PandaStride,97552671,1453
3234,shutzy,92223791,1453
3235,RomeDubbs,96363014,1453
3236,A9da9m,94963615,1453
3237,ptzhk,89212666,1453
3238,CrianTin,97616762,1453
3239,Tonalt,90102940,1453
3240,lovesunshinee,89975565,1452
3241,Kronsteen97,95508613,1452
3242,diudiu123,96751910,1452
3243,rayyaha,96286824,1451
3244,cysrabbit,90032150,1451
3245,psippola,89716747,1451
3246,Dominionator92,86814225,1451
3247,Shelly13,85258151,1451
3248,joker-jake,97067279,1451
3249,SA_Edge,96160549,1451
3250,Sunshine UU,97693115,1450
3251,khesha,94698623,1450
3252,cielo_y_nubes,95714703,1450
3253,chendoubt,94401855,1450
3254,BBuRingCheesebal,91180395,1450
3255,rastko,83923321,1449
3256,Risneyrc,94680049,1449
3257,KG Ice,87855660,1449
3258,Bummsus,92772368,1449
3259,2471700546,97299647,1449
3260,thinlink,95624299,1448
3261,karpoozer_gorilla,97064206,1447
3262,ioesa,95041562,1447
3263,Wsxy behappy,95394857,1447
3264,saouldure,89319747,1447
3265,lyizh,98549713,1447
3266,Ithkol,83854444,1447
3267,k4r,44186487,1446
3268,Zichang,95429320,1446
3269,SGo23,87309025,1446
3270,zalarg,29674631,1446
3271,Warwickstar,85335051,1446
3272,cokoyo1027,93342130,1446
3273,Lin_lindaa,97771078,1445
3274,Lgtmvlnc,94444347,1445
3275,jjcool2,95594315,1445
3276,VeniVidiLusi,97423614,1444
3277,bunnyjuice,84080571,1444
3278,kenewbee,95504757,1444
3279,rakass,95298696,1444
3280,Aka9527,97130600,1443
3281,EJ_____,97829048,1443
3282,rin yu tao,93086752,1443
3283,GoldenSea,94849099,1442
3284,1768601249,98352351,1442
3285,vldkm,96162472,1442
3286,health_boy,95248945,1442
3287,cavalent2,96085488,1441
3288,Dragoonwildfire,95462968,1441
3289,yueyiiiing,98322710,1441
3290,Sönke1189,90705908,1441
3291,Subbak,91298192,1441
3292,spyramida,97959800,1440
3293,chikunla,91412937,1440
3294,madsovich,95112503,1440
3295,mahakasyapa,94625109,1440
3296,liphao99,98523115,1440
3297,MRc2024,94194968,1440
3298,lynhhy,97202314,1440
3299,dinokat,89095716,1439
3300,mulqmook,85968997,1439
3301,bbodung2,94380201,1439
3302,QKN,93387016,1438
3303,Nouko_,96631065,1438
3304,dinonino1,94773985,1438
3305,ThomasAnsbjerg,95782958,1438
3306,d3g0r,98180201,1438
3307,Bestest04,95762833,1438
3308,4zuredrake,84639472,1438
3309,Benguino,92293848,1437
3310,jfbus,94841914,1437
3311,ButterflyIntheOven,92461868,1437
3312,Royalde,96889882,1436
3313,XDCRichard,97506018,1436
3314,Selky Rose,98005356,1435
3315,fxxys,87707299,1435
3316,asiagrubas,84333449,1435
3317,yoelizsak42,98806100,1434
3318,Taurus_GG,97187480,1433
3319,ssssssszyyyy,91863459,1433
3320,Mr_pmon,92080011,1433
3321,yoshikuru,86162000,1433
3322,gebsiu,98140075,1433
3323,MingleGino,89244937,1433
3324,Tiamat21,98023174,1432
3325,ARKnovaa,96054963,1432
3326,xiaoyupwww,95440477,1431
3327,Ban1rA,92886850,1431
3328,FancyNancyPepcy,94085203,1430
3329,GG Capu,96877563,1430
3330,melpomenni,95326469,1429
3331,PontusQM,91997048,1429
3332,d0beye,96222111,1429
3333,wdragonfly,98321355,1429
3334,XDragoner,96535476,1428
3335,samallgrey,95141509,1428
3336,koboldyyz,95188268,1427
3337,RentonRaider,95237627,1427
3338,AngelGG93,94673649,1427
3339,sweet-manatee278,97658814,1427
3340,Ljunlgle,88828472,1427
3341,BitterLemonCurry,84551583,1426
3342,Mugway,85729147,1426
3343,arsss85,84791912,1426
3344,echezeaux_noir,91578991,1425
3345,rinse99,93713716,1425
3346,tpn734,98588390,1425
3347,coha97042,92741626,1425
3348,SerenaYHung,91646546,1424
3349,Tine1802,95115048,1424
3350,inte,84278765,1423
3351,fcc6160913,98278748,1423
3352,MarsMonger,91734600,1422
3353,shmilytyz,96417368,1421
3354,KimOSung,92646503,1421
3355,Yutena,95270640,1421
3356,wassernixe,94426971,1420
3357,aszi21,88103921,1420
3358,Flinky1,93149448,1420
3359,Assainn,91519620,1420
3360,JazzK83,94894271,1419
3361,KasuganoKinne-Re,97553041,1419
3362,xnu,85218294,1419
3363,bobish33,2781842,1418
3364,9140,92483108,1417
3365,FloWitt,87938673,1417
3366,Gaborpapa,94676053,1417
3367,hadvig,91723786,1416
3368,sinamu99,90884920,1416
3369,408340908,97631244,1415
3370,legoisimp,97237201,1415
3371,RS_knedlik,86393167,1415
3372,PilouPaquis,95837682,1414
3373,DavidBadalona,63441048,1413
3374,CH-Gregor_CH,98671416,1413
3375,hyc_gamer,96874554,1412
3376,Edgrois,92502974,1412
3377,Shim Shady,95705723,1412
3378,jansen241991,97570187,1412
3379,21stMoonlight,96419552,1411
3380,Dreyfuss12,89098500,1411
3381,diluvien,91764064,1410
3382,Traconis,89523908,1410
3383,sanellebasi,85823307,1409
3384,kazusanosuke0823,91111767,1409
3385,tvu560,98428010,1409
3386,frischesVeltins,93024653,1408
3387,Fujibakama,90624269,1408
3388,AyJay02,98646196,1406
3389,thetiger08,94266888,1406
3390,XiaoHaii,94445018,1406
3391,Cloud9apartments,98245925,1405
3392,Biberbacke,94798983,1405
3393,LINKFAN,97267576,1405
3394,dsc311,17329922,1405
3395,NOTHING19999,94739149,1404
3396,legozu,92398683,1404
3397,502849625,97885411,1404
3398,Claude826,93699352,1403
3399,dndtester,91550757,1403
3400,newssss,97929911,1402
3401,iwantmykfc,95358296,1402
3402,Kasho42,97252069,1402
3403,xsxd001,91407453,1401
3404,willianmonta73,95422061,1401
3405,NahThatAintIt,98398547,1399
3406,firesoul-_-,96602077,1398
3407,raminshs,85407258,1398
3408,ZHY_yy,97317703,1398
3409,leonling,95991232,1397
3410,LP041,94330943,1397
3411,jegi,14902696,1396
3412,jda520,96566779,1395
3413,shawn_ywy,98263732,1393
3414,suny03ua,88616973,1393
3415,ChitHappens,96031485,1390
3416,Pa3k27,91402757,1389
3417,SantiHM23,86182289,1389
3418,zkc306,98542848,1388
3419,tak0108,92897959,1387
3420,shladonkus,95548668,1387
3421,jasonberrier2024,97273373,1387
3422,Elsiecd,94700635,1384
3423,greathaakonnehring95,97619113,1384
3424,StevoidNZ,85855652,1384
3425,dimdoomm,87630706,1382
3426,urnotwrong,96183543,1381
3427,reidbusiness421,97924357,1381
3428,Pexxagon,95156866,1381
3429,Kingho,38270161,1381
3430,kushmorypyco,98665616,1380
3431,Guodong-,93058981,1380
3432,gonzoalfonzo,94800353,1380
3433,unorderedmap,91056246,1379
3434,JasiekPrawdziwy,84391133,1378
3435,eager-giraffe72,98469988,1378
3436,Piierluck,96434977,1377
3437,marz182,94875781,1377
3438,Benjamin Hau,94591111,1377
3439,Pedrolino,87311416,1376
3440,Jagarion,93448295,1375
3441,B0llehenk,87437016,1375
3442,Boeno,87838962,1375
3443,DrewWilliams9,91062393,1375
3444,yellowkit,90647113,1375
3445,BlumeJune,96525700,1372
3446,13resi,94573483,1371
3447,swolpoll,90330864,1371
3448,BookSavvyKat,92320263,1371
3449,Claymer94,94595899,1370
3450,BlueSteel,35702251,1367
3451,xiaotingzzz,97988114,1367
3452,MiaoMM,98424564,1366
3453,Alexia507,91247520,1365
3454,otokim,85131185,1365
3455,Carotabal,98087273,1364
3456,Kaffeefilter,94648397,1363
3457,GiorgioZ,87762815,1363
3458,goldinthemhills,84524615,1362
3459,Dadyny,94183948,1362
3460,LoopingLuii,94953699,1362
3461,Gilgameshzero,92478873,1361
3462,G0dOfTheCloud,95624024,1360
3463,ZzoldlerzZ,92420360,1359
3464,Boomshanka247,97217297,1359
3465,Yong17Lin,98431786,1358
3466,3235396383,97713326,1357
3467,tjr_y,86210115,1356
3468,xiaowang06,97778945,1356
3469,abhinav112,93056110,1356
3470,SirCouchPotato12,95481035,1356
3471,justamjd,95826739,1355
3472,uloHgg,93981965,1355
3473,fayss38,93685321,1354
3474,Bvaughny,86475366,1353
3475,adgeyDApagey,95085438,1352
3476,Martin_49,94077727,1350
3477,GTM20,97128633,1348
3478,AaaaaaaaRrTtttt,94682844,1346
3479,adamdynris,17358,1345
3480,Esnarri,83997138,1345
3481,ahe8,97161621,1344
3482,Bogweasel,16722063,1343
3483,winter Dates,96480422,1343
3484,friendly-llama996,98750278,1343
3485,EmpLeviathan,93755876,1342
3486,dajacra,73980203,1340
3487,arajago6,85462975,1339
3488,incabulas,93134204,1339
3489,Gakata,94459454,1338
3490,SbabbaroX,85460172,1338
3491,emirinsuki,92902496,1337
3492,angry bean,61053940,1337
3493,AGamehasnoName,95108461,1336
3494,476363086,96944331,1334
3495,kacangpanjang,88252041,1334
3496,dotul,90956449,1333
3497,denisnathanael26,97210978,1332
3498,Polavski,93117249,1332
3499,ThorgrimThunder,83907724,1332
3500,Yoo365,98959943,1328
3501,red123456lt,94482876,1325
3502,Yarina-Z,97041109,1325
3503,Kbryen,91398569,1323
3504,Fiffoos,91493453,1322
3505,Fully,13214358,1318
3506,baguettebetch,94789513,1315
3507,Boloche,84675702,1312
3508,mulsaem,93532261,1311
3509,Jiji9625,95559612,1310
3510,cfdz,91838795,1301
3511,willou76,94346000,1297
3512,Elkadain,95460841,1287
3513,Thundra Ghost,85748985,1281
3514,kabo_summer,87615766,1267
3515,dragonfly007,95401617,1265
3516,Kugelblitz,95179881,1258
3517,Hochdahler,87052463,1257
3518,noobboardgamer,85550510,1255
3519,Treasure chenxi,95689188,1251
3520,zjms,94489205,1233
3521,braindamaged99,95559390,1221
3522,frankg_212,94635069,1210